noisy_path,clean_path,noise_type,bucket,snr_db,split
data/processed/train/1462-170142-0025__1-76831-A-42__neg5db__noisy.wav,data/processed/train/1462-170142-0025__1-76831-A-42__neg5db__clean.wav,1-76831-A-42,stationary,-5,train
data/processed/train/2428-83699-0029__4-165791-B-45__0db__noisy.wav,data/processed/train/2428-83699-0029__4-165791-B-45__0db__clean.wav,4-165791-B-45,stationary,0,train
data/processed/train/7850-286674-0009__5-185579-A-41__0db__noisy.wav,data/processed/train/7850-286674-0009__5-185579-A-41__0db__clean.wav,5-185579-A-41,stationary,0,train
data/processed/train/1272-135031-0016__1-53467-A-47__5db__noisy.wav,data/processed/train/1272-135031-0016__1-53467-A-47__5db__clean.wav,1-53467-A-47,stationary,5,train
data/processed/train/777-126732-0072__1-25777-A-48__10db__noisy.wav,data/processed/train/777-126732-0072__1-25777-A-48__10db__clean.wav,1-25777-A-48,impulsive,10,train
data/processed/train/5694-64025-0012__4-119647-A-48__0db__noisy.wav,data/processed/train/5694-64025-0012__4-119647-A-48__0db__clean.wav,4-119647-A-48,impulsive,0,train
data/processed/train/1272-128104-0004__4-178881-A-45__neg5db__noisy.wav,data/processed/train/1272-128104-0004__4-178881-A-45__neg5db__clean.wav,4-178881-A-45,stationary,-5,train
data/processed/train/1993-147964-0006__4-165823-B-41__neg5db__noisy.wav,data/processed/train/1993-147964-0006__4-165823-B-41__neg5db__clean.wav,4-165823-B-41,stationary,-5,train
data/processed/train/8297-275155-0029__4-165606-A-45__5db__noisy.wav,data/processed/train/8297-275155-0029__4-165606-A-45__5db__clean.wav,4-165606-A-45,stationary,5,train
data/processed/train/3170-137482-0024__1-19898-B-41__5db__noisy.wav,data/processed/train/3170-137482-0024__1-19898-B-41__5db__clean.wav,1-19898-B-41,stationary,5,train
data/processed/train/84-121550-0004__1-31482-B-42__neg5db__noisy.wav,data/processed/train/84-121550-0004__1-31482-B-42__neg5db__clean.wav,1-31482-B-42,stationary,-5,train
data/processed/train/251-137823-0021__1-181071-B-40__0db__noisy.wav,data/processed/train/251-137823-0021__1-181071-B-40__0db__clean.wav,1-181071-B-40,stationary,0,train
data/processed/train/3170-137482-0048__1-76831-C-42__0db__noisy.wav,data/processed/train/3170-137482-0048__1-76831-C-42__0db__clean.wav,1-76831-C-42,stationary,0,train
data/processed/train/7850-281318-0000__0__neg5db__noisy.wav,data/processed/train/7850-281318-0000__0__neg5db__clean.wav,0,stationary,-5,train
data/processed/train/1462-170145-0007__3-159445-A-45__5db__noisy.wav,data/processed/train/1462-170145-0007__3-159445-A-45__5db__clean.wav,3-159445-A-45,stationary,5,train
data/processed/train/1272-141231-0007__3-128160-A-44__neg5db__noisy.wav,data/processed/train/1272-141231-0007__3-128160-A-44__neg5db__clean.wav,3-128160-A-44,stationary,-5,train
data/processed/train/5694-64029-0022__2-106015-B-44__0db__noisy.wav,data/processed/train/5694-64029-0022__2-106015-B-44__0db__clean.wav,2-106015-B-44,stationary,0,train
data/processed/train/1993-147965-0006__2-117615-D-48__10db__noisy.wav,data/processed/train/1993-147965-0006__2-117615-D-48__10db__clean.wav,2-117615-D-48,impulsive,10,train
data/processed/train/652-130726-0028__5-215445-A-47__neg5db__noisy.wav,data/processed/train/652-130726-0028__5-215445-A-47__neg5db__clean.wav,5-215445-A-47,stationary,-5,train
data/processed/train/7850-286674-0000__3-118657-A-41__neg5db__noisy.wav,data/processed/train/7850-286674-0000__3-118657-A-41__neg5db__clean.wav,3-118657-A-41,stationary,-5,train
data/processed/train/1988-24833-0019__3-62878-A-42__neg5db__noisy.wav,data/processed/train/1988-24833-0019__3-62878-A-42__neg5db__clean.wav,3-62878-A-42,stationary,-5,train
data/processed/train/5895-34622-0004__5-215445-A-47__neg5db__noisy.wav,data/processed/train/5895-34622-0004__5-215445-A-47__neg5db__clean.wav,5-215445-A-47,stationary,-5,train
data/processed/train/5895-34622-0000__1-50455-A-44__5db__noisy.wav,data/processed/train/5895-34622-0000__1-50455-A-44__5db__clean.wav,1-50455-A-44,stationary,5,train
data/processed/train/8297-275155-0032__2-50668-B-41__5db__noisy.wav,data/processed/train/8297-275155-0032__2-50668-B-41__5db__clean.wav,2-50668-B-41,stationary,5,train
data/processed/train/777-126732-0061__3-135650-A-45__5db__noisy.wav,data/processed/train/777-126732-0061__3-135650-A-45__5db__clean.wav,3-135650-A-45,stationary,5,train
data/processed/train/2078-142845-0032__3-58772-A-42__neg5db__noisy.wav,data/processed/train/2078-142845-0032__3-58772-A-42__neg5db__clean.wav,3-58772-A-42,stationary,-5,train
data/processed/train/3081-166546-0000__3-68630-A-40__5db__noisy.wav,data/processed/train/3081-166546-0000__3-68630-A-40__5db__clean.wav,3-68630-A-40,stationary,5,train
data/processed/train/7850-73752-0016__4-161579-B-40__neg5db__noisy.wav,data/processed/train/7850-73752-0016__4-161579-B-40__neg5db__clean.wav,4-161579-B-40,stationary,-5,train
data/processed/train/1462-170145-0001__4-161099-A-47__0db__noisy.wav,data/processed/train/1462-170145-0001__4-161099-A-47__0db__clean.wav,4-161099-A-47,stationary,0,train
data/processed/train/3536-23268-0002__3-128512-B-47__5db__noisy.wav,data/processed/train/3536-23268-0002__3-128512-B-47__5db__clean.wav,3-128512-B-47,stationary,5,train
data/processed/train/3536-23268-0009__4-161579-B-40__0db__noisy.wav,data/processed/train/3536-23268-0009__4-161579-B-40__0db__clean.wav,4-161579-B-40,stationary,0,train
data/processed/train/7850-281318-0011__3-118972-B-41__0db__noisy.wav,data/processed/train/7850-281318-0011__3-118972-B-41__0db__clean.wav,3-118972-B-41,stationary,0,train
data/processed/train/1462-170142-0007__3-128160-A-44__10db__noisy.wav,data/processed/train/1462-170142-0007__3-128160-A-44__10db__clean.wav,3-128160-A-44,stationary,10,train
data/processed/train/7850-281318-0016__2-77945-B-41__5db__noisy.wav,data/processed/train/7850-281318-0016__2-77945-B-41__5db__clean.wav,2-77945-B-41,stationary,5,train
data/processed/train/2035-147961-0003__2-78799-A-47__5db__noisy.wav,data/processed/train/2035-147961-0003__2-78799-A-47__5db__clean.wav,2-78799-A-47,stationary,5,train
data/processed/train/777-126732-0049__2-98866-A-47__10db__noisy.wav,data/processed/train/777-126732-0049__2-98866-A-47__10db__clean.wav,2-98866-A-47,stationary,10,train
data/processed/train/6295-244435-0021__2-74361-A-47__neg5db__noisy.wav,data/processed/train/6295-244435-0021__2-74361-A-47__neg5db__clean.wav,2-74361-A-47,stationary,-5,train
data/processed/train/2803-161169-0015__2-262579-A-45__0db__noisy.wav,data/processed/train/2803-161169-0015__2-262579-A-45__0db__clean.wav,2-262579-A-45,stationary,0,train
data/processed/train/8842-302201-0000__4-193480-A-40__0db__noisy.wav,data/processed/train/8842-302201-0000__4-193480-A-40__0db__clean.wav,4-193480-A-40,stationary,0,train
data/processed/train/2428-83699-0027__1-43807-A-47__10db__noisy.wav,data/processed/train/2428-83699-0027__1-43807-A-47__10db__clean.wav,1-43807-A-47,stationary,10,train
data/processed/train/5694-64029-0007__2-160888-A-47__10db__noisy.wav,data/processed/train/5694-64029-0007__2-160888-A-47__10db__clean.wav,2-160888-A-47,stationary,10,train
data/processed/train/5694-64029-0021__2-70936-A-42__5db__noisy.wav,data/processed/train/5694-64029-0021__2-70936-A-42__5db__clean.wav,2-70936-A-42,stationary,5,train
data/processed/train/8297-275154-0001__3-128512-B-47__neg5db__noisy.wav,data/processed/train/8297-275154-0001__3-128512-B-47__neg5db__clean.wav,3-128512-B-47,stationary,-5,train
data/processed/train/1673-143396-0008__4-193480-B-40__10db__noisy.wav,data/processed/train/1673-143396-0008__4-193480-B-40__10db__clean.wav,4-193480-B-40,stationary,10,train
data/processed/train/1993-147149-0020__3-118972-A-41__0db__noisy.wav,data/processed/train/1993-147149-0020__3-118972-A-41__0db__clean.wav,3-118972-A-41,stationary,0,train
data/processed/train/5895-34622-0000__3-150979-B-40__0db__noisy.wav,data/processed/train/5895-34622-0000__3-150979-B-40__0db__clean.wav,3-150979-B-40,stationary,0,train
data/processed/train/1272-141231-0011__1-54065-B-45__neg5db__noisy.wav,data/processed/train/1272-141231-0011__1-54065-B-45__neg5db__clean.wav,1-54065-B-45,stationary,-5,train
data/processed/train/3853-163249-0043__5-160614-H-48__0db__noisy.wav,data/processed/train/3853-163249-0043__5-160614-H-48__0db__clean.wav,5-160614-H-48,impulsive,0,train
data/processed/train/3576-138058-0032__3-146186-A-44__10db__noisy.wav,data/processed/train/3576-138058-0032__3-146186-A-44__10db__clean.wav,3-146186-A-44,stationary,10,train
data/processed/train/1988-24833-0009__5-160614-G-48__5db__noisy.wav,data/processed/train/1988-24833-0009__5-160614-G-48__5db__clean.wav,5-160614-G-48,impulsive,5,train
data/processed/train/3170-137482-0027__2-37806-C-40__5db__noisy.wav,data/processed/train/3170-137482-0027__2-37806-C-40__5db__clean.wav,2-37806-C-40,stationary,5,train
data/processed/train/2035-147961-0033__2-50668-B-41__0db__noisy.wav,data/processed/train/2035-147961-0033__2-50668-B-41__0db__clean.wav,2-50668-B-41,stationary,0,train
data/processed/train/1988-147956-0019__3-118656-A-41__neg5db__noisy.wav,data/processed/train/1988-147956-0019__3-118656-A-41__neg5db__clean.wav,3-118656-A-41,stationary,-5,train
data/processed/train/1462-170145-0011__1-160563-B-48__0db__noisy.wav,data/processed/train/1462-170145-0011__1-160563-B-48__0db__clean.wav,1-160563-B-48,impulsive,0,train
data/processed/train/3576-138058-0023__4-165606-A-45__neg5db__noisy.wav,data/processed/train/3576-138058-0023__4-165606-A-45__neg5db__clean.wav,4-165606-A-45,stationary,-5,train
data/processed/train/777-126732-0012__3-118657-A-41__10db__noisy.wav,data/processed/train/777-126732-0012__3-118657-A-41__10db__clean.wav,3-118657-A-41,stationary,10,train
data/processed/train/3170-137482-0033__5-177957-D-40__0db__noisy.wav,data/processed/train/3170-137482-0033__5-177957-D-40__0db__clean.wav,5-177957-D-40,stationary,0,train
data/processed/train/251-136532-0004__5-117122-A-42__0db__noisy.wav,data/processed/train/251-136532-0004__5-117122-A-42__0db__clean.wav,5-117122-A-42,stationary,0,train
data/processed/train/777-126732-0063__3-115387-C-47__10db__noisy.wav,data/processed/train/777-126732-0063__3-115387-C-47__10db__clean.wav,3-115387-C-47,stationary,10,train
data/processed/train/7850-73752-0007__5-133989-B-42__10db__noisy.wav,data/processed/train/7850-73752-0007__5-133989-B-42__10db__clean.wav,5-133989-B-42,stationary,10,train
data/processed/train/1462-170145-0012__5-133989-A-42__5db__noisy.wav,data/processed/train/1462-170145-0012__5-133989-A-42__5db__clean.wav,5-133989-A-42,stationary,5,train
data/processed/train/3000-15664-0030__1 (2)__10db__noisy.wav,data/processed/train/3000-15664-0030__1 (2)__10db__clean.wav,1 (2),impulsive,10,train
data/processed/train/6319-64726-0015__5-243773-A-44__neg5db__noisy.wav,data/processed/train/6319-64726-0015__5-243773-A-44__neg5db__clean.wav,5-243773-A-44,stationary,-5,train
data/processed/train/3853-163249-0018__3-150979-A-40__10db__noisy.wav,data/processed/train/3853-163249-0018__3-150979-A-40__10db__clean.wav,3-150979-A-40,stationary,10,train
data/processed/train/6295-244435-0033__2-117615-A-48__neg5db__noisy.wav,data/processed/train/6295-244435-0033__2-117615-A-48__neg5db__clean.wav,2-117615-A-48,impulsive,-5,train
data/processed/train/5694-64038-0025__4-102871-A-42__5db__noisy.wav,data/processed/train/5694-64038-0025__4-102871-A-42__5db__clean.wav,4-102871-A-42,stationary,5,train
data/processed/train/8842-304647-0003__6__0db__noisy.wav,data/processed/train/8842-304647-0003__6__0db__clean.wav,6,impulsive,0,train
data/processed/train/8842-302196-0006__1-43807-B-47__neg5db__noisy.wav,data/processed/train/8842-302196-0006__1-43807-B-47__neg5db__clean.wav,1-43807-B-47,stationary,-5,train
data/processed/train/8297-275155-0026__1-160563-B-48__neg5db__noisy.wav,data/processed/train/8297-275155-0026__1-160563-B-48__neg5db__clean.wav,1-160563-B-48,impulsive,-5,train
data/processed/train/2428-83705-0032__1-36929-A-47__10db__noisy.wav,data/processed/train/2428-83705-0032__1-36929-A-47__10db__clean.wav,1-36929-A-47,stationary,10,train
data/processed/train/3081-166546-0028__2-77945-B-41__10db__noisy.wav,data/processed/train/3081-166546-0028__2-77945-B-41__10db__clean.wav,2-77945-B-41,stationary,10,train
data/processed/train/6295-64301-0024__3-119455-A-44__10db__noisy.wav,data/processed/train/6295-64301-0024__3-119455-A-44__10db__clean.wav,3-119455-A-44,stationary,10,train
data/processed/train/652-130737-0009__2-43806-A-42__0db__noisy.wav,data/processed/train/652-130737-0009__2-43806-A-42__0db__clean.wav,2-43806-A-42,stationary,0,train
data/processed/train/2902-9008-0001__5-160614-A-48__5db__noisy.wav,data/processed/train/2902-9008-0001__5-160614-A-48__5db__clean.wav,5-160614-A-48,impulsive,5,train
data/processed/train/6319-64726-0009__4-193480-B-40__0db__noisy.wav,data/processed/train/6319-64726-0009__4-193480-B-40__0db__clean.wav,4-193480-B-40,stationary,0,train
data/processed/train/777-126732-0047__3-150979-B-40__neg5db__noisy.wav,data/processed/train/777-126732-0047__3-150979-B-40__neg5db__clean.wav,3-150979-B-40,stationary,-5,train
data/processed/train/3000-15664-0028__1-62509-A-45__neg5db__noisy.wav,data/processed/train/3000-15664-0028__1-62509-A-45__neg5db__clean.wav,1-62509-A-45,stationary,-5,train
data/processed/train/2035-147961-0016__5-232272-A-44__neg5db__noisy.wav,data/processed/train/2035-147961-0016__5-232272-A-44__neg5db__clean.wav,5-232272-A-44,stationary,-5,train
data/processed/train/1462-170138-0026__5-185579-B-41__0db__noisy.wav,data/processed/train/1462-170138-0026__5-185579-B-41__0db__clean.wav,5-185579-B-41,stationary,0,train
data/processed/train/1993-147149-0023__4-119647-D-48__10db__noisy.wav,data/processed/train/1993-147149-0023__4-119647-D-48__10db__clean.wav,4-119647-D-48,impulsive,10,train
data/processed/train/3081-166546-0066__3-251617-A-48__0db__noisy.wav,data/processed/train/3081-166546-0066__3-251617-A-48__0db__clean.wav,3-251617-A-48,impulsive,0,train
data/processed/train/1462-170138-0008__3-51731-A-42__5db__noisy.wav,data/processed/train/1462-170138-0008__3-51731-A-42__5db__clean.wav,3-51731-A-42,stationary,5,train
data/processed/train/251-136532-0011__3-119120-C-48__5db__noisy.wav,data/processed/train/251-136532-0011__3-119120-C-48__5db__clean.wav,3-119120-C-48,impulsive,5,train
data/processed/train/8297-275155-0006__0__5db__noisy.wav,data/processed/train/8297-275155-0006__0__5db__clean.wav,0,stationary,5,train
data/processed/train/2803-154328-0013__1-50454-A-44__5db__noisy.wav,data/processed/train/2803-154328-0013__1-50454-A-44__5db__clean.wav,1-50454-A-44,stationary,5,train
data/processed/train/7850-73752-0008__2-78799-A-47__5db__noisy.wav,data/processed/train/7850-73752-0008__2-78799-A-47__5db__clean.wav,2-78799-A-47,stationary,5,train
data/processed/train/777-126732-0071__5-199284-B-45__5db__noisy.wav,data/processed/train/777-126732-0071__5-199284-B-45__5db__clean.wav,5-199284-B-45,stationary,5,train
data/processed/train/1673-143397-0009__3-118656-A-41__5db__noisy.wav,data/processed/train/1673-143397-0009__3-118656-A-41__5db__clean.wav,3-118656-A-41,stationary,5,train
data/processed/train/3000-15664-0032__4-161100-A-47__neg5db__noisy.wav,data/processed/train/3000-15664-0032__4-161100-A-47__neg5db__clean.wav,4-161100-A-47,stationary,-5,train
data/processed/train/1988-24833-0019__3-150979-A-40__5db__noisy.wav,data/processed/train/1988-24833-0019__3-150979-A-40__5db__clean.wav,3-150979-A-40,stationary,5,train
data/processed/train/5895-34622-0004__4-161105-B-47__5db__noisy.wav,data/processed/train/5895-34622-0004__4-161105-B-47__5db__clean.wav,4-161105-B-47,stationary,5,train
data/processed/train/7850-111771-0005__0__10db__noisy.wav,data/processed/train/7850-111771-0005__0__10db__clean.wav,0,stationary,10,train
data/processed/train/3576-138058-0023__1-76831-D-42__10db__noisy.wav,data/processed/train/3576-138058-0023__1-76831-D-42__10db__clean.wav,1-76831-D-42,stationary,10,train
data/processed/train/84-121123-0011__4-168446-A-45__0db__noisy.wav,data/processed/train/84-121123-0011__4-168446-A-45__0db__clean.wav,4-168446-A-45,stationary,0,train
data/processed/train/1462-170145-0009__1-50455-A-44__0db__noisy.wav,data/processed/train/1462-170145-0009__1-50455-A-44__0db__clean.wav,1-50455-A-44,stationary,0,train
data/processed/train/8297-275155-0028__2-50668-B-41__5db__noisy.wav,data/processed/train/8297-275155-0028__2-50668-B-41__5db__clean.wav,2-50668-B-41,stationary,5,train
data/processed/train/6319-275224-0012__2-98866-A-47__10db__noisy.wav,data/processed/train/6319-275224-0012__2-98866-A-47__10db__clean.wav,2-98866-A-47,stationary,10,train
data/processed/train/84-121550-0035__3-115387-B-47__neg5db__noisy.wav,data/processed/train/84-121550-0035__3-115387-B-47__neg5db__clean.wav,3-115387-B-47,stationary,-5,train
data/processed/train/422-122949-0004__1-43807-B-47__0db__noisy.wav,data/processed/train/422-122949-0004__1-43807-B-47__0db__clean.wav,1-43807-B-47,stationary,0,train
data/processed/train/1462-170142-0020__4-165845-A-45__neg5db__noisy.wav,data/processed/train/1462-170142-0020__4-165845-A-45__neg5db__clean.wav,4-165845-A-45,stationary,-5,train
data/processed/train/84-121123-0016__5-198600-A-45__5db__noisy.wav,data/processed/train/84-121123-0016__5-198600-A-45__5db__clean.wav,5-198600-A-45,stationary,5,train
data/processed/train/2803-154328-0023__1-62509-A-45__neg5db__noisy.wav,data/processed/train/2803-154328-0023__1-62509-A-45__neg5db__clean.wav,1-62509-A-45,stationary,-5,train
data/processed/train/3853-163249-0028__4-149294-B-41__5db__noisy.wav,data/processed/train/3853-163249-0028__4-149294-B-41__5db__clean.wav,4-149294-B-41,stationary,5,train
data/processed/train/422-122949-0006__1-76831-C-42__0db__noisy.wav,data/processed/train/422-122949-0006__1-76831-C-42__0db__clean.wav,1-76831-C-42,stationary,0,train
data/processed/train/6319-64726-0015__5-251971-A-47__5db__noisy.wav,data/processed/train/6319-64726-0015__5-251971-A-47__5db__clean.wav,5-251971-A-47,stationary,5,train
data/processed/train/7850-281318-0012__4-119647-C-48__neg5db__noisy.wav,data/processed/train/7850-281318-0012__4-119647-C-48__neg5db__clean.wav,4-119647-C-48,impulsive,-5,train
data/processed/train/8842-304647-0000__5-251971-A-47__neg5db__noisy.wav,data/processed/train/8842-304647-0000__5-251971-A-47__neg5db__clean.wav,5-251971-A-47,stationary,-5,train
data/processed/train/3170-137482-0001__2-70938-A-42__0db__noisy.wav,data/processed/train/3170-137482-0001__2-70938-A-42__0db__clean.wav,2-70938-A-42,stationary,0,train
data/processed/train/2803-161169-0010__5-215445-A-47__0db__noisy.wav,data/processed/train/2803-161169-0010__5-215445-A-47__0db__clean.wav,5-215445-A-47,stationary,0,train
data/processed/train/5895-34629-0027__3-62878-B-42__neg5db__noisy.wav,data/processed/train/5895-34629-0027__3-62878-B-42__neg5db__clean.wav,3-62878-B-42,stationary,-5,train
data/processed/train/3853-163249-0033__4-186935-A-44__5db__noisy.wav,data/processed/train/3853-163249-0033__4-186935-A-44__5db__clean.wav,4-186935-A-44,stationary,5,train
data/processed/train/2078-142845-0004__10__0db__noisy.wav,data/processed/train/2078-142845-0004__10__0db__clean.wav,10,impulsive,0,train
data/processed/train/3170-137482-0023__4-119647-C-48__5db__noisy.wav,data/processed/train/3170-137482-0023__4-119647-C-48__5db__clean.wav,4-119647-C-48,impulsive,5,train
data/processed/train/8842-302201-0012__3-119120-C-48__10db__noisy.wav,data/processed/train/8842-302201-0012__3-119120-C-48__10db__clean.wav,3-119120-C-48,impulsive,10,train
data/processed/train/251-137823-0014__1-50454-A-44__5db__noisy.wav,data/processed/train/251-137823-0014__1-50454-A-44__5db__clean.wav,1-50454-A-44,stationary,5,train
data/processed/train/6295-244435-0022__1-36929-A-47__10db__noisy.wav,data/processed/train/6295-244435-0022__1-36929-A-47__10db__clean.wav,1-36929-A-47,stationary,10,train
data/processed/train/1462-170138-0015__1-43807-A-47__5db__noisy.wav,data/processed/train/1462-170138-0015__1-43807-A-47__5db__clean.wav,1-43807-A-47,stationary,5,train
data/processed/train/652-129742-0009__4-90014-A-42__10db__noisy.wav,data/processed/train/652-129742-0009__4-90014-A-42__10db__clean.wav,4-90014-A-42,stationary,10,train
data/processed/train/2428-83699-0033__3-128160-A-44__5db__noisy.wav,data/processed/train/2428-83699-0033__3-128160-A-44__5db__clean.wav,3-128160-A-44,stationary,5,train
data/processed/train/3576-138058-0014__4-149294-B-41__0db__noisy.wav,data/processed/train/3576-138058-0014__4-149294-B-41__0db__clean.wav,4-149294-B-41,stationary,0,train
data/processed/train/2902-9008-0005__2-37806-C-40__0db__noisy.wav,data/processed/train/2902-9008-0005__2-37806-C-40__0db__clean.wav,2-37806-C-40,stationary,0,train
data/processed/train/2035-152373-0008__4-193480-B-40__5db__noisy.wav,data/processed/train/2035-152373-0008__4-193480-B-40__5db__clean.wav,4-193480-B-40,stationary,5,train
data/processed/train/251-137823-0010__2-77945-B-41__neg5db__noisy.wav,data/processed/train/251-137823-0010__2-77945-B-41__neg5db__clean.wav,2-77945-B-41,stationary,-5,train
data/processed/train/84-121123-0028__4-255371-A-47__0db__noisy.wav,data/processed/train/84-121123-0028__4-255371-A-47__0db__clean.wav,4-255371-A-47,stationary,0,train
data/processed/train/2078-142845-0016__1-54065-B-45__5db__noisy.wav,data/processed/train/2078-142845-0016__1-54065-B-45__5db__clean.wav,1-54065-B-45,stationary,5,train
data/processed/train/777-126732-0039__4-165823-A-41__10db__noisy.wav,data/processed/train/777-126732-0039__4-165823-A-41__10db__clean.wav,4-165823-A-41,stationary,10,train
data/processed/train/84-121550-0028__1-88409-A-45__neg5db__noisy.wav,data/processed/train/84-121550-0028__1-88409-A-45__neg5db__clean.wav,1-88409-A-45,stationary,-5,train
data/processed/train/7850-73752-0018__3-115387-B-47__5db__noisy.wav,data/processed/train/7850-73752-0018__3-115387-B-47__5db__clean.wav,3-115387-B-47,stationary,5,train
data/processed/train/2078-142845-0033__5-216370-B-41__10db__noisy.wav,data/processed/train/2078-142845-0033__5-216370-B-41__10db__clean.wav,5-216370-B-41,stationary,10,train
data/processed/train/652-130737-0010__3-141559-A-45__10db__noisy.wav,data/processed/train/652-130737-0010__3-141559-A-45__10db__clean.wav,3-141559-A-45,stationary,10,train
data/processed/train/3081-166546-0036__1-43807-A-47__5db__noisy.wav,data/processed/train/3081-166546-0036__1-43807-A-47__5db__clean.wav,1-43807-A-47,stationary,5,train
data/processed/train/2078-142845-0001__3-62878-B-42__10db__noisy.wav,data/processed/train/2078-142845-0001__3-62878-B-42__10db__clean.wav,3-62878-B-42,stationary,10,train
data/processed/train/422-122949-0011__1-119125-A-45__10db__noisy.wav,data/processed/train/422-122949-0011__1-119125-A-45__10db__clean.wav,1-119125-A-45,stationary,10,train
data/processed/train/1272-141231-0000__2-117615-D-48__0db__noisy.wav,data/processed/train/1272-141231-0000__2-117615-D-48__0db__clean.wav,2-117615-D-48,impulsive,0,train
data/processed/train/1462-170145-0018__5-160614-A-48__5db__noisy.wav,data/processed/train/1462-170145-0018__5-160614-A-48__5db__clean.wav,5-160614-A-48,impulsive,5,train
data/processed/train/6319-275224-0000__5-215449-A-47__10db__noisy.wav,data/processed/train/6319-275224-0000__5-215449-A-47__10db__clean.wav,5-215449-A-47,stationary,10,train
data/processed/train/5895-34622-0004__4-90014-A-42__neg5db__noisy.wav,data/processed/train/5895-34622-0004__4-90014-A-42__neg5db__clean.wav,4-90014-A-42,stationary,-5,train
data/processed/train/3081-166546-0039__5-220955-A-40__0db__noisy.wav,data/processed/train/3081-166546-0039__5-220955-A-40__0db__clean.wav,5-220955-A-40,stationary,0,train
data/processed/train/777-126732-0032__2-106015-A-44__5db__noisy.wav,data/processed/train/777-126732-0032__2-106015-A-44__5db__clean.wav,2-106015-A-44,stationary,5,train
data/processed/train/1988-147956-0026__2-43802-A-42__neg5db__noisy.wav,data/processed/train/1988-147956-0026__2-43802-A-42__neg5db__clean.wav,2-43802-A-42,stationary,-5,train
data/processed/train/1673-143396-0019__1-115545-A-48__5db__noisy.wav,data/processed/train/1673-143396-0019__1-115545-A-48__5db__clean.wav,1-115545-A-48,impulsive,5,train
data/processed/train/5895-34622-0023__5-184323-A-42__10db__noisy.wav,data/processed/train/5895-34622-0023__5-184323-A-42__10db__clean.wav,5-184323-A-42,stationary,10,train
data/processed/train/777-126732-0069__2-106014-A-44__5db__noisy.wav,data/processed/train/777-126732-0069__2-106014-A-44__5db__clean.wav,2-106014-A-44,stationary,5,train
data/processed/train/3536-8226-0025__2-77945-B-41__5db__noisy.wav,data/processed/train/3536-8226-0025__2-77945-B-41__5db__clean.wav,2-77945-B-41,stationary,5,train
data/processed/train/7850-286674-0017__1-172649-C-40__0db__noisy.wav,data/processed/train/7850-286674-0017__1-172649-C-40__0db__clean.wav,1-172649-C-40,stationary,0,train
data/processed/train/652-129742-0002__3-159445-A-45__neg5db__noisy.wav,data/processed/train/652-129742-0002__3-159445-A-45__neg5db__clean.wav,3-159445-A-45,stationary,-5,train
data/processed/train/1462-170142-0042__4-80761-A-42__0db__noisy.wav,data/processed/train/1462-170142-0042__4-80761-A-42__0db__clean.wav,4-80761-A-42,stationary,0,train
data/processed/train/3853-163249-0043__2-106014-A-44__5db__noisy.wav,data/processed/train/3853-163249-0043__2-106014-A-44__5db__clean.wav,2-106014-A-44,stationary,5,train
data/processed/train/652-130726-0025__2-96654-A-47__0db__noisy.wav,data/processed/train/652-130726-0025__2-96654-A-47__0db__clean.wav,2-96654-A-47,stationary,0,train
data/processed/train/3081-166546-0050__4-161099-A-47__neg5db__noisy.wav,data/processed/train/3081-166546-0050__4-161099-A-47__neg5db__clean.wav,4-161099-A-47,stationary,-5,train
data/processed/train/2078-142845-0003__1-31482-A-42__10db__noisy.wav,data/processed/train/2078-142845-0003__1-31482-A-42__10db__clean.wav,1-31482-A-42,stationary,10,train
data/processed/train/3853-163249-0029__5-235507-A-44__neg5db__noisy.wav,data/processed/train/3853-163249-0029__5-235507-A-44__neg5db__clean.wav,5-235507-A-44,stationary,-5,train
data/processed/train/1993-147964-0004__1-172649-D-40__neg5db__noisy.wav,data/processed/train/1993-147964-0004__1-172649-D-40__neg5db__clean.wav,1-172649-D-40,stationary,-5,train
data/processed/train/1993-147965-0004__2-117615-E-48__0db__noisy.wav,data/processed/train/1993-147965-0004__2-117615-E-48__0db__clean.wav,2-117615-E-48,impulsive,0,train
data/processed/train/7850-111771-0004__3-141240-A-44__10db__noisy.wav,data/processed/train/7850-111771-0004__3-141240-A-44__10db__clean.wav,3-141240-A-44,stationary,10,train
data/processed/train/3170-137482-0042__5-185579-B-41__5db__noisy.wav,data/processed/train/3170-137482-0042__5-185579-B-41__5db__clean.wav,5-185579-B-41,stationary,5,train
data/processed/train/1993-147966-0000__1-19898-B-41__0db__noisy.wav,data/processed/train/1993-147966-0000__1-19898-B-41__0db__clean.wav,1-19898-B-41,stationary,0,train
data/processed/train/7850-281318-0012__4-168446-A-45__neg5db__noisy.wav,data/processed/train/7850-281318-0012__4-168446-A-45__neg5db__clean.wav,4-168446-A-45,stationary,-5,train
data/processed/train/8297-275155-0011__5-191131-A-40__10db__noisy.wav,data/processed/train/8297-275155-0011__5-191131-A-40__10db__clean.wav,5-191131-A-40,stationary,10,train
data/processed/train/777-126732-0010__3-150979-A-40__neg5db__noisy.wav,data/processed/train/777-126732-0010__3-150979-A-40__neg5db__clean.wav,3-150979-A-40,stationary,-5,train
data/processed/train/2035-147960-0003__5-171653-A-41__neg5db__noisy.wav,data/processed/train/2035-147960-0003__5-171653-A-41__neg5db__clean.wav,5-171653-A-41,stationary,-5,train
data/processed/train/1462-170142-0040__1-19898-C-41__5db__noisy.wav,data/processed/train/1462-170142-0040__1-19898-C-41__5db__clean.wav,1-19898-C-41,stationary,5,train
data/processed/train/1673-143397-0009__2-117617-A-48__0db__noisy.wav,data/processed/train/1673-143397-0009__2-117617-A-48__0db__clean.wav,2-117617-A-48,impulsive,0,train
data/processed/train/1462-170138-0023__5-117118-A-42__neg5db__noisy.wav,data/processed/train/1462-170138-0023__5-117118-A-42__neg5db__clean.wav,5-117118-A-42,stationary,-5,train
data/processed/train/6295-244435-0019__1-50454-A-44__10db__noisy.wav,data/processed/train/6295-244435-0019__1-50454-A-44__10db__clean.wav,1-50454-A-44,stationary,10,train
data/processed/train/84-121550-0031__2-262579-A-45__5db__noisy.wav,data/processed/train/84-121550-0031__2-262579-A-45__5db__clean.wav,2-262579-A-45,stationary,5,train
data/processed/train/1988-24833-0008__1-115545-B-48__10db__noisy.wav,data/processed/train/1988-24833-0008__1-115545-B-48__10db__clean.wav,1-115545-B-48,impulsive,10,train
data/processed/train/3081-166546-0027__3-62878-B-42__0db__noisy.wav,data/processed/train/3081-166546-0027__3-62878-B-42__0db__clean.wav,3-62878-B-42,stationary,0,train
data/processed/train/3536-23268-0021__3-128160-A-44__5db__noisy.wav,data/processed/train/3536-23268-0021__3-128160-A-44__5db__clean.wav,3-128160-A-44,stationary,5,train
data/processed/train/2428-83705-0003__2-106015-B-44__neg5db__noisy.wav,data/processed/train/2428-83705-0003__2-106015-B-44__neg5db__clean.wav,2-106015-B-44,stationary,-5,train
data/processed/train/8297-275155-0017__1-50455-A-44__neg5db__noisy.wav,data/processed/train/8297-275155-0017__1-50455-A-44__neg5db__clean.wav,1-50455-A-44,stationary,-5,train
data/processed/train/1462-170138-0019__4-121532-A-42__5db__noisy.wav,data/processed/train/1462-170138-0019__4-121532-A-42__5db__clean.wav,4-121532-A-42,stationary,5,train
data/processed/train/652-130726-0024__1-19898-C-41__10db__noisy.wav,data/processed/train/652-130726-0024__1-19898-C-41__10db__clean.wav,1-19898-C-41,stationary,10,train
data/processed/train/2035-147960-0016__1-115545-A-48__5db__noisy.wav,data/processed/train/2035-147960-0016__1-115545-A-48__5db__clean.wav,1-115545-A-48,impulsive,5,train
data/processed/train/5694-64038-0005__5-160614-A-48__0db__noisy.wav,data/processed/train/5694-64038-0005__5-160614-A-48__0db__clean.wav,5-160614-A-48,impulsive,0,train
data/processed/train/1462-170142-0028__2-50668-B-41__10db__noisy.wav,data/processed/train/1462-170142-0028__2-50668-B-41__10db__clean.wav,2-50668-B-41,stationary,10,train
data/processed/train/7850-281318-0017__3-154926-B-40__10db__noisy.wav,data/processed/train/7850-281318-0017__3-154926-B-40__10db__clean.wav,3-154926-B-40,stationary,10,train
data/processed/train/422-122949-0033__2-98866-A-47__0db__noisy.wav,data/processed/train/422-122949-0033__2-98866-A-47__0db__clean.wav,2-98866-A-47,stationary,0,train
data/processed/train/2428-83705-0023__2-188822-D-40__10db__noisy.wav,data/processed/train/2428-83705-0023__2-188822-D-40__10db__clean.wav,2-188822-D-40,stationary,10,train
data/processed/train/3000-15664-0004__1-36929-A-47__neg5db__noisy.wav,data/processed/train/3000-15664-0004__1-36929-A-47__neg5db__clean.wav,1-36929-A-47,stationary,-5,train
data/processed/train/652-130726-0033__4-186935-A-44__5db__noisy.wav,data/processed/train/652-130726-0033__4-186935-A-44__5db__clean.wav,4-186935-A-44,stationary,5,train
data/processed/train/2035-147961-0037__2-106015-A-44__neg5db__noisy.wav,data/processed/train/2035-147961-0037__2-106015-A-44__neg5db__clean.wav,2-106015-A-44,stationary,-5,train
data/processed/train/6295-64301-0017__4-178881-A-45__10db__noisy.wav,data/processed/train/6295-64301-0017__4-178881-A-45__10db__clean.wav,4-178881-A-45,stationary,10,train
data/processed/train/8297-275155-0011__2-78651-A-44__5db__noisy.wav,data/processed/train/8297-275155-0011__2-78651-A-44__5db__clean.wav,2-78651-A-44,stationary,5,train
data/processed/train/1988-24833-0001__2-188822-D-40__neg5db__noisy.wav,data/processed/train/1988-24833-0001__2-188822-D-40__neg5db__clean.wav,2-188822-D-40,stationary,-5,train
data/processed/train/1272-128104-0012__3-259622-A-44__neg5db__noisy.wav,data/processed/train/1272-128104-0012__3-259622-A-44__neg5db__clean.wav,3-259622-A-44,stationary,-5,train
data/processed/train/8842-302196-0003__3-128512-B-47__0db__noisy.wav,data/processed/train/8842-302196-0003__3-128512-B-47__0db__clean.wav,3-128512-B-47,stationary,0,train
data/processed/train/84-121550-0016__5-177957-E-40__5db__noisy.wav,data/processed/train/84-121550-0016__5-177957-E-40__5db__clean.wav,5-177957-E-40,stationary,5,train
data/processed/train/2428-83705-0030__1-172649-C-40__5db__noisy.wav,data/processed/train/2428-83705-0030__1-172649-C-40__5db__clean.wav,1-172649-C-40,stationary,5,train
data/processed/train/8297-275156-0011__3-154926-B-40__neg5db__noisy.wav,data/processed/train/8297-275156-0011__3-154926-B-40__neg5db__clean.wav,3-154926-B-40,stationary,-5,train
data/processed/train/5694-64029-0015__2-117615-E-48__0db__noisy.wav,data/processed/train/5694-64029-0015__2-117615-E-48__0db__clean.wav,2-117615-E-48,impulsive,0,train
data/processed/train/422-122949-0032__5-251963-A-47__neg5db__noisy.wav,data/processed/train/422-122949-0032__5-251963-A-47__neg5db__clean.wav,5-251963-A-47,stationary,-5,train
data/processed/train/1988-147956-0011__5-199284-B-45__0db__noisy.wav,data/processed/train/1988-147956-0011__5-199284-B-45__0db__clean.wav,5-199284-B-45,stationary,0,train
data/processed/train/3081-166546-0033__4-157611-B-41__neg5db__noisy.wav,data/processed/train/3081-166546-0033__4-157611-B-41__neg5db__clean.wav,4-157611-B-41,stationary,-5,train
data/processed/train/3853-163249-0033__3-141559-A-45__5db__noisy.wav,data/processed/train/3853-163249-0033__3-141559-A-45__5db__clean.wav,3-141559-A-45,stationary,5,train
data/processed/train/8842-304647-0009__3-259622-A-44__neg5db__noisy.wav,data/processed/train/8842-304647-0009__3-259622-A-44__neg5db__clean.wav,3-259622-A-44,stationary,-5,train
data/processed/train/2428-83699-0008__3-51731-A-42__neg5db__noisy.wav,data/processed/train/2428-83699-0008__3-51731-A-42__neg5db__clean.wav,3-51731-A-42,stationary,-5,train
data/processed/train/8297-275155-0014__5-177957-C-40__5db__noisy.wav,data/processed/train/8297-275155-0014__5-177957-C-40__5db__clean.wav,5-177957-C-40,stationary,5,train
data/processed/train/2078-142845-0032__2-78651-A-44__neg5db__noisy.wav,data/processed/train/2078-142845-0032__2-78651-A-44__neg5db__clean.wav,2-78651-A-44,stationary,-5,train
data/processed/train/652-130737-0000__1-62509-A-45__5db__noisy.wav,data/processed/train/652-130737-0000__1-62509-A-45__5db__clean.wav,1-62509-A-45,stationary,5,train
data/processed/train/777-126732-0002__4-90014-B-42__10db__noisy.wav,data/processed/train/777-126732-0002__4-90014-B-42__10db__clean.wav,4-90014-B-42,stationary,10,train
data/processed/train/3170-137482-0030__4-193480-B-40__neg5db__noisy.wav,data/processed/train/3170-137482-0030__4-193480-B-40__neg5db__clean.wav,4-193480-B-40,stationary,-5,train
data/processed/train/3170-137482-0016__2-50667-A-41__0db__noisy.wav,data/processed/train/3170-137482-0016__2-50667-A-41__0db__clean.wav,2-50667-A-41,stationary,0,train
data/processed/train/777-126732-0035__1-64398-A-41__neg5db__noisy.wav,data/processed/train/777-126732-0035__1-64398-A-41__neg5db__clean.wav,1-64398-A-41,stationary,-5,train
data/processed/train/1993-147149-0027__3-119120-B-48__5db__noisy.wav,data/processed/train/1993-147149-0027__3-119120-B-48__5db__clean.wav,3-119120-B-48,impulsive,5,train
data/processed/train/3536-8226-0031__1-88409-A-45__0db__noisy.wav,data/processed/train/3536-8226-0031__1-88409-A-45__0db__clean.wav,1-88409-A-45,stationary,0,train
data/processed/train/2078-142845-0048__5-177957-C-40__10db__noisy.wav,data/processed/train/2078-142845-0048__5-177957-C-40__10db__clean.wav,5-177957-C-40,stationary,10,train
data/processed/train/1272-141231-0004__4-149294-A-41__10db__noisy.wav,data/processed/train/1272-141231-0004__4-149294-A-41__10db__clean.wav,4-149294-A-41,stationary,10,train
data/processed/train/251-137823-0020__4-111671-B-42__neg5db__noisy.wav,data/processed/train/251-137823-0020__4-111671-B-42__neg5db__clean.wav,4-111671-B-42,stationary,-5,train
data/processed/train/1462-170142-0032__3-251617-A-48__5db__noisy.wav,data/processed/train/1462-170142-0032__3-251617-A-48__5db__clean.wav,3-251617-A-48,impulsive,5,train
data/processed/train/3000-15664-0022__5-177957-D-40__0db__noisy.wav,data/processed/train/3000-15664-0022__5-177957-D-40__0db__clean.wav,5-177957-D-40,stationary,0,train
data/processed/train/1673-143397-0020__2-117617-A-48__5db__noisy.wav,data/processed/train/1673-143397-0020__2-117617-A-48__5db__clean.wav,2-117617-A-48,impulsive,5,train
data/processed/train/84-121550-0034__4-193480-A-40__neg5db__noisy.wav,data/processed/train/84-121550-0034__4-193480-A-40__neg5db__clean.wav,4-193480-A-40,stationary,-5,train
data/processed/train/251-136532-0011__5-160614-H-48__0db__noisy.wav,data/processed/train/251-136532-0011__5-160614-H-48__0db__clean.wav,5-160614-H-48,impulsive,0,train
data/processed/train/2035-147961-0030__1-43807-C-47__0db__noisy.wav,data/processed/train/2035-147961-0030__1-43807-C-47__0db__clean.wav,1-43807-C-47,stationary,0,train
data/processed/train/1272-141231-0028__5-215449-A-47__neg5db__noisy.wav,data/processed/train/1272-141231-0028__5-215449-A-47__neg5db__clean.wav,5-215449-A-47,stationary,-5,train
data/processed/train/8297-275155-0028__1-172649-F-40__0db__noisy.wav,data/processed/train/8297-275155-0028__1-172649-F-40__0db__clean.wav,1-172649-F-40,stationary,0,train
data/processed/train/6319-64726-0004__4-193480-B-40__10db__noisy.wav,data/processed/train/6319-64726-0004__4-193480-B-40__10db__clean.wav,4-193480-B-40,stationary,10,train
data/processed/train/5895-34629-0024__3-51731-A-42__0db__noisy.wav,data/processed/train/5895-34629-0024__3-51731-A-42__0db__clean.wav,3-51731-A-42,stationary,0,train
data/processed/train/6319-64726-0011__1-115545-C-48__5db__noisy.wav,data/processed/train/6319-64726-0011__1-115545-C-48__5db__clean.wav,1-115545-C-48,impulsive,5,train
data/processed/train/2428-83705-0041__3-143562-A-47__10db__noisy.wav,data/processed/train/2428-83705-0041__3-143562-A-47__10db__clean.wav,3-143562-A-47,stationary,10,train
data/processed/train/652-130726-0003__3-115387-B-47__neg5db__noisy.wav,data/processed/train/652-130726-0003__3-115387-B-47__neg5db__clean.wav,3-115387-B-47,stationary,-5,train
data/processed/train/1988-147956-0021__2-188822-C-40__5db__noisy.wav,data/processed/train/1988-147956-0021__2-188822-C-40__5db__clean.wav,2-188822-C-40,stationary,5,train
data/processed/train/2035-147961-0030__3-58772-A-42__0db__noisy.wav,data/processed/train/2035-147961-0030__3-58772-A-42__0db__clean.wav,3-58772-A-42,stationary,0,train
data/processed/train/8297-275155-0012__3-115387-C-47__neg5db__noisy.wav,data/processed/train/8297-275155-0012__3-115387-C-47__neg5db__clean.wav,3-115387-C-47,stationary,-5,train
data/processed/train/2035-147961-0026__4-102871-A-42__0db__noisy.wav,data/processed/train/2035-147961-0026__4-102871-A-42__0db__clean.wav,4-102871-A-42,stationary,0,train
data/processed/train/1993-147149-0010__2-117615-D-48__10db__noisy.wav,data/processed/train/1993-147149-0010__2-117615-D-48__10db__clean.wav,2-117615-D-48,impulsive,10,train
data/processed/train/5895-34629-0005__4-171652-A-44__10db__noisy.wav,data/processed/train/5895-34629-0005__4-171652-A-44__10db__clean.wav,4-171652-A-44,stationary,10,train
data/processed/train/1993-147964-0002__5-215447-A-47__10db__noisy.wav,data/processed/train/1993-147964-0002__5-215447-A-47__10db__clean.wav,5-215447-A-47,stationary,10,train
data/processed/train/3170-137482-0001__4-165845-A-45__10db__noisy.wav,data/processed/train/3170-137482-0001__4-165845-A-45__10db__clean.wav,4-165845-A-45,stationary,10,train
data/processed/train/8842-302203-0008__1 (1)__0db__noisy.wav,data/processed/train/8842-302203-0008__1 (1)__0db__clean.wav,1 (1),impulsive,0,train
data/processed/train/652-130726-0021__2-70938-A-42__10db__noisy.wav,data/processed/train/652-130726-0021__2-70938-A-42__10db__clean.wav,2-70938-A-42,stationary,10,train
data/processed/train/3853-163249-0051__2-70938-A-42__neg5db__noisy.wav,data/processed/train/3853-163249-0051__2-70938-A-42__neg5db__clean.wav,2-70938-A-42,stationary,-5,train
data/processed/train/2035-152373-0000__4-186935-A-44__neg5db__noisy.wav,data/processed/train/2035-152373-0000__4-186935-A-44__neg5db__clean.wav,4-186935-A-44,stationary,-5,train
data/processed/train/3853-163249-0013__3-51731-A-42__0db__noisy.wav,data/processed/train/3853-163249-0013__3-51731-A-42__0db__clean.wav,3-51731-A-42,stationary,0,train
data/processed/train/84-121123-0002__5-117118-A-42__0db__noisy.wav,data/processed/train/84-121123-0002__5-117118-A-42__0db__clean.wav,5-117118-A-42,stationary,0,train
data/processed/train/2428-83705-0007__2-50667-B-41__10db__noisy.wav,data/processed/train/2428-83705-0007__2-50667-B-41__10db__clean.wav,2-50667-B-41,stationary,10,train
data/processed/train/777-126732-0026__5-177957-D-40__10db__noisy.wav,data/processed/train/777-126732-0026__5-177957-D-40__10db__clean.wav,5-177957-D-40,stationary,10,train
data/processed/train/652-130737-0011__3-128160-A-44__5db__noisy.wav,data/processed/train/652-130737-0011__3-128160-A-44__5db__clean.wav,3-128160-A-44,stationary,5,train
data/processed/train/1988-147956-0006__5-198600-A-45__5db__noisy.wav,data/processed/train/1988-147956-0006__5-198600-A-45__5db__clean.wav,5-198600-A-45,stationary,5,train
data/processed/train/2803-161169-0014__3-58772-A-42__10db__noisy.wav,data/processed/train/2803-161169-0014__3-58772-A-42__10db__clean.wav,3-58772-A-42,stationary,10,train
data/processed/train/5895-34629-0011__1-115545-B-48__10db__noisy.wav,data/processed/train/5895-34629-0011__1-115545-B-48__10db__clean.wav,1-115545-B-48,impulsive,10,train
data/processed/train/1988-147956-0004__1-36929-A-47__10db__noisy.wav,data/processed/train/1988-147956-0004__1-36929-A-47__10db__clean.wav,1-36929-A-47,stationary,10,train
data/processed/train/2428-83699-0008__3-119120-D-48__5db__noisy.wav,data/processed/train/2428-83699-0008__3-119120-D-48__5db__clean.wav,3-119120-D-48,impulsive,5,train
data/processed/train/422-122949-0026__1-181071-A-40__0db__noisy.wav,data/processed/train/422-122949-0026__1-181071-A-40__0db__clean.wav,1-181071-A-40,stationary,0,train
data/processed/train/7850-286674-0010__5-133989-A-42__5db__noisy.wav,data/processed/train/7850-286674-0010__5-133989-A-42__5db__clean.wav,5-133989-A-42,stationary,5,train
data/processed/train/652-130737-0008__5-160551-A-42__10db__noisy.wav,data/processed/train/652-130737-0008__5-160551-A-42__10db__clean.wav,5-160551-A-42,stationary,10,train
data/processed/train/652-130726-0015__1-64398-A-41__neg5db__noisy.wav,data/processed/train/652-130726-0015__1-64398-A-41__neg5db__clean.wav,1-64398-A-41,stationary,-5,train
data/processed/train/3081-166546-0079__6__10db__noisy.wav,data/processed/train/3081-166546-0079__6__10db__clean.wav,6,impulsive,10,train
data/processed/train/5895-34629-0027__5-215445-A-47__0db__noisy.wav,data/processed/train/5895-34629-0027__5-215445-A-47__0db__clean.wav,5-215445-A-47,stationary,0,train
data/processed/train/84-121550-0011__5-177957-C-40__5db__noisy.wav,data/processed/train/84-121550-0011__5-177957-C-40__5db__clean.wav,5-177957-C-40,stationary,5,train
data/processed/train/1993-147966-0001__3-62878-A-42__10db__noisy.wav,data/processed/train/1993-147966-0001__3-62878-A-42__10db__clean.wav,3-62878-A-42,stationary,10,train
data/processed/train/1272-135031-0017__3-119120-E-48__neg5db__noisy.wav,data/processed/train/1272-135031-0017__3-119120-E-48__neg5db__clean.wav,3-119120-E-48,impulsive,-5,train
data/processed/train/251-137823-0024__1-54065-B-45__5db__noisy.wav,data/processed/train/251-137823-0024__1-54065-B-45__5db__clean.wav,1-54065-B-45,stationary,5,train
data/processed/train/652-130726-0013__2-122066-A-45__10db__noisy.wav,data/processed/train/652-130726-0013__2-122066-A-45__10db__clean.wav,2-122066-A-45,stationary,10,train
data/processed/train/1993-147149-0019__2-262579-A-45__0db__noisy.wav,data/processed/train/1993-147149-0019__2-262579-A-45__0db__clean.wav,2-262579-A-45,stationary,0,train
data/processed/train/3000-15664-0017__4-119648-A-48__0db__noisy.wav,data/processed/train/3000-15664-0017__4-119648-A-48__0db__clean.wav,4-119648-A-48,impulsive,0,train
data/processed/train/2428-83699-0024__5-160614-H-48__10db__noisy.wav,data/processed/train/2428-83699-0024__5-160614-H-48__10db__clean.wav,5-160614-H-48,impulsive,10,train
data/processed/train/251-118436-0018__4-168446-A-45__10db__noisy.wav,data/processed/train/251-118436-0018__4-168446-A-45__10db__clean.wav,4-168446-A-45,stationary,10,train
data/processed/train/422-122949-0015__5-188945-A-45__5db__noisy.wav,data/processed/train/422-122949-0015__5-188945-A-45__5db__clean.wav,5-188945-A-45,stationary,5,train
data/processed/train/1462-170138-0010__4-169127-A-41__neg5db__noisy.wav,data/processed/train/1462-170138-0010__4-169127-A-41__neg5db__clean.wav,4-169127-A-41,stationary,-5,train
data/processed/train/6319-57405-0008__1-36929-A-47__0db__noisy.wav,data/processed/train/6319-57405-0008__1-36929-A-47__0db__clean.wav,1-36929-A-47,stationary,0,train
data/processed/train/251-118436-0016__1-31482-B-42__0db__noisy.wav,data/processed/train/251-118436-0016__1-31482-B-42__0db__clean.wav,1-31482-B-42,stationary,0,train
data/processed/train/7850-286674-0014__5-216370-B-41__0db__noisy.wav,data/processed/train/7850-286674-0014__5-216370-B-41__0db__clean.wav,5-216370-B-41,stationary,0,train
data/processed/train/3000-15664-0027__5-185579-A-41__0db__noisy.wav,data/processed/train/3000-15664-0027__5-185579-A-41__0db__clean.wav,5-185579-A-41,stationary,0,train
data/processed/train/5895-34629-0007__4-161099-B-47__5db__noisy.wav,data/processed/train/5895-34629-0007__4-161099-B-47__5db__clean.wav,4-161099-B-47,stationary,5,train
data/processed/train/3081-166546-0000__3-118657-A-41__5db__noisy.wav,data/processed/train/3081-166546-0000__3-118657-A-41__5db__clean.wav,3-118657-A-41,stationary,5,train
data/processed/train/84-121550-0018__5-117118-A-42__5db__noisy.wav,data/processed/train/84-121550-0018__5-117118-A-42__5db__clean.wav,5-117118-A-42,stationary,5,train
data/processed/train/8297-275156-0000__3-115387-C-47__5db__noisy.wav,data/processed/train/8297-275156-0000__3-115387-C-47__5db__clean.wav,3-115387-C-47,stationary,5,train
data/processed/train/2803-154328-0007__1-76831-B-42__5db__noisy.wav,data/processed/train/2803-154328-0007__1-76831-B-42__5db__clean.wav,1-76831-B-42,stationary,5,train
data/processed/train/1272-135031-0001__3-154926-A-40__10db__noisy.wav,data/processed/train/1272-135031-0001__3-154926-A-40__10db__clean.wav,3-154926-A-40,stationary,10,train
data/processed/train/2803-154320-0008__5-215445-A-47__neg5db__noisy.wav,data/processed/train/2803-154320-0008__5-215445-A-47__neg5db__clean.wav,5-215445-A-47,stationary,-5,train
data/processed/train/6295-64301-0030__1 (2)__neg5db__noisy.wav,data/processed/train/6295-64301-0030__1 (2)__neg5db__clean.wav,1 (2),impulsive,-5,train
data/processed/train/8297-275156-0006__3-165856-A-41__0db__noisy.wav,data/processed/train/8297-275156-0006__3-165856-A-41__0db__clean.wav,3-165856-A-41,stationary,0,train
data/processed/train/84-121123-0027__1-54065-A-45__0db__noisy.wav,data/processed/train/84-121123-0027__1-54065-A-45__0db__clean.wav,1-54065-A-45,stationary,0,train
data/processed/train/1993-147966-0005__1-172649-A-40__neg5db__noisy.wav,data/processed/train/1993-147966-0005__1-172649-A-40__neg5db__clean.wav,1-172649-A-40,stationary,-5,train
data/processed/train/3576-138058-0038__2-50667-B-41__5db__noisy.wav,data/processed/train/3576-138058-0038__2-50667-B-41__5db__clean.wav,2-50667-B-41,stationary,5,train
data/processed/train/1272-141231-0006__5-220955-A-40__neg5db__noisy.wav,data/processed/train/1272-141231-0006__5-220955-A-40__neg5db__clean.wav,5-220955-A-40,stationary,-5,train
data/processed/train/3170-137482-0022__2-78651-A-44__10db__noisy.wav,data/processed/train/3170-137482-0022__2-78651-A-44__10db__clean.wav,2-78651-A-44,stationary,10,train
data/processed/train/2428-83699-0030__5-171653-A-41__5db__noisy.wav,data/processed/train/2428-83699-0030__5-171653-A-41__5db__clean.wav,5-171653-A-41,stationary,5,train
data/processed/train/1673-143396-0015__2-117615-A-48__5db__noisy.wav,data/processed/train/1673-143396-0015__2-117615-A-48__5db__clean.wav,2-117615-A-48,impulsive,5,train
data/processed/train/6319-275224-0001__3-141559-A-45__10db__noisy.wav,data/processed/train/6319-275224-0001__3-141559-A-45__10db__clean.wav,3-141559-A-45,stationary,10,train
data/processed/train/1462-170142-0004__1-172649-C-40__0db__noisy.wav,data/processed/train/1462-170142-0004__1-172649-C-40__0db__clean.wav,1-172649-C-40,stationary,0,train
data/processed/train/5895-34629-0017__1-43807-A-47__10db__noisy.wav,data/processed/train/5895-34629-0017__1-43807-A-47__10db__clean.wav,1-43807-A-47,stationary,10,train
data/processed/train/3000-15664-0004__5-117122-A-42__5db__noisy.wav,data/processed/train/3000-15664-0004__5-117122-A-42__5db__clean.wav,5-117122-A-42,stationary,5,train
data/processed/train/2803-154328-0004__2-78651-A-44__neg5db__noisy.wav,data/processed/train/2803-154328-0004__2-78651-A-44__neg5db__clean.wav,2-78651-A-44,stationary,-5,train
data/processed/train/2035-152373-0004__4-119647-D-48__neg5db__noisy.wav,data/processed/train/2035-152373-0004__4-119647-D-48__neg5db__clean.wav,4-119647-D-48,impulsive,-5,train
data/processed/train/1993-147149-0003__4-149294-B-41__neg5db__noisy.wav,data/processed/train/1993-147149-0003__4-149294-B-41__neg5db__clean.wav,4-149294-B-41,stationary,-5,train
data/processed/train/1993-147149-0008__1-172649-C-40__5db__noisy.wav,data/processed/train/1993-147149-0008__1-172649-C-40__5db__clean.wav,1-172649-C-40,stationary,5,train
data/processed/train/6295-64301-0015__4-119648-D-48__10db__noisy.wav,data/processed/train/6295-64301-0015__4-119648-D-48__10db__clean.wav,4-119648-D-48,impulsive,10,train
data/processed/train/8297-275156-0005__5-160551-A-42__0db__noisy.wav,data/processed/train/8297-275156-0005__5-160551-A-42__0db__clean.wav,5-160551-A-42,stationary,0,train
data/processed/train/2035-147961-0024__4-125929-A-40__neg5db__noisy.wav,data/processed/train/2035-147961-0024__4-125929-A-40__neg5db__clean.wav,4-125929-A-40,stationary,-5,train
data/processed/train/6295-64301-0030__1-54065-B-45__0db__noisy.wav,data/processed/train/6295-64301-0030__1-54065-B-45__0db__clean.wav,1-54065-B-45,stationary,0,train
data/processed/train/8842-302203-0005__5-133989-A-42__5db__noisy.wav,data/processed/train/8842-302203-0005__5-133989-A-42__5db__clean.wav,5-133989-A-42,stationary,5,train
data/processed/train/251-137823-0005__2-135649-C-45__neg5db__noisy.wav,data/processed/train/251-137823-0005__2-135649-C-45__neg5db__clean.wav,2-135649-C-45,stationary,-5,train
data/processed/train/3576-138058-0003__1-62509-A-45__neg5db__noisy.wav,data/processed/train/3576-138058-0003__1-62509-A-45__neg5db__clean.wav,1-62509-A-45,stationary,-5,train
data/processed/train/3081-166546-0076__4-186940-A-44__5db__noisy.wav,data/processed/train/3081-166546-0076__4-186940-A-44__5db__clean.wav,4-186940-A-44,stationary,5,train
data/processed/train/1988-24833-0024__5-184323-A-42__0db__noisy.wav,data/processed/train/1988-24833-0024__5-184323-A-42__0db__clean.wav,5-184323-A-42,stationary,0,train
data/processed/train/3000-15664-0028__1-115546-A-48__neg5db__noisy.wav,data/processed/train/3000-15664-0028__1-115546-A-48__neg5db__clean.wav,1-115546-A-48,impulsive,-5,train
data/processed/train/6295-244435-0010__2-70936-A-42__10db__noisy.wav,data/processed/train/6295-244435-0010__2-70936-A-42__10db__clean.wav,2-70936-A-42,stationary,10,train
data/processed/train/1988-147956-0021__4-121532-A-42__5db__noisy.wav,data/processed/train/1988-147956-0021__4-121532-A-42__5db__clean.wav,4-121532-A-42,stationary,5,train
data/processed/train/5694-64029-0028__3-118657-A-41__0db__noisy.wav,data/processed/train/5694-64029-0028__3-118657-A-41__0db__clean.wav,3-118657-A-41,stationary,0,train
data/processed/train/5895-34629-0010__5-150409-A-42__0db__noisy.wav,data/processed/train/5895-34629-0010__5-150409-A-42__0db__clean.wav,5-150409-A-42,stationary,0,train
data/processed/train/5895-34615-0019__1 (1)__10db__noisy.wav,data/processed/train/5895-34615-0019__1 (1)__10db__clean.wav,1 (1),impulsive,10,train
data/processed/train/1673-143396-0020__1-76831-A-42__neg5db__noisy.wav,data/processed/train/1673-143396-0020__1-76831-A-42__neg5db__clean.wav,1-76831-A-42,stationary,-5,train
data/processed/train/3170-137482-0044__2-117617-A-48__neg5db__noisy.wav,data/processed/train/3170-137482-0044__2-117617-A-48__neg5db__clean.wav,2-117617-A-48,impulsive,-5,train
data/processed/train/7850-281318-0008__2-117617-A-48__5db__noisy.wav,data/processed/train/7850-281318-0008__2-117617-A-48__5db__clean.wav,2-117617-A-48,impulsive,5,train
data/processed/train/3576-138058-0028__5-160614-D-48__0db__noisy.wav,data/processed/train/3576-138058-0028__5-160614-D-48__0db__clean.wav,5-160614-D-48,impulsive,0,train
data/processed/train/251-118436-0017__4-119648-C-48__neg5db__noisy.wav,data/processed/train/251-118436-0017__4-119648-C-48__neg5db__clean.wav,4-119648-C-48,impulsive,-5,train
data/processed/train/3853-163249-0014__5-198600-A-45__neg5db__noisy.wav,data/processed/train/3853-163249-0014__5-198600-A-45__neg5db__clean.wav,5-198600-A-45,stationary,-5,train
data/processed/train/5895-34615-0009__3-119120-C-48__neg5db__noisy.wav,data/processed/train/5895-34615-0009__3-119120-C-48__neg5db__clean.wav,3-119120-C-48,impulsive,-5,train
data/processed/train/8297-275155-0012__3-141240-B-44__0db__noisy.wav,data/processed/train/8297-275155-0012__3-141240-B-44__0db__clean.wav,3-141240-B-44,stationary,0,train
data/processed/train/3853-163249-0030__2-105270-A-47__10db__noisy.wav,data/processed/train/3853-163249-0030__2-105270-A-47__10db__clean.wav,2-105270-A-47,stationary,10,train
data/processed/train/1988-24833-0008__1-19898-B-41__5db__noisy.wav,data/processed/train/1988-24833-0008__1-19898-B-41__5db__clean.wav,1-19898-B-41,stationary,5,train
data/processed/train/777-126732-0041__2-188822-C-40__0db__noisy.wav,data/processed/train/777-126732-0041__2-188822-C-40__0db__clean.wav,2-188822-C-40,stationary,0,train
data/processed/train/251-118436-0017__4-90014-A-42__0db__noisy.wav,data/processed/train/251-118436-0017__4-90014-A-42__0db__clean.wav,4-90014-A-42,stationary,0,train
data/processed/train/84-121123-0015__4-90014-A-42__5db__noisy.wav,data/processed/train/84-121123-0015__4-90014-A-42__5db__clean.wav,4-90014-A-42,stationary,5,train
data/processed/train/84-121550-0014__1-54065-B-45__0db__noisy.wav,data/processed/train/84-121550-0014__1-54065-B-45__0db__clean.wav,1-54065-B-45,stationary,0,train
data/processed/train/2035-147961-0019__4-161100-A-47__10db__noisy.wav,data/processed/train/2035-147961-0019__4-161100-A-47__10db__clean.wav,4-161100-A-47,stationary,10,train
data/processed/train/1272-135031-0021__4-111671-A-42__5db__noisy.wav,data/processed/train/1272-135031-0021__4-111671-A-42__5db__clean.wav,4-111671-A-42,stationary,5,train
data/processed/train/2428-83699-0031__5-185579-B-41__0db__noisy.wav,data/processed/train/2428-83699-0031__5-185579-B-41__0db__clean.wav,5-185579-B-41,stationary,0,train
data/processed/train/5895-34615-0017__1-76831-B-42__0db__noisy.wav,data/processed/train/5895-34615-0017__1-76831-B-42__0db__clean.wav,1-76831-B-42,stationary,0,train
data/processed/train/2428-83699-0023__3-58772-A-42__5db__noisy.wav,data/processed/train/2428-83699-0023__3-58772-A-42__5db__clean.wav,3-58772-A-42,stationary,5,train
data/processed/train/251-137823-0008__3-58772-A-42__neg5db__noisy.wav,data/processed/train/251-137823-0008__3-58772-A-42__neg5db__clean.wav,3-58772-A-42,stationary,-5,train
data/processed/train/7850-286674-0000__1-115545-B-48__neg5db__noisy.wav,data/processed/train/7850-286674-0000__1-115545-B-48__neg5db__clean.wav,1-115545-B-48,impulsive,-5,train
data/processed/train/5895-34629-0005__3-150979-B-40__5db__noisy.wav,data/processed/train/5895-34629-0005__3-150979-B-40__5db__clean.wav,3-150979-B-40,stationary,5,train
data/processed/train/3170-137482-0017__5-160614-G-48__10db__noisy.wav,data/processed/train/3170-137482-0017__5-160614-G-48__10db__clean.wav,5-160614-G-48,impulsive,10,train
data/processed/train/84-121123-0007__2-106015-B-44__10db__noisy.wav,data/processed/train/84-121123-0007__2-106015-B-44__10db__clean.wav,2-106015-B-44,stationary,10,train
data/processed/train/5895-34622-0006__1-50454-A-44__5db__noisy.wav,data/processed/train/5895-34622-0006__1-50454-A-44__5db__clean.wav,1-50454-A-44,stationary,5,train
data/processed/train/652-130726-0012__1-172649-A-40__neg5db__noisy.wav,data/processed/train/652-130726-0012__1-172649-A-40__neg5db__clean.wav,1-172649-A-40,stationary,-5,train
data/processed/train/6295-64301-0023__5-117120-A-42__5db__noisy.wav,data/processed/train/6295-64301-0023__5-117120-A-42__5db__clean.wav,5-117120-A-42,stationary,5,train
data/processed/train/3576-138058-0009__4-186936-A-44__10db__noisy.wav,data/processed/train/3576-138058-0009__4-186936-A-44__10db__clean.wav,4-186936-A-44,stationary,10,train
data/processed/train/3536-23268-0030__4-186940-A-44__10db__noisy.wav,data/processed/train/3536-23268-0030__4-186940-A-44__10db__clean.wav,4-186940-A-44,stationary,10,train
data/processed/train/251-136532-0002__1-24796-A-47__0db__noisy.wav,data/processed/train/251-136532-0002__1-24796-A-47__0db__clean.wav,1-24796-A-47,stationary,0,train
data/processed/train/8842-304647-0003__3-150979-B-40__neg5db__noisy.wav,data/processed/train/8842-304647-0003__3-150979-B-40__neg5db__clean.wav,3-150979-B-40,stationary,-5,train
data/processed/train/2803-154328-0010__2-117615-E-48__5db__noisy.wav,data/processed/train/2803-154328-0010__2-117615-E-48__5db__clean.wav,2-117615-E-48,impulsive,5,train
data/processed/train/1462-170142-0003__4-90014-B-42__neg5db__noisy.wav,data/processed/train/1462-170142-0003__4-90014-B-42__neg5db__clean.wav,4-90014-B-42,stationary,-5,train
data/processed/train/1673-143396-0018__5-177957-E-40__neg5db__noisy.wav,data/processed/train/1673-143396-0018__5-177957-E-40__neg5db__clean.wav,5-177957-E-40,stationary,-5,train
data/processed/train/2803-161169-0016__4-119647-C-48__5db__noisy.wav,data/processed/train/2803-161169-0016__4-119647-C-48__5db__clean.wav,4-119647-C-48,impulsive,5,train
data/processed/train/777-126732-0066__1-76831-E-42__0db__noisy.wav,data/processed/train/777-126732-0066__1-76831-E-42__0db__clean.wav,1-76831-E-42,stationary,0,train
data/processed/train/3853-163249-0041__2-105270-A-47__0db__noisy.wav,data/processed/train/3853-163249-0041__2-105270-A-47__0db__clean.wav,2-105270-A-47,stationary,0,train
data/processed/train/3536-23268-0007__5-209992-A-44__0db__noisy.wav,data/processed/train/3536-23268-0007__5-209992-A-44__0db__clean.wav,5-209992-A-44,stationary,0,train
data/processed/train/422-122949-0011__3-141240-A-44__neg5db__noisy.wav,data/processed/train/422-122949-0011__3-141240-A-44__neg5db__clean.wav,3-141240-A-44,stationary,-5,train
data/processed/train/3536-8226-0019__1-88409-A-45__neg5db__noisy.wav,data/processed/train/3536-8226-0019__1-88409-A-45__neg5db__clean.wav,1-88409-A-45,stationary,-5,train
data/processed/train/1988-147956-0003__1-76831-C-42__5db__noisy.wav,data/processed/train/1988-147956-0003__1-76831-C-42__5db__clean.wav,1-76831-C-42,stationary,5,train
data/processed/train/8297-275154-0001__4-186936-A-44__0db__noisy.wav,data/processed/train/8297-275154-0001__4-186936-A-44__0db__clean.wav,4-186936-A-44,stationary,0,train
data/processed/train/6319-64726-0016__3-159445-A-45__0db__noisy.wav,data/processed/train/6319-64726-0016__3-159445-A-45__0db__clean.wav,3-159445-A-45,stationary,0,train
data/processed/train/6295-244435-0019__1-64398-B-41__0db__noisy.wav,data/processed/train/6295-244435-0019__1-64398-B-41__0db__clean.wav,1-64398-B-41,stationary,0,train
data/processed/train/1462-170142-0005__1-181071-A-40__0db__noisy.wav,data/processed/train/1462-170142-0005__1-181071-A-40__0db__clean.wav,1-181071-A-40,stationary,0,train
data/processed/train/7850-281318-0015__4-161579-B-40__0db__noisy.wav,data/processed/train/7850-281318-0015__4-161579-B-40__0db__clean.wav,4-161579-B-40,stationary,0,train
data/processed/train/2078-142845-0022__3-128512-A-47__neg5db__noisy.wav,data/processed/train/2078-142845-0022__3-128512-A-47__neg5db__clean.wav,3-128512-A-47,stationary,-5,train
data/processed/train/6295-244435-0029__5-216370-A-41__0db__noisy.wav,data/processed/train/6295-244435-0029__5-216370-A-41__0db__clean.wav,5-216370-A-41,stationary,0,train
data/processed/train/1462-170145-0011__4-165823-A-41__10db__noisy.wav,data/processed/train/1462-170145-0011__4-165823-A-41__10db__clean.wav,4-165823-A-41,stationary,10,train
data/processed/train/1272-135031-0004__4-165791-B-45__neg5db__noisy.wav,data/processed/train/1272-135031-0004__4-165791-B-45__neg5db__clean.wav,4-165791-B-45,stationary,-5,train
data/processed/train/3000-15664-0025__0__5db__noisy.wav,data/processed/train/3000-15664-0025__0__5db__clean.wav,0,stationary,5,train
data/processed/train/652-130737-0004__1-19898-A-41__0db__noisy.wav,data/processed/train/652-130737-0004__1-19898-A-41__0db__clean.wav,1-19898-A-41,stationary,0,train
data/processed/train/2078-142845-0038__5-197121-B-45__0db__noisy.wav,data/processed/train/2078-142845-0038__5-197121-B-45__0db__clean.wav,5-197121-B-45,stationary,0,train
data/processed/train/5895-34629-0016__4-165845-A-45__neg5db__noisy.wav,data/processed/train/5895-34629-0016__4-165845-A-45__neg5db__clean.wav,4-165845-A-45,stationary,-5,train
data/processed/train/6319-275224-0007__3-172881-A-48__10db__noisy.wav,data/processed/train/6319-275224-0007__3-172881-A-48__10db__clean.wav,3-172881-A-48,impulsive,10,train
data/processed/train/1272-128104-0010__0__neg5db__noisy.wav,data/processed/train/1272-128104-0010__0__neg5db__clean.wav,0,stationary,-5,train
data/processed/train/1462-170145-0020__1-181071-A-40__10db__noisy.wav,data/processed/train/1462-170145-0020__1-181071-A-40__10db__clean.wav,1-181071-A-40,stationary,10,train
data/processed/train/3853-163249-0041__4-111671-A-42__5db__noisy.wav,data/processed/train/3853-163249-0041__4-111671-A-42__5db__clean.wav,4-111671-A-42,stationary,5,train
data/processed/train/6295-64301-0017__4-80761-A-42__5db__noisy.wav,data/processed/train/6295-64301-0017__4-80761-A-42__5db__clean.wav,4-80761-A-42,stationary,5,train
data/processed/train/3853-163249-0052__4-161579-B-40__neg5db__noisy.wav,data/processed/train/3853-163249-0052__4-161579-B-40__neg5db__clean.wav,4-161579-B-40,stationary,-5,train
data/processed/train/251-137823-0024__3-115387-B-47__5db__noisy.wav,data/processed/train/251-137823-0024__3-115387-B-47__5db__clean.wav,3-115387-B-47,stationary,5,train
data/processed/train/2078-142845-0045__2-50667-A-41__neg5db__noisy.wav,data/processed/train/2078-142845-0045__2-50667-A-41__neg5db__clean.wav,2-50667-A-41,stationary,-5,train
data/processed/train/8297-275154-0005__4-165823-B-41__5db__noisy.wav,data/processed/train/8297-275154-0005__4-165823-B-41__5db__clean.wav,4-165823-B-41,stationary,5,train
data/processed/train/1462-170142-0034__3-172881-A-48__0db__noisy.wav,data/processed/train/1462-170142-0034__3-172881-A-48__0db__clean.wav,3-172881-A-48,impulsive,0,train
data/processed/train/2902-9008-0006__2-74361-A-47__0db__noisy.wav,data/processed/train/2902-9008-0006__2-74361-A-47__0db__clean.wav,2-74361-A-47,stationary,0,train
data/processed/train/3853-163249-0041__3-259622-A-44__neg5db__noisy.wav,data/processed/train/3853-163249-0041__3-259622-A-44__neg5db__clean.wav,3-259622-A-44,stationary,-5,train
data/processed/train/1673-143397-0019__4-165933-A-45__5db__noisy.wav,data/processed/train/1673-143397-0019__4-165933-A-45__5db__clean.wav,4-165933-A-45,stationary,5,train
data/processed/train/3081-166546-0082__5-188796-A-45__5db__noisy.wav,data/processed/train/3081-166546-0082__5-188796-A-45__5db__clean.wav,5-188796-A-45,stationary,5,train
data/processed/train/251-136532-0020__2-68391-A-41__neg5db__noisy.wav,data/processed/train/251-136532-0020__2-68391-A-41__neg5db__clean.wav,2-68391-A-41,stationary,-5,train
data/processed/train/3576-138058-0030__5-117122-A-42__5db__noisy.wav,data/processed/train/3576-138058-0030__5-117122-A-42__5db__clean.wav,5-117122-A-42,stationary,5,train
data/processed/train/1272-135031-0016__5-184323-A-42__5db__noisy.wav,data/processed/train/1272-135031-0016__5-184323-A-42__5db__clean.wav,5-184323-A-42,stationary,5,train
data/processed/train/5694-64029-0020__2-98866-A-47__0db__noisy.wav,data/processed/train/5694-64029-0020__2-98866-A-47__0db__clean.wav,2-98866-A-47,stationary,0,train
data/processed/train/8842-302196-0012__4-161105-B-47__10db__noisy.wav,data/processed/train/8842-302196-0012__4-161105-B-47__10db__clean.wav,4-161105-B-47,stationary,10,train
data/processed/train/3081-166546-0080__1-181071-A-40__0db__noisy.wav,data/processed/train/3081-166546-0080__1-181071-A-40__0db__clean.wav,1-181071-A-40,stationary,0,train
data/processed/train/8297-275154-0017__1-76831-C-42__neg5db__noisy.wav,data/processed/train/8297-275154-0017__1-76831-C-42__neg5db__clean.wav,1-76831-C-42,stationary,-5,train
data/processed/train/3170-137482-0028__5-160551-A-42__neg5db__noisy.wav,data/processed/train/3170-137482-0028__5-160551-A-42__neg5db__clean.wav,5-160551-A-42,stationary,-5,train
data/processed/train/84-121550-0022__3-119120-A-48__10db__noisy.wav,data/processed/train/84-121550-0022__3-119120-A-48__10db__clean.wav,3-119120-A-48,impulsive,10,train
data/processed/train/5895-34622-0020__5-117122-A-42__0db__noisy.wav,data/processed/train/5895-34622-0020__5-117122-A-42__0db__clean.wav,5-117122-A-42,stationary,0,train
data/processed/train/2078-142845-0006__1-43807-B-47__5db__noisy.wav,data/processed/train/2078-142845-0006__1-43807-B-47__5db__clean.wav,1-43807-B-47,stationary,5,train
data/processed/train/2035-147960-0010__1-88409-A-45__0db__noisy.wav,data/processed/train/2035-147960-0010__1-88409-A-45__0db__clean.wav,1-88409-A-45,stationary,0,train
data/processed/train/8842-302196-0004__1-18527-A-44__neg5db__noisy.wav,data/processed/train/8842-302196-0004__1-18527-A-44__neg5db__clean.wav,1-18527-A-44,stationary,-5,train
data/processed/train/8842-302203-0008__2-188822-A-40__5db__noisy.wav,data/processed/train/8842-302203-0008__2-188822-A-40__5db__clean.wav,2-188822-A-40,stationary,5,train
data/processed/train/3081-166546-0030__4-90014-A-42__0db__noisy.wav,data/processed/train/3081-166546-0030__4-90014-A-42__0db__clean.wav,4-90014-A-42,stationary,0,train
data/processed/train/1988-24833-0004__5-160614-G-48__neg5db__noisy.wav,data/processed/train/1988-24833-0004__5-160614-G-48__neg5db__clean.wav,5-160614-G-48,impulsive,-5,train
data/processed/train/3853-163249-0049__1-19898-C-41__10db__noisy.wav,data/processed/train/3853-163249-0049__1-19898-C-41__10db__clean.wav,1-19898-C-41,stationary,10,train
data/processed/train/2078-142845-0028__3-118972-A-41__neg5db__noisy.wav,data/processed/train/2078-142845-0028__3-118972-A-41__neg5db__clean.wav,3-118972-A-41,stationary,-5,train
data/processed/train/6319-57405-0002__3-135650-A-45__10db__noisy.wav,data/processed/train/6319-57405-0002__3-135650-A-45__10db__clean.wav,3-135650-A-45,stationary,10,train
data/processed/train/2803-154328-0000__2-117615-E-48__5db__noisy.wav,data/processed/train/2803-154328-0000__2-117615-E-48__5db__clean.wav,2-117615-E-48,impulsive,5,train
data/processed/train/3536-8226-0008__5-185579-A-41__5db__noisy.wav,data/processed/train/3536-8226-0008__5-185579-A-41__5db__clean.wav,5-185579-A-41,stationary,5,train
data/processed/train/3536-23268-0024__4-157611-B-41__neg5db__noisy.wav,data/processed/train/3536-23268-0024__4-157611-B-41__neg5db__clean.wav,4-157611-B-41,stationary,-5,train
data/processed/train/777-126732-0067__4-149294-B-41__0db__noisy.wav,data/processed/train/777-126732-0067__4-149294-B-41__0db__clean.wav,4-149294-B-41,stationary,0,train
data/processed/train/652-130726-0035__1-172649-C-40__10db__noisy.wav,data/processed/train/652-130726-0035__1-172649-C-40__10db__clean.wav,1-172649-C-40,stationary,10,train
data/processed/train/3081-166546-0072__1-76831-E-42__10db__noisy.wav,data/processed/train/3081-166546-0072__1-76831-E-42__10db__clean.wav,1-76831-E-42,stationary,10,train
data/processed/train/3170-137482-0031__5-220955-A-40__10db__noisy.wav,data/processed/train/3170-137482-0031__5-220955-A-40__10db__clean.wav,5-220955-A-40,stationary,10,train
data/processed/train/5895-34629-0012__5-188945-A-45__neg5db__noisy.wav,data/processed/train/5895-34629-0012__5-188945-A-45__neg5db__clean.wav,5-188945-A-45,stationary,-5,train
data/processed/train/3576-138058-0002__1-76831-C-42__0db__noisy.wav,data/processed/train/3576-138058-0002__1-76831-C-42__0db__clean.wav,1-76831-C-42,stationary,0,train
data/processed/train/7850-281318-0004__5__5db__noisy.wav,data/processed/train/7850-281318-0004__5__5db__clean.wav,5,stationary,5,train
data/processed/train/2078-142845-0004__5-160614-F-48__10db__noisy.wav,data/processed/train/2078-142845-0004__5-160614-F-48__10db__clean.wav,5-160614-F-48,impulsive,10,train
data/processed/train/1272-135031-0003__3-128512-B-47__0db__noisy.wav,data/processed/train/1272-135031-0003__3-128512-B-47__0db__clean.wav,3-128512-B-47,stationary,0,train
data/processed/train/2428-83699-0008__3-193767-A-47__5db__noisy.wav,data/processed/train/2428-83699-0008__3-193767-A-47__5db__clean.wav,3-193767-A-47,stationary,5,train
data/processed/train/3576-138058-0039__3-118972-A-41__10db__noisy.wav,data/processed/train/3576-138058-0039__3-118972-A-41__10db__clean.wav,3-118972-A-41,stationary,10,train
data/processed/train/8297-275155-0021__5-177957-C-40__5db__noisy.wav,data/processed/train/8297-275155-0021__5-177957-C-40__5db__clean.wav,5-177957-C-40,stationary,5,train
data/processed/train/1988-24833-0015__4-67358-A-42__5db__noisy.wav,data/processed/train/1988-24833-0015__4-67358-A-42__5db__clean.wav,4-67358-A-42,stationary,5,train
data/processed/train/3536-23268-0000__5-177957-D-40__10db__noisy.wav,data/processed/train/3536-23268-0000__5-177957-D-40__10db__clean.wav,5-177957-D-40,stationary,10,train
data/processed/train/8842-302201-0001__4-168446-A-45__0db__noisy.wav,data/processed/train/8842-302201-0001__4-168446-A-45__0db__clean.wav,4-168446-A-45,stationary,0,train
data/processed/train/3170-137482-0024__1-181071-A-40__5db__noisy.wav,data/processed/train/3170-137482-0024__1-181071-A-40__5db__clean.wav,1-181071-A-40,stationary,5,train
data/processed/train/6319-64726-0000__1-24796-A-47__neg5db__noisy.wav,data/processed/train/6319-64726-0000__1-24796-A-47__neg5db__clean.wav,1-24796-A-47,stationary,-5,train
data/processed/train/5895-34622-0020__4-119648-A-48__neg5db__noisy.wav,data/processed/train/5895-34622-0020__4-119648-A-48__neg5db__clean.wav,4-119648-A-48,impulsive,-5,train
data/processed/train/1272-141231-0004__2-117615-D-48__0db__noisy.wav,data/processed/train/1272-141231-0004__2-117615-D-48__0db__clean.wav,2-117615-D-48,impulsive,0,train
data/processed/train/2803-154320-0003__1-47250-B-41__neg5db__noisy.wav,data/processed/train/2803-154320-0003__1-47250-B-41__neg5db__clean.wav,1-47250-B-41,stationary,-5,train
data/processed/train/7850-73752-0015__4-149294-A-41__5db__noisy.wav,data/processed/train/7850-73752-0015__4-149294-A-41__5db__clean.wav,4-149294-A-41,stationary,5,train
data/processed/train/652-130726-0028__1-76831-C-42__10db__noisy.wav,data/processed/train/652-130726-0028__1-76831-C-42__10db__clean.wav,1-76831-C-42,stationary,10,train
data/processed/train/1988-147956-0029__5-215445-A-47__neg5db__noisy.wav,data/processed/train/1988-147956-0029__5-215445-A-47__neg5db__clean.wav,5-215445-A-47,stationary,-5,train
data/processed/train/2035-147960-0002__1-53467-A-47__neg5db__noisy.wav,data/processed/train/2035-147960-0002__1-53467-A-47__neg5db__clean.wav,1-53467-A-47,stationary,-5,train
data/processed/train/652-130726-0020__5-133989-B-42__neg5db__noisy.wav,data/processed/train/652-130726-0020__5-133989-B-42__neg5db__clean.wav,5-133989-B-42,stationary,-5,train
data/processed/train/652-130726-0012__5-243773-B-44__5db__noisy.wav,data/processed/train/652-130726-0012__5-243773-B-44__5db__clean.wav,5-243773-B-44,stationary,5,train
data/processed/train/5694-64025-0011__5-251971-A-47__neg5db__noisy.wav,data/processed/train/5694-64025-0011__5-251971-A-47__neg5db__clean.wav,5-251971-A-47,stationary,-5,train
data/processed/train/3170-137482-0000__1-76831-E-42__neg5db__noisy.wav,data/processed/train/3170-137482-0000__1-76831-E-42__neg5db__clean.wav,1-76831-E-42,stationary,-5,train
data/processed/train/3081-166546-0069__2-74361-A-47__10db__noisy.wav,data/processed/train/3081-166546-0069__2-74361-A-47__10db__clean.wav,2-74361-A-47,stationary,10,train
data/processed/train/7850-111771-0000__1 (2)__10db__noisy.wav,data/processed/train/7850-111771-0000__1 (2)__10db__clean.wav,1 (2),impulsive,10,train
data/processed/train/422-122949-0031__5-216370-B-41__5db__noisy.wav,data/processed/train/422-122949-0031__5-216370-B-41__5db__clean.wav,5-216370-B-41,stationary,5,train
data/processed/train/5694-64029-0016__4-165606-A-45__0db__noisy.wav,data/processed/train/5694-64029-0016__4-165606-A-45__0db__clean.wav,4-165606-A-45,stationary,0,train
data/processed/train/8842-302201-0013__2-77945-A-41__5db__noisy.wav,data/processed/train/8842-302201-0013__2-77945-A-41__5db__clean.wav,2-77945-A-41,stationary,5,train
data/processed/train/1673-143396-0006__2-188822-A-40__5db__noisy.wav,data/processed/train/1673-143396-0006__2-188822-A-40__5db__clean.wav,2-188822-A-40,stationary,5,train
data/processed/train/3536-8226-0004__3-150979-B-40__neg5db__noisy.wav,data/processed/train/3536-8226-0004__3-150979-B-40__neg5db__clean.wav,3-150979-B-40,stationary,-5,train
data/processed/train/6319-64726-0005__4-90014-A-42__0db__noisy.wav,data/processed/train/6319-64726-0005__4-90014-A-42__0db__clean.wav,4-90014-A-42,stationary,0,train
data/processed/train/3081-166546-0084__5-235507-A-44__0db__noisy.wav,data/processed/train/3081-166546-0084__5-235507-A-44__0db__clean.wav,5-235507-A-44,stationary,0,train
data/processed/train/2902-9008-0015__2-122066-A-45__neg5db__noisy.wav,data/processed/train/2902-9008-0015__2-122066-A-45__neg5db__clean.wav,2-122066-A-45,stationary,-5,train
data/processed/train/1673-143397-0010__3-119120-A-48__neg5db__noisy.wav,data/processed/train/1673-143397-0010__3-119120-A-48__neg5db__clean.wav,3-119120-A-48,impulsive,-5,train
data/processed/train/3000-15664-0031__2-262579-A-45__0db__noisy.wav,data/processed/train/3000-15664-0031__2-262579-A-45__0db__clean.wav,2-262579-A-45,stationary,0,train
data/processed/train/1462-170138-0013__1-76831-E-42__5db__noisy.wav,data/processed/train/1462-170138-0013__1-76831-E-42__5db__clean.wav,1-76831-E-42,stationary,5,train
data/processed/train/3536-8226-0008__3-118657-A-41__0db__noisy.wav,data/processed/train/3536-8226-0008__3-118657-A-41__0db__clean.wav,3-118657-A-41,stationary,0,train
data/processed/train/3081-166546-0074__2-78799-A-47__0db__noisy.wav,data/processed/train/3081-166546-0074__2-78799-A-47__0db__clean.wav,2-78799-A-47,stationary,0,train
data/processed/train/6319-64726-0011__1-76831-C-42__0db__noisy.wav,data/processed/train/6319-64726-0011__1-76831-C-42__0db__clean.wav,1-76831-C-42,stationary,0,train
data/processed/train/8842-302203-0002__5-188945-A-45__10db__noisy.wav,data/processed/train/8842-302203-0002__5-188945-A-45__10db__clean.wav,5-188945-A-45,stationary,10,train
data/processed/train/1988-147956-0024__1-172649-C-40__10db__noisy.wav,data/processed/train/1988-147956-0024__1-172649-C-40__10db__clean.wav,1-172649-C-40,stationary,10,train
data/processed/train/2035-152373-0009__2-77945-A-41__5db__noisy.wav,data/processed/train/2035-152373-0009__2-77945-A-41__5db__clean.wav,2-77945-A-41,stationary,5,train
data/processed/train/1673-143397-0014__1-50661-A-44__0db__noisy.wav,data/processed/train/1673-143397-0014__1-50661-A-44__0db__clean.wav,1-50661-A-44,stationary,0,train
data/processed/train/6295-64301-0008__3-115387-B-47__10db__noisy.wav,data/processed/train/6295-64301-0008__3-115387-B-47__10db__clean.wav,3-115387-B-47,stationary,10,train
data/processed/train/3000-15664-0027__5-160551-A-42__0db__noisy.wav,data/processed/train/3000-15664-0027__5-160551-A-42__0db__clean.wav,5-160551-A-42,stationary,0,train
data/processed/train/3170-137482-0045__3-62878-A-42__10db__noisy.wav,data/processed/train/3170-137482-0045__3-62878-A-42__10db__clean.wav,3-62878-A-42,stationary,10,train
data/processed/train/251-118436-0004__1-88409-A-45__neg5db__noisy.wav,data/processed/train/251-118436-0004__1-88409-A-45__neg5db__clean.wav,1-88409-A-45,stationary,-5,train
data/processed/train/777-126732-0020__3-165856-A-41__10db__noisy.wav,data/processed/train/777-126732-0020__3-165856-A-41__10db__clean.wav,3-165856-A-41,stationary,10,train
data/processed/train/3853-163249-0020__1-76831-A-42__0db__noisy.wav,data/processed/train/3853-163249-0020__1-76831-A-42__0db__clean.wav,1-76831-A-42,stationary,0,train
data/processed/train/3081-166546-0033__3-193767-A-47__0db__noisy.wav,data/processed/train/3081-166546-0033__3-193767-A-47__0db__clean.wav,3-193767-A-47,stationary,0,train
data/processed/train/3853-163249-0050__3-193767-A-47__0db__noisy.wav,data/processed/train/3853-163249-0050__3-193767-A-47__0db__clean.wav,3-193767-A-47,stationary,0,train
data/processed/train/1993-147966-0000__1-62565-A-44__10db__noisy.wav,data/processed/train/1993-147966-0000__1-62565-A-44__10db__clean.wav,1-62565-A-44,stationary,10,train
data/processed/train/8842-302203-0011__3-150979-A-40__0db__noisy.wav,data/processed/train/8842-302203-0011__3-150979-A-40__0db__clean.wav,3-150979-A-40,stationary,0,train
data/processed/train/84-121123-0024__4-119647-C-48__10db__noisy.wav,data/processed/train/84-121123-0024__4-119647-C-48__10db__clean.wav,4-119647-C-48,impulsive,10,train
data/processed/train/251-137823-0011__1-172649-A-40__neg5db__noisy.wav,data/processed/train/251-137823-0011__1-172649-A-40__neg5db__clean.wav,1-172649-A-40,stationary,-5,train
data/processed/train/2078-142845-0031__4-161105-B-47__0db__noisy.wav,data/processed/train/2078-142845-0031__4-161105-B-47__0db__clean.wav,4-161105-B-47,stationary,0,train
data/processed/train/2078-142845-0013__3-154926-B-40__10db__noisy.wav,data/processed/train/2078-142845-0013__3-154926-B-40__10db__clean.wav,3-154926-B-40,stationary,10,train
data/processed/train/1988-24833-0026__5-133989-B-42__0db__noisy.wav,data/processed/train/1988-24833-0026__5-133989-B-42__0db__clean.wav,5-133989-B-42,stationary,0,train
data/processed/train/3853-163249-0056__1-76831-D-42__5db__noisy.wav,data/processed/train/3853-163249-0056__1-76831-D-42__5db__clean.wav,1-76831-D-42,stationary,5,train
data/processed/train/2803-161169-0001__4-67358-A-42__neg5db__noisy.wav,data/processed/train/2803-161169-0001__4-67358-A-42__neg5db__clean.wav,4-67358-A-42,stationary,-5,train
data/processed/train/652-130726-0016__1-76831-C-42__neg5db__noisy.wav,data/processed/train/652-130726-0016__1-76831-C-42__neg5db__clean.wav,1-76831-C-42,stationary,-5,train
data/processed/train/3576-138058-0011__3-150979-A-40__5db__noisy.wav,data/processed/train/3576-138058-0011__3-150979-A-40__5db__clean.wav,3-150979-A-40,stationary,5,train
data/processed/train/1462-170142-0013__5-215447-A-47__0db__noisy.wav,data/processed/train/1462-170142-0013__5-215447-A-47__0db__clean.wav,5-215447-A-47,stationary,0,train
data/processed/train/652-130726-0034__3-251617-A-48__neg5db__noisy.wav,data/processed/train/652-130726-0034__3-251617-A-48__neg5db__clean.wav,3-251617-A-48,impulsive,-5,train
data/processed/train/3081-166546-0002__5-251971-A-47__neg5db__noisy.wav,data/processed/train/3081-166546-0002__5-251971-A-47__neg5db__clean.wav,5-251971-A-47,stationary,-5,train
data/processed/train/8842-304647-0008__5-198600-A-45__10db__noisy.wav,data/processed/train/8842-304647-0008__5-198600-A-45__10db__clean.wav,5-198600-A-45,stationary,10,train
data/processed/train/5895-34615-0017__5-177957-B-40__10db__noisy.wav,data/processed/train/5895-34615-0017__5-177957-B-40__10db__clean.wav,5-177957-B-40,stationary,10,train
data/processed/train/251-136532-0023__1 (1)__5db__noisy.wav,data/processed/train/251-136532-0023__1 (1)__5db__clean.wav,1 (1),impulsive,5,train
data/processed/train/2428-83705-0027__4-161100-A-47__5db__noisy.wav,data/processed/train/2428-83705-0027__4-161100-A-47__5db__clean.wav,4-161100-A-47,stationary,5,train
data/processed/train/3853-163249-0024__2-43802-A-42__10db__noisy.wav,data/processed/train/3853-163249-0024__2-43802-A-42__10db__clean.wav,2-43802-A-42,stationary,10,train
data/processed/train/1272-141231-0030__5-160551-A-42__0db__noisy.wav,data/processed/train/1272-141231-0030__5-160551-A-42__0db__clean.wav,5-160551-A-42,stationary,0,train
data/processed/train/2078-142845-0018__3-115387-B-47__5db__noisy.wav,data/processed/train/2078-142845-0018__3-115387-B-47__5db__clean.wav,3-115387-B-47,stationary,5,train
data/processed/train/3576-138058-0031__4-102871-A-42__neg5db__noisy.wav,data/processed/train/3576-138058-0031__4-102871-A-42__neg5db__clean.wav,4-102871-A-42,stationary,-5,train
data/processed/train/1462-170138-0013__3-119120-A-48__0db__noisy.wav,data/processed/train/1462-170138-0013__3-119120-A-48__0db__clean.wav,3-119120-A-48,impulsive,0,train
data/processed/train/5694-64038-0019__2-50668-B-41__neg5db__noisy.wav,data/processed/train/5694-64038-0019__2-50668-B-41__neg5db__clean.wav,2-50668-B-41,stationary,-5,train
data/processed/train/777-126732-0015__4-111671-B-42__0db__noisy.wav,data/processed/train/777-126732-0015__4-111671-B-42__0db__clean.wav,4-111671-B-42,stationary,0,train
data/processed/train/5694-64029-0032__3-51909-A-42__5db__noisy.wav,data/processed/train/5694-64029-0032__3-51909-A-42__5db__clean.wav,3-51909-A-42,stationary,5,train
data/processed/train/1272-141231-0001__2-70052-B-42__5db__noisy.wav,data/processed/train/1272-141231-0001__2-70052-B-42__5db__clean.wav,2-70052-B-42,stationary,5,train
data/processed/train/5895-34629-0027__1 (1)__5db__noisy.wav,data/processed/train/5895-34629-0027__1 (1)__5db__clean.wav,1 (1),impulsive,5,train
data/processed/train/3170-137482-0046__1-181071-B-40__0db__noisy.wav,data/processed/train/3170-137482-0046__1-181071-B-40__0db__clean.wav,1-181071-B-40,stationary,0,train
data/processed/train/5694-64038-0003__5-150409-A-42__0db__noisy.wav,data/processed/train/5694-64038-0003__5-150409-A-42__0db__clean.wav,5-150409-A-42,stationary,0,train
data/processed/train/2902-9006-0008__5-160614-D-48__0db__noisy.wav,data/processed/train/2902-9006-0008__5-160614-D-48__0db__clean.wav,5-160614-D-48,impulsive,0,train
data/processed/train/2803-154328-0012__5-160614-A-48__10db__noisy.wav,data/processed/train/2803-154328-0012__5-160614-A-48__10db__clean.wav,5-160614-A-48,impulsive,10,train
data/processed/train/777-126732-0011__4-119648-C-48__5db__noisy.wav,data/processed/train/777-126732-0011__4-119648-C-48__5db__clean.wav,4-119648-C-48,impulsive,5,train
data/processed/train/251-137823-0004__10__5db__noisy.wav,data/processed/train/251-137823-0004__10__5db__clean.wav,10,impulsive,5,train
data/processed/train/2078-142845-0017__4-125929-A-40__0db__noisy.wav,data/processed/train/2078-142845-0017__4-125929-A-40__0db__clean.wav,4-125929-A-40,stationary,0,train
data/processed/train/7850-111771-0003__5-117118-A-42__neg5db__noisy.wav,data/processed/train/7850-111771-0003__5-117118-A-42__neg5db__clean.wav,5-117118-A-42,stationary,-5,train
data/processed/train/1993-147965-0005__2-50667-B-41__neg5db__noisy.wav,data/processed/train/1993-147965-0005__2-50667-B-41__neg5db__clean.wav,2-50667-B-41,stationary,-5,train
data/processed/train/2428-83705-0000__1-62509-A-45__5db__noisy.wav,data/processed/train/2428-83705-0000__1-62509-A-45__5db__clean.wav,1-62509-A-45,stationary,5,train
data/processed/train/3576-138058-0037__1-19898-B-41__10db__noisy.wav,data/processed/train/3576-138058-0037__1-19898-B-41__10db__clean.wav,1-19898-B-41,stationary,10,train
data/processed/train/3536-8226-0011__5-160614-B-48__neg5db__noisy.wav,data/processed/train/3536-8226-0011__5-160614-B-48__neg5db__clean.wav,5-160614-B-48,impulsive,-5,train
data/processed/train/1462-170142-0036__4-67358-A-42__10db__noisy.wav,data/processed/train/1462-170142-0036__4-67358-A-42__10db__clean.wav,4-67358-A-42,stationary,10,train
data/processed/train/2035-147960-0001__4-157611-A-41__neg5db__noisy.wav,data/processed/train/2035-147960-0001__4-157611-A-41__neg5db__clean.wav,4-157611-A-41,stationary,-5,train
data/processed/train/5694-64029-0008__3-141559-A-45__0db__noisy.wav,data/processed/train/5694-64029-0008__3-141559-A-45__0db__clean.wav,3-141559-A-45,stationary,0,train
data/processed/train/8297-275156-0010__1-64398-B-41__10db__noisy.wav,data/processed/train/8297-275156-0010__1-64398-B-41__10db__clean.wav,1-64398-B-41,stationary,10,train
data/processed/train/2428-83699-0025__3-68630-A-40__neg5db__noisy.wav,data/processed/train/2428-83699-0025__3-68630-A-40__neg5db__clean.wav,3-68630-A-40,stationary,-5,train
data/processed/train/1272-135031-0011__4-119648-D-48__10db__noisy.wav,data/processed/train/1272-135031-0011__4-119648-D-48__10db__clean.wav,4-119648-D-48,impulsive,10,train
data/processed/train/3081-166546-0039__3-141240-A-44__0db__noisy.wav,data/processed/train/3081-166546-0039__3-141240-A-44__0db__clean.wav,3-141240-A-44,stationary,0,train
data/processed/train/3081-166546-0005__3-115387-C-47__neg5db__noisy.wav,data/processed/train/3081-166546-0005__3-115387-C-47__neg5db__clean.wav,3-115387-C-47,stationary,-5,train
data/processed/train/2428-83699-0011__1-115545-B-48__0db__noisy.wav,data/processed/train/2428-83699-0011__1-115545-B-48__0db__clean.wav,1-115545-B-48,impulsive,0,train
data/processed/train/6295-64301-0016__3-119120-B-48__10db__noisy.wav,data/processed/train/6295-64301-0016__3-119120-B-48__10db__clean.wav,3-119120-B-48,impulsive,10,train
data/processed/train/2803-154328-0015__1-31482-B-42__10db__noisy.wav,data/processed/train/2803-154328-0015__1-31482-B-42__10db__clean.wav,1-31482-B-42,stationary,10,train
data/processed/train/7850-286674-0007__1-76831-A-42__5db__noisy.wav,data/processed/train/7850-286674-0007__1-76831-A-42__5db__clean.wav,1-76831-A-42,stationary,5,train
data/processed/train/2428-83705-0022__3-62878-A-42__0db__noisy.wav,data/processed/train/2428-83705-0022__3-62878-A-42__0db__clean.wav,3-62878-A-42,stationary,0,train
data/processed/train/1462-170142-0034__5-220955-A-40__0db__noisy.wav,data/processed/train/1462-170142-0034__5-220955-A-40__0db__clean.wav,5-220955-A-40,stationary,0,train
data/processed/train/7850-281318-0008__2-70052-B-42__neg5db__noisy.wav,data/processed/train/7850-281318-0008__2-70052-B-42__neg5db__clean.wav,2-70052-B-42,stationary,-5,train
data/processed/train/6295-244435-0009__3-118972-A-41__10db__noisy.wav,data/processed/train/6295-244435-0009__3-118972-A-41__10db__clean.wav,3-118972-A-41,stationary,10,train
data/processed/train/3536-8226-0015__4-193480-A-40__10db__noisy.wav,data/processed/train/3536-8226-0015__4-193480-A-40__10db__clean.wav,4-193480-A-40,stationary,10,train
data/processed/train/5694-64029-0030__3-51909-A-42__5db__noisy.wav,data/processed/train/5694-64029-0030__3-51909-A-42__5db__clean.wav,3-51909-A-42,stationary,5,train
data/processed/train/2428-83699-0004__1-50455-A-44__neg5db__noisy.wav,data/processed/train/2428-83699-0004__1-50455-A-44__neg5db__clean.wav,1-50455-A-44,stationary,-5,train
data/processed/train/1988-24833-0026__4-90014-B-42__10db__noisy.wav,data/processed/train/1988-24833-0026__4-90014-B-42__10db__clean.wav,4-90014-B-42,stationary,10,train
data/processed/train/1988-24833-0011__2-43802-A-42__neg5db__noisy.wav,data/processed/train/1988-24833-0011__2-43802-A-42__neg5db__clean.wav,2-43802-A-42,stationary,-5,train
data/processed/train/2078-142845-0015__1-19898-C-41__5db__noisy.wav,data/processed/train/2078-142845-0015__1-19898-C-41__5db__clean.wav,1-19898-C-41,stationary,5,train
data/processed/train/652-129742-0006__4-165606-A-45__0db__noisy.wav,data/processed/train/652-129742-0006__4-165606-A-45__0db__clean.wav,4-165606-A-45,stationary,0,train
data/processed/train/2078-142845-0028__2-43806-A-42__10db__noisy.wav,data/processed/train/2078-142845-0028__2-43806-A-42__10db__clean.wav,2-43806-A-42,stationary,10,train
data/processed/train/5694-64029-0005__3-146186-A-44__0db__noisy.wav,data/processed/train/5694-64029-0005__3-146186-A-44__0db__clean.wav,3-146186-A-44,stationary,0,train
data/processed/train/7850-281318-0017__1-115545-B-48__0db__noisy.wav,data/processed/train/7850-281318-0017__1-115545-B-48__0db__clean.wav,1-115545-B-48,impulsive,0,train
data/processed/train/422-122949-0006__5-188796-A-45__10db__noisy.wav,data/processed/train/422-122949-0006__5-188796-A-45__10db__clean.wav,5-188796-A-45,stationary,10,train
data/processed/train/777-126732-0080__5-216370-A-41__neg5db__noisy.wav,data/processed/train/777-126732-0080__5-216370-A-41__neg5db__clean.wav,5-216370-A-41,stationary,-5,train
data/processed/train/1673-143396-0011__4-168446-A-45__5db__noisy.wav,data/processed/train/1673-143396-0011__4-168446-A-45__5db__clean.wav,4-168446-A-45,stationary,5,train
data/processed/train/5895-34622-0020__3-119120-A-48__5db__noisy.wav,data/processed/train/5895-34622-0020__3-119120-A-48__5db__clean.wav,3-119120-A-48,impulsive,5,train
data/processed/train/1993-147149-0020__3-150979-A-40__0db__noisy.wav,data/processed/train/1993-147149-0020__3-150979-A-40__0db__clean.wav,3-150979-A-40,stationary,0,train
data/processed/train/84-121550-0029__1-64398-B-41__neg5db__noisy.wav,data/processed/train/84-121550-0029__1-64398-B-41__neg5db__clean.wav,1-64398-B-41,stationary,-5,train
data/processed/train/2078-142845-0014__5-160614-E-48__10db__noisy.wav,data/processed/train/2078-142845-0014__5-160614-E-48__10db__clean.wav,5-160614-E-48,impulsive,10,train
data/processed/train/3170-137482-0022__5-185579-A-41__neg5db__noisy.wav,data/processed/train/3170-137482-0022__5-185579-A-41__neg5db__clean.wav,5-185579-A-41,stationary,-5,train
data/processed/train/2035-152373-0010__1-70300-A-45__5db__noisy.wav,data/processed/train/2035-152373-0010__1-70300-A-45__5db__clean.wav,1-70300-A-45,stationary,5,train
data/processed/train/251-137823-0012__5-215449-A-47__5db__noisy.wav,data/processed/train/251-137823-0012__5-215449-A-47__5db__clean.wav,5-215449-A-47,stationary,5,train
data/processed/train/1272-135031-0018__1-181071-A-40__10db__noisy.wav,data/processed/train/1272-135031-0018__1-181071-A-40__10db__clean.wav,1-181071-A-40,stationary,10,train
data/processed/train/8297-275154-0012__3-118657-A-41__neg5db__noisy.wav,data/processed/train/8297-275154-0012__3-118657-A-41__neg5db__clean.wav,3-118657-A-41,stationary,-5,train
data/processed/train/1272-135031-0017__4-186936-A-44__10db__noisy.wav,data/processed/train/1272-135031-0017__4-186936-A-44__10db__clean.wav,4-186936-A-44,stationary,10,train
data/processed/train/5895-34629-0021__4-193480-A-40__5db__noisy.wav,data/processed/train/5895-34629-0021__4-193480-A-40__5db__clean.wav,4-193480-A-40,stationary,5,train
data/processed/train/84-121123-0020__1-115545-A-48__10db__noisy.wav,data/processed/train/84-121123-0020__1-115545-A-48__10db__clean.wav,1-115545-A-48,impulsive,10,train
data/processed/train/2803-154320-0008__1-76831-C-42__0db__noisy.wav,data/processed/train/2803-154320-0008__1-76831-C-42__0db__clean.wav,1-76831-C-42,stationary,0,train
data/processed/train/6295-244435-0007__2-105270-A-47__neg5db__noisy.wav,data/processed/train/6295-244435-0007__2-105270-A-47__neg5db__clean.wav,2-105270-A-47,stationary,-5,train
data/processed/train/1462-170138-0021__2-43806-A-42__10db__noisy.wav,data/processed/train/1462-170138-0021__2-43806-A-42__10db__clean.wav,2-43806-A-42,stationary,10,train
data/processed/train/2803-154328-0009__4-161099-A-47__10db__noisy.wav,data/processed/train/2803-154328-0009__4-161099-A-47__10db__clean.wav,4-161099-A-47,stationary,10,train
data/processed/train/3081-166546-0051__2-70936-A-42__10db__noisy.wav,data/processed/train/3081-166546-0051__2-70936-A-42__10db__clean.wav,2-70936-A-42,stationary,10,train
data/processed/train/5694-64038-0012__3-62878-B-42__0db__noisy.wav,data/processed/train/5694-64038-0012__3-62878-B-42__0db__clean.wav,3-62878-B-42,stationary,0,train
data/processed/train/652-129742-0020__1-115545-B-48__0db__noisy.wav,data/processed/train/652-129742-0020__1-115545-B-48__0db__clean.wav,1-115545-B-48,impulsive,0,train
data/processed/train/3081-166546-0027__5-160614-F-48__0db__noisy.wav,data/processed/train/3081-166546-0027__5-160614-F-48__0db__clean.wav,5-160614-F-48,impulsive,0,train
data/processed/train/1462-170138-0022__1-62565-A-44__5db__noisy.wav,data/processed/train/1462-170138-0022__1-62565-A-44__5db__clean.wav,1-62565-A-44,stationary,5,train
data/processed/train/3853-163249-0036__4-161105-B-47__10db__noisy.wav,data/processed/train/3853-163249-0036__4-161105-B-47__10db__clean.wav,4-161105-B-47,stationary,10,train
data/processed/train/6295-244435-0025__2-105270-A-47__10db__noisy.wav,data/processed/train/6295-244435-0025__2-105270-A-47__10db__clean.wav,2-105270-A-47,stationary,10,train
data/processed/train/2428-83699-0002__5-215445-A-47__0db__noisy.wav,data/processed/train/2428-83699-0002__5-215445-A-47__0db__clean.wav,5-215445-A-47,stationary,0,train
data/processed/train/5694-64025-0009__2-262579-A-45__neg5db__noisy.wav,data/processed/train/5694-64025-0009__2-262579-A-45__neg5db__clean.wav,2-262579-A-45,stationary,-5,train
data/processed/train/3576-138058-0019__5-117118-A-42__5db__noisy.wav,data/processed/train/3576-138058-0019__5-117118-A-42__5db__clean.wav,5-117118-A-42,stationary,5,train
data/processed/train/7850-286674-0002__2-68391-B-41__neg5db__noisy.wav,data/processed/train/7850-286674-0002__2-68391-B-41__neg5db__clean.wav,2-68391-B-41,stationary,-5,train
data/processed/train/3081-166546-0085__1-64398-B-41__10db__noisy.wav,data/processed/train/3081-166546-0085__1-64398-B-41__10db__clean.wav,1-64398-B-41,stationary,10,train
data/processed/train/7850-286674-0006__5-222524-A-41__5db__noisy.wav,data/processed/train/7850-286674-0006__5-222524-A-41__5db__clean.wav,5-222524-A-41,stationary,5,train
data/processed/train/6295-244435-0035__3-119120-D-48__neg5db__noisy.wav,data/processed/train/6295-244435-0035__3-119120-D-48__neg5db__clean.wav,3-119120-D-48,impulsive,-5,train
data/processed/train/3536-8226-0029__3-118972-B-41__10db__noisy.wav,data/processed/train/3536-8226-0029__3-118972-B-41__10db__clean.wav,3-118972-B-41,stationary,10,train
data/processed/train/1272-141231-0008__5-150409-A-42__5db__noisy.wav,data/processed/train/1272-141231-0008__5-150409-A-42__5db__clean.wav,5-150409-A-42,stationary,5,train
data/processed/train/2428-83705-0002__5-251963-A-47__10db__noisy.wav,data/processed/train/2428-83705-0002__5-251963-A-47__10db__clean.wav,5-251963-A-47,stationary,10,train
data/processed/train/2428-83699-0028__5-220955-A-40__5db__noisy.wav,data/processed/train/2428-83699-0028__5-220955-A-40__5db__clean.wav,5-220955-A-40,stationary,5,train
data/processed/train/1673-143397-0005__1-119125-A-45__5db__noisy.wav,data/processed/train/1673-143397-0005__1-119125-A-45__5db__clean.wav,1-119125-A-45,stationary,5,train
data/processed/train/251-137823-0009__5-215449-A-47__0db__noisy.wav,data/processed/train/251-137823-0009__5-215449-A-47__0db__clean.wav,5-215449-A-47,stationary,0,train
data/processed/train/3081-166546-0042__5-117122-A-42__10db__noisy.wav,data/processed/train/3081-166546-0042__5-117122-A-42__10db__clean.wav,5-117122-A-42,stationary,10,train
data/processed/train/8297-275155-0013__1-18527-A-44__10db__noisy.wav,data/processed/train/8297-275155-0013__1-18527-A-44__10db__clean.wav,1-18527-A-44,stationary,10,train
data/processed/train/1993-147966-0005__2-70052-B-42__neg5db__noisy.wav,data/processed/train/1993-147966-0005__2-70052-B-42__neg5db__clean.wav,2-70052-B-42,stationary,-5,train
data/processed/train/5694-64029-0015__3-135650-A-45__0db__noisy.wav,data/processed/train/5694-64029-0015__3-135650-A-45__0db__clean.wav,3-135650-A-45,stationary,0,train
data/processed/train/251-136532-0022__2-105270-A-47__5db__noisy.wav,data/processed/train/251-136532-0022__2-105270-A-47__5db__clean.wav,2-105270-A-47,stationary,5,train
data/processed/train/3536-23268-0006__4-119647-A-48__0db__noisy.wav,data/processed/train/3536-23268-0006__4-119647-A-48__0db__clean.wav,4-119647-A-48,impulsive,0,train
data/processed/train/1272-135031-0010__2-50667-B-41__0db__noisy.wav,data/processed/train/1272-135031-0010__2-50667-B-41__0db__clean.wav,2-50667-B-41,stationary,0,train
data/processed/train/777-126732-0048__1-43807-B-47__0db__noisy.wav,data/processed/train/777-126732-0048__1-43807-B-47__0db__clean.wav,1-43807-B-47,stationary,0,train
data/processed/train/3853-163249-0036__2-117615-A-48__0db__noisy.wav,data/processed/train/3853-163249-0036__2-117615-A-48__0db__clean.wav,2-117615-A-48,impulsive,0,train
data/processed/train/3576-138058-0010__5-117118-A-42__10db__noisy.wav,data/processed/train/3576-138058-0010__5-117118-A-42__10db__clean.wav,5-117118-A-42,stationary,10,train
data/processed/train/3576-138058-0016__2-43806-A-42__5db__noisy.wav,data/processed/train/3576-138058-0016__2-43806-A-42__5db__clean.wav,2-43806-A-42,stationary,5,train
data/processed/train/3000-15664-0002__5-216370-B-41__5db__noisy.wav,data/processed/train/3000-15664-0002__5-216370-B-41__5db__clean.wav,5-216370-B-41,stationary,5,train
data/processed/train/84-121550-0002__3-119120-A-48__10db__noisy.wav,data/processed/train/84-121550-0002__3-119120-A-48__10db__clean.wav,3-119120-A-48,impulsive,10,train
data/processed/train/84-121550-0016__2-70936-A-42__10db__noisy.wav,data/processed/train/84-121550-0016__2-70936-A-42__10db__clean.wav,2-70936-A-42,stationary,10,train
data/processed/train/3170-137482-0002__5-117120-A-42__10db__noisy.wav,data/processed/train/3170-137482-0002__5-117120-A-42__10db__clean.wav,5-117120-A-42,stationary,10,train
data/processed/train/1272-141231-0004__3-172922-A-48__0db__noisy.wav,data/processed/train/1272-141231-0004__3-172922-A-48__0db__clean.wav,3-172922-A-48,impulsive,0,train
data/processed/train/1272-128104-0001__2-50667-A-41__neg5db__noisy.wav,data/processed/train/1272-128104-0001__2-50667-A-41__neg5db__clean.wav,2-50667-A-41,stationary,-5,train
data/processed/train/6295-64301-0018__4-165606-A-45__5db__noisy.wav,data/processed/train/6295-64301-0018__4-165606-A-45__5db__clean.wav,4-165606-A-45,stationary,5,train
data/processed/train/8842-304647-0002__2-77945-B-41__10db__noisy.wav,data/processed/train/8842-304647-0002__2-77945-B-41__10db__clean.wav,2-77945-B-41,stationary,10,train
data/processed/train/84-121550-0025__5-150409-A-42__10db__noisy.wav,data/processed/train/84-121550-0025__5-150409-A-42__10db__clean.wav,5-150409-A-42,stationary,10,train
data/processed/train/3081-166546-0030__3-119120-D-48__neg5db__noisy.wav,data/processed/train/3081-166546-0030__3-119120-D-48__neg5db__clean.wav,3-119120-D-48,impulsive,-5,train
data/processed/train/5694-64038-0014__4-171652-A-44__0db__noisy.wav,data/processed/train/5694-64038-0014__4-171652-A-44__0db__clean.wav,4-171652-A-44,stationary,0,train
data/processed/train/7850-73752-0003__3-118657-A-41__neg5db__noisy.wav,data/processed/train/7850-73752-0003__3-118657-A-41__neg5db__clean.wav,3-118657-A-41,stationary,-5,train
data/processed/train/2428-83699-0008__3-146186-A-44__neg5db__noisy.wav,data/processed/train/2428-83699-0008__3-146186-A-44__neg5db__clean.wav,3-146186-A-44,stationary,-5,train
data/processed/train/777-126732-0047__4-171652-A-44__10db__noisy.wav,data/processed/train/777-126732-0047__4-171652-A-44__10db__clean.wav,4-171652-A-44,stationary,10,train
data/processed/train/7850-281318-0020__4-178881-A-45__10db__noisy.wav,data/processed/train/7850-281318-0020__4-178881-A-45__10db__clean.wav,4-178881-A-45,stationary,10,train
data/processed/train/8297-275155-0020__1-76831-B-42__10db__noisy.wav,data/processed/train/8297-275155-0020__1-76831-B-42__10db__clean.wav,1-76831-B-42,stationary,10,train
data/processed/train/2428-83699-0020__1-47250-A-41__neg5db__noisy.wav,data/processed/train/2428-83699-0020__1-47250-A-41__neg5db__clean.wav,1-47250-A-41,stationary,-5,train
data/processed/train/2428-83699-0027__1-115546-A-48__5db__noisy.wav,data/processed/train/2428-83699-0027__1-115546-A-48__5db__clean.wav,1-115546-A-48,impulsive,5,train
data/processed/train/8842-302203-0008__1-50455-A-44__5db__noisy.wav,data/processed/train/8842-302203-0008__1-50455-A-44__5db__clean.wav,1-50455-A-44,stationary,5,train
data/processed/train/5694-64029-0028__4-169127-A-41__0db__noisy.wav,data/processed/train/5694-64029-0028__4-169127-A-41__0db__clean.wav,4-169127-A-41,stationary,0,train
data/processed/train/7850-286674-0008__4-165823-B-41__neg5db__noisy.wav,data/processed/train/7850-286674-0008__4-165823-B-41__neg5db__clean.wav,4-165823-B-41,stationary,-5,train
data/processed/train/7850-286674-0013__3-51909-A-42__10db__noisy.wav,data/processed/train/7850-286674-0013__3-51909-A-42__10db__clean.wav,3-51909-A-42,stationary,10,train
data/processed/train/777-126732-0021__2-70939-A-42__10db__noisy.wav,data/processed/train/777-126732-0021__2-70939-A-42__10db__clean.wav,2-70939-A-42,stationary,10,train
data/processed/train/3853-163249-0041__3-172881-A-48__5db__noisy.wav,data/processed/train/3853-163249-0041__3-172881-A-48__5db__clean.wav,3-172881-A-48,impulsive,5,train
data/processed/train/3081-166546-0022__1-172649-C-40__5db__noisy.wav,data/processed/train/3081-166546-0022__1-172649-C-40__5db__clean.wav,1-172649-C-40,stationary,5,train
data/processed/train/2803-154328-0011__1-76831-C-42__0db__noisy.wav,data/processed/train/2803-154328-0011__1-76831-C-42__0db__clean.wav,1-76831-C-42,stationary,0,train
data/processed/train/5694-64025-0003__4-165845-A-45__5db__noisy.wav,data/processed/train/5694-64025-0003__4-165845-A-45__5db__clean.wav,4-165845-A-45,stationary,5,train
data/processed/train/84-121123-0024__2-68391-A-41__10db__noisy.wav,data/processed/train/84-121123-0024__2-68391-A-41__10db__clean.wav,2-68391-A-41,stationary,10,train
data/processed/train/3576-138058-0016__5-177957-B-40__5db__noisy.wav,data/processed/train/3576-138058-0016__5-177957-B-40__5db__clean.wav,5-177957-B-40,stationary,5,train
data/processed/train/5895-34629-0002__2-37806-C-40__neg5db__noisy.wav,data/processed/train/5895-34629-0002__2-37806-C-40__neg5db__clean.wav,2-37806-C-40,stationary,-5,train
data/processed/train/777-126732-0043__3-141559-A-45__0db__noisy.wav,data/processed/train/777-126732-0043__3-141559-A-45__0db__clean.wav,3-141559-A-45,stationary,0,train
data/processed/train/2428-83705-0013__2-262579-A-45__10db__noisy.wav,data/processed/train/2428-83705-0013__2-262579-A-45__10db__clean.wav,2-262579-A-45,stationary,10,train
data/processed/train/652-130726-0022__3-150979-A-40__neg5db__noisy.wav,data/processed/train/652-130726-0022__3-150979-A-40__neg5db__clean.wav,3-150979-A-40,stationary,-5,train
data/processed/train/8842-302196-0008__1-160563-B-48__neg5db__noisy.wav,data/processed/train/8842-302196-0008__1-160563-B-48__neg5db__clean.wav,1-160563-B-48,impulsive,-5,train
data/processed/train/251-118436-0000__3-62878-B-42__5db__noisy.wav,data/processed/train/251-118436-0000__3-62878-B-42__5db__clean.wav,3-62878-B-42,stationary,5,train
data/processed/train/3576-138058-0020__3-119120-C-48__0db__noisy.wav,data/processed/train/3576-138058-0020__3-119120-C-48__0db__clean.wav,3-119120-C-48,impulsive,0,train
data/processed/train/6295-244435-0029__1 (2)__neg5db__noisy.wav,data/processed/train/6295-244435-0029__1 (2)__neg5db__clean.wav,1 (2),impulsive,-5,train
data/processed/train/1272-141231-0020__5-232272-A-44__5db__noisy.wav,data/processed/train/1272-141231-0020__5-232272-A-44__5db__clean.wav,5-232272-A-44,stationary,5,train
data/processed/train/8842-302196-0007__4-165933-A-45__10db__noisy.wav,data/processed/train/8842-302196-0007__4-165933-A-45__10db__clean.wav,4-165933-A-45,stationary,10,train
data/processed/train/7850-111771-0001__10__5db__noisy.wav,data/processed/train/7850-111771-0001__10__5db__clean.wav,10,impulsive,5,train
data/processed/train/1988-148538-0011__1-119125-A-45__5db__noisy.wav,data/processed/train/1988-148538-0011__1-119125-A-45__5db__clean.wav,1-119125-A-45,stationary,5,train
data/processed/train/2078-142845-0005__1-47250-B-41__0db__noisy.wav,data/processed/train/2078-142845-0005__1-47250-B-41__0db__clean.wav,1-47250-B-41,stationary,0,train
data/processed/train/2035-147960-0004__3-119455-A-44__5db__noisy.wav,data/processed/train/2035-147960-0004__3-119455-A-44__5db__clean.wav,3-119455-A-44,stationary,5,train
data/processed/train/3081-166546-0031__3-128512-B-47__5db__noisy.wav,data/processed/train/3081-166546-0031__3-128512-B-47__5db__clean.wav,3-128512-B-47,stationary,5,train
data/processed/train/7850-73752-0006__3-118657-A-41__0db__noisy.wav,data/processed/train/7850-73752-0006__3-118657-A-41__0db__clean.wav,3-118657-A-41,stationary,0,train
data/processed/train/3170-137482-0013__1-76831-C-42__neg5db__noisy.wav,data/processed/train/3170-137482-0013__1-76831-C-42__neg5db__clean.wav,1-76831-C-42,stationary,-5,train
data/processed/train/5694-64038-0002__1-115546-A-48__10db__noisy.wav,data/processed/train/5694-64038-0002__1-115546-A-48__10db__clean.wav,1-115546-A-48,impulsive,10,train
data/processed/train/2035-147960-0015__1-76831-D-42__10db__noisy.wav,data/processed/train/2035-147960-0015__1-76831-D-42__10db__clean.wav,1-76831-D-42,stationary,10,train
data/processed/train/2428-83699-0028__5__neg5db__noisy.wav,data/processed/train/2428-83699-0028__5__neg5db__clean.wav,5,stationary,-5,train
data/processed/train/7850-281318-0005__4-161099-A-47__10db__noisy.wav,data/processed/train/7850-281318-0005__4-161099-A-47__10db__clean.wav,4-161099-A-47,stationary,10,train
data/processed/train/2078-142845-0042__5-198600-A-45__10db__noisy.wav,data/processed/train/2078-142845-0042__5-198600-A-45__10db__clean.wav,5-198600-A-45,stationary,10,train
data/processed/train/6295-64301-0020__1-50454-A-44__5db__noisy.wav,data/processed/train/6295-64301-0020__1-50454-A-44__5db__clean.wav,1-50454-A-44,stationary,5,train
data/processed/train/6295-244435-0024__5-185579-B-41__neg5db__noisy.wav,data/processed/train/6295-244435-0024__5-185579-B-41__neg5db__clean.wav,5-185579-B-41,stationary,-5,train
data/processed/train/251-136532-0004__3-119120-E-48__10db__noisy.wav,data/processed/train/251-136532-0004__3-119120-E-48__10db__clean.wav,3-119120-E-48,impulsive,10,train
data/processed/train/422-122949-0032__4-90014-A-42__5db__noisy.wav,data/processed/train/422-122949-0032__4-90014-A-42__5db__clean.wav,4-90014-A-42,stationary,5,train
data/processed/train/2035-147960-0005__2-68391-A-41__5db__noisy.wav,data/processed/train/2035-147960-0005__2-68391-A-41__5db__clean.wav,2-68391-A-41,stationary,5,train
data/processed/train/8297-275155-0018__5-160614-H-48__5db__noisy.wav,data/processed/train/8297-275155-0018__5-160614-H-48__5db__clean.wav,5-160614-H-48,impulsive,5,train
data/processed/train/6295-64301-0003__1-62509-A-45__neg5db__noisy.wav,data/processed/train/6295-64301-0003__1-62509-A-45__neg5db__clean.wav,1-62509-A-45,stationary,-5,train
data/processed/train/6295-244435-0011__4-186936-A-44__0db__noisy.wav,data/processed/train/6295-244435-0011__4-186936-A-44__0db__clean.wav,4-186936-A-44,stationary,0,train
data/processed/train/6295-244435-0012__4-161105-B-47__0db__noisy.wav,data/processed/train/6295-244435-0012__4-161105-B-47__0db__clean.wav,4-161105-B-47,stationary,0,train
data/processed/train/251-137823-0017__2-50667-B-41__10db__noisy.wav,data/processed/train/251-137823-0017__2-50667-B-41__10db__clean.wav,2-50667-B-41,stationary,10,train
data/processed/train/1462-170138-0012__1-181071-B-40__10db__noisy.wav,data/processed/train/1462-170138-0012__1-181071-B-40__10db__clean.wav,1-181071-B-40,stationary,10,train
data/processed/train/84-121550-0032__3-68630-A-40__10db__noisy.wav,data/processed/train/84-121550-0032__3-68630-A-40__10db__clean.wav,3-68630-A-40,stationary,10,train
data/processed/train/3536-8226-0026__4-186935-A-44__0db__noisy.wav,data/processed/train/3536-8226-0026__4-186935-A-44__0db__clean.wav,4-186935-A-44,stationary,0,train
data/processed/train/8842-302203-0011__3-159445-A-45__10db__noisy.wav,data/processed/train/8842-302203-0011__3-159445-A-45__10db__clean.wav,3-159445-A-45,stationary,10,train
data/processed/train/5694-64038-0004__4-119648-A-48__10db__noisy.wav,data/processed/train/5694-64038-0004__4-119648-A-48__10db__clean.wav,4-119648-A-48,impulsive,10,train
data/processed/train/84-121123-0024__3-143562-A-47__10db__noisy.wav,data/processed/train/84-121123-0024__3-143562-A-47__10db__clean.wav,3-143562-A-47,stationary,10,train
data/processed/train/5694-64029-0004__4-111671-A-42__5db__noisy.wav,data/processed/train/5694-64029-0004__4-111671-A-42__5db__clean.wav,4-111671-A-42,stationary,5,train
data/processed/train/777-126732-0078__4-121532-A-42__10db__noisy.wav,data/processed/train/777-126732-0078__4-121532-A-42__10db__clean.wav,4-121532-A-42,stationary,10,train
data/processed/train/3536-23268-0030__4-119647-A-48__0db__noisy.wav,data/processed/train/3536-23268-0030__4-119647-A-48__0db__clean.wav,4-119647-A-48,impulsive,0,train
data/processed/train/5895-34622-0014__5-235507-A-44__10db__noisy.wav,data/processed/train/5895-34622-0014__5-235507-A-44__10db__clean.wav,5-235507-A-44,stationary,10,train
data/processed/train/777-126732-0001__3-154926-A-40__neg5db__noisy.wav,data/processed/train/777-126732-0001__3-154926-A-40__neg5db__clean.wav,3-154926-A-40,stationary,-5,train
data/processed/train/84-121123-0002__3-62878-A-42__5db__noisy.wav,data/processed/train/84-121123-0002__3-62878-A-42__5db__clean.wav,3-62878-A-42,stationary,5,train
data/processed/train/7850-281318-0004__2-78651-A-44__10db__noisy.wav,data/processed/train/7850-281318-0004__2-78651-A-44__10db__clean.wav,2-78651-A-44,stationary,10,train
data/processed/train/652-129742-0005__4-193480-B-40__5db__noisy.wav,data/processed/train/652-129742-0005__4-193480-B-40__5db__clean.wav,4-193480-B-40,stationary,5,train
data/processed/train/2428-83705-0015__4-90014-B-42__10db__noisy.wav,data/processed/train/2428-83705-0015__4-90014-B-42__10db__clean.wav,4-90014-B-42,stationary,10,train
data/processed/train/7850-286674-0010__1-76831-B-42__neg5db__noisy.wav,data/processed/train/7850-286674-0010__1-76831-B-42__neg5db__clean.wav,1-76831-B-42,stationary,-5,train
data/processed/train/84-121550-0035__1-50455-A-44__5db__noisy.wav,data/processed/train/84-121550-0035__1-50455-A-44__5db__clean.wav,1-50455-A-44,stationary,5,train
data/processed/train/1462-170145-0004__1-50661-A-44__0db__noisy.wav,data/processed/train/1462-170145-0004__1-50661-A-44__0db__clean.wav,1-50661-A-44,stationary,0,train
data/processed/train/2428-83699-0015__5-251963-A-47__0db__noisy.wav,data/processed/train/2428-83699-0015__5-251963-A-47__0db__clean.wav,5-251963-A-47,stationary,0,train
data/processed/train/1462-170138-0001__5-215449-A-47__neg5db__noisy.wav,data/processed/train/1462-170138-0001__5-215449-A-47__neg5db__clean.wav,5-215449-A-47,stationary,-5,train
data/processed/train/1272-141231-0013__1-43807-C-47__10db__noisy.wav,data/processed/train/1272-141231-0013__1-43807-C-47__10db__clean.wav,1-43807-C-47,stationary,10,train
data/processed/train/2803-154328-0016__4-193480-A-40__5db__noisy.wav,data/processed/train/2803-154328-0016__4-193480-A-40__5db__clean.wav,4-193480-A-40,stationary,5,train
data/processed/train/251-136532-0015__4-90014-B-42__0db__noisy.wav,data/processed/train/251-136532-0015__4-90014-B-42__0db__clean.wav,4-90014-B-42,stationary,0,train
data/processed/train/3170-137482-0001__2-106014-A-44__0db__noisy.wav,data/processed/train/3170-137482-0001__2-106014-A-44__0db__clean.wav,2-106014-A-44,stationary,0,train
data/processed/train/3853-163249-0046__4-90014-B-42__5db__noisy.wav,data/processed/train/3853-163249-0046__4-90014-B-42__5db__clean.wav,4-90014-B-42,stationary,5,train
data/processed/train/251-118436-0004__1-19898-C-41__5db__noisy.wav,data/processed/train/251-118436-0004__1-19898-C-41__5db__clean.wav,1-19898-C-41,stationary,5,train
data/processed/train/2803-154328-0006__2-122066-A-45__5db__noisy.wav,data/processed/train/2803-154328-0006__2-122066-A-45__5db__clean.wav,2-122066-A-45,stationary,5,train
data/processed/train/8297-275154-0019__3-68630-A-40__0db__noisy.wav,data/processed/train/8297-275154-0019__3-68630-A-40__0db__clean.wav,3-68630-A-40,stationary,0,train
data/processed/train/6295-64301-0029__4-169127-A-41__neg5db__noisy.wav,data/processed/train/6295-64301-0029__4-169127-A-41__neg5db__clean.wav,4-169127-A-41,stationary,-5,train
data/processed/train/3853-163249-0022__4-186936-A-44__neg5db__noisy.wav,data/processed/train/3853-163249-0022__4-186936-A-44__neg5db__clean.wav,4-186936-A-44,stationary,-5,train
data/processed/train/3081-166546-0080__5-160614-G-48__neg5db__noisy.wav,data/processed/train/3081-166546-0080__5-160614-G-48__neg5db__clean.wav,5-160614-G-48,impulsive,-5,train
data/processed/train/8842-304647-0000__3-119455-A-44__5db__noisy.wav,data/processed/train/8842-304647-0000__3-119455-A-44__5db__clean.wav,3-119455-A-44,stationary,5,train
data/processed/train/3853-163249-0018__5-235507-A-44__5db__noisy.wav,data/processed/train/3853-163249-0018__5-235507-A-44__5db__clean.wav,5-235507-A-44,stationary,5,train
data/processed/train/777-126732-0012__5-160614-H-48__10db__noisy.wav,data/processed/train/777-126732-0012__5-160614-H-48__10db__clean.wav,5-160614-H-48,impulsive,10,train
data/processed/train/3170-137482-0028__4-121532-A-42__5db__noisy.wav,data/processed/train/3170-137482-0028__4-121532-A-42__5db__clean.wav,4-121532-A-42,stationary,5,train
data/processed/train/84-121123-0008__3-143562-A-47__neg5db__noisy.wav,data/processed/train/84-121123-0008__3-143562-A-47__neg5db__clean.wav,3-143562-A-47,stationary,-5,train
data/processed/train/3081-166546-0047__1-115545-B-48__0db__noisy.wav,data/processed/train/3081-166546-0047__1-115545-B-48__0db__clean.wav,1-115545-B-48,impulsive,0,train
data/processed/train/1462-170145-0014__5-177957-C-40__10db__noisy.wav,data/processed/train/1462-170145-0014__5-177957-C-40__10db__clean.wav,5-177957-C-40,stationary,10,train
data/processed/train/1462-170138-0001__2-135649-C-45__neg5db__noisy.wav,data/processed/train/1462-170138-0001__2-135649-C-45__neg5db__clean.wav,2-135649-C-45,stationary,-5,train
data/processed/train/7850-281318-0007__5-160551-A-42__neg5db__noisy.wav,data/processed/train/7850-281318-0007__5-160551-A-42__neg5db__clean.wav,5-160551-A-42,stationary,-5,train
data/processed/train/5895-34629-0018__5-184323-A-42__10db__noisy.wav,data/processed/train/5895-34629-0018__5-184323-A-42__10db__clean.wav,5-184323-A-42,stationary,10,train
data/processed/train/3081-166546-0061__3-118972-B-41__neg5db__noisy.wav,data/processed/train/3081-166546-0061__3-118972-B-41__neg5db__clean.wav,3-118972-B-41,stationary,-5,train
data/processed/train/3081-166546-0069__4-165823-B-41__neg5db__noisy.wav,data/processed/train/3081-166546-0069__4-165823-B-41__neg5db__clean.wav,4-165823-B-41,stationary,-5,train
data/processed/train/1462-170138-0023__5-160614-H-48__5db__noisy.wav,data/processed/train/1462-170138-0023__5-160614-H-48__5db__clean.wav,5-160614-H-48,impulsive,5,train
data/processed/train/3170-137482-0010__1-50661-A-44__0db__noisy.wav,data/processed/train/3170-137482-0010__1-50661-A-44__0db__clean.wav,1-50661-A-44,stationary,0,train
data/processed/train/8842-302203-0004__1-50454-A-44__10db__noisy.wav,data/processed/train/8842-302203-0004__1-50454-A-44__10db__clean.wav,1-50454-A-44,stationary,10,train
data/processed/train/777-126732-0000__1-181071-A-40__neg5db__noisy.wav,data/processed/train/777-126732-0000__1-181071-A-40__neg5db__clean.wav,1-181071-A-40,stationary,-5,train
data/processed/train/2078-142845-0041__2-106014-A-44__neg5db__noisy.wav,data/processed/train/2078-142845-0041__2-106014-A-44__neg5db__clean.wav,2-106014-A-44,stationary,-5,train
data/processed/train/1993-147149-0000__5-220955-A-40__10db__noisy.wav,data/processed/train/1993-147149-0000__5-220955-A-40__10db__clean.wav,5-220955-A-40,stationary,10,train
data/processed/train/1272-135031-0023__3-118972-A-41__10db__noisy.wav,data/processed/train/1272-135031-0023__3-118972-A-41__10db__clean.wav,3-118972-A-41,stationary,10,train
data/processed/train/7850-281318-0001__1-31482-B-42__10db__noisy.wav,data/processed/train/7850-281318-0001__1-31482-B-42__10db__clean.wav,1-31482-B-42,stationary,10,train
data/processed/train/422-122949-0025__6__5db__noisy.wav,data/processed/train/422-122949-0025__6__5db__clean.wav,6,impulsive,5,train
data/processed/train/3081-166546-0050__5-160614-H-48__5db__noisy.wav,data/processed/train/3081-166546-0050__5-160614-H-48__5db__clean.wav,5-160614-H-48,impulsive,5,train
data/processed/train/2035-147961-0009__1-76831-C-42__neg5db__noisy.wav,data/processed/train/2035-147961-0009__1-76831-C-42__neg5db__clean.wav,1-76831-C-42,stationary,-5,train
data/processed/train/2902-9006-0016__2-262579-A-45__0db__noisy.wav,data/processed/train/2902-9006-0016__2-262579-A-45__0db__clean.wav,2-262579-A-45,stationary,0,train
data/processed/train/3853-163249-0001__5-160614-A-48__5db__noisy.wav,data/processed/train/3853-163249-0001__5-160614-A-48__5db__clean.wav,5-160614-A-48,impulsive,5,train
data/processed/train/5895-34622-0018__3-135650-A-45__5db__noisy.wav,data/processed/train/5895-34622-0018__3-135650-A-45__5db__clean.wav,3-135650-A-45,stationary,5,train
data/processed/train/6319-57405-0001__2-70936-A-42__0db__noisy.wav,data/processed/train/6319-57405-0001__2-70936-A-42__0db__clean.wav,2-70936-A-42,stationary,0,train
data/processed/train/2902-9008-0000__5-117118-A-42__10db__noisy.wav,data/processed/train/2902-9008-0000__5-117118-A-42__10db__clean.wav,5-117118-A-42,stationary,10,train
data/processed/train/5895-34629-0021__3-119120-E-48__0db__noisy.wav,data/processed/train/5895-34629-0021__3-119120-E-48__0db__clean.wav,3-119120-E-48,impulsive,0,train
data/processed/train/3576-138058-0023__5-235507-A-44__5db__noisy.wav,data/processed/train/3576-138058-0023__5-235507-A-44__5db__clean.wav,5-235507-A-44,stationary,5,train
data/processed/train/1272-141231-0006__4-111671-B-42__0db__noisy.wav,data/processed/train/1272-141231-0006__4-111671-B-42__0db__clean.wav,4-111671-B-42,stationary,0,train
data/processed/train/2035-147960-0000__1-115545-C-48__0db__noisy.wav,data/processed/train/2035-147960-0000__1-115545-C-48__0db__clean.wav,1-115545-C-48,impulsive,0,train
data/processed/train/2803-154328-0015__1-64398-A-41__neg5db__noisy.wav,data/processed/train/2803-154328-0015__1-64398-A-41__neg5db__clean.wav,1-64398-A-41,stationary,-5,train
data/processed/train/1462-170138-0021__5-251963-A-47__5db__noisy.wav,data/processed/train/1462-170138-0021__5-251963-A-47__5db__clean.wav,5-251963-A-47,stationary,5,train
data/processed/train/1272-128104-0011__1-76831-B-42__0db__noisy.wav,data/processed/train/1272-128104-0011__1-76831-B-42__0db__clean.wav,1-76831-B-42,stationary,0,train
data/processed/train/251-136532-0008__3-128512-B-47__0db__noisy.wav,data/processed/train/251-136532-0008__3-128512-B-47__0db__clean.wav,3-128512-B-47,stationary,0,train
data/processed/train/1988-147956-0018__1-115545-C-48__10db__noisy.wav,data/processed/train/1988-147956-0018__1-115545-C-48__10db__clean.wav,1-115545-C-48,impulsive,10,train
data/processed/train/2078-142845-0016__5-184323-A-42__0db__noisy.wav,data/processed/train/2078-142845-0016__5-184323-A-42__0db__clean.wav,5-184323-A-42,stationary,0,train
data/processed/train/2803-161169-0003__5-188796-A-45__5db__noisy.wav,data/processed/train/2803-161169-0003__5-188796-A-45__5db__clean.wav,5-188796-A-45,stationary,5,train
data/processed/train/5694-64029-0013__2-74361-A-47__neg5db__noisy.wav,data/processed/train/5694-64029-0013__2-74361-A-47__neg5db__clean.wav,2-74361-A-47,stationary,-5,train
data/processed/train/652-130726-0002__5-133989-B-42__10db__noisy.wav,data/processed/train/652-130726-0002__5-133989-B-42__10db__clean.wav,5-133989-B-42,stationary,10,train
data/processed/train/6319-64726-0020__4-186935-A-44__0db__noisy.wav,data/processed/train/6319-64726-0020__4-186935-A-44__0db__clean.wav,4-186935-A-44,stationary,0,train
data/processed/train/1673-143396-0013__1-76831-D-42__neg5db__noisy.wav,data/processed/train/1673-143396-0013__1-76831-D-42__neg5db__clean.wav,1-76831-D-42,stationary,-5,train
data/processed/train/3536-8226-0023__1-54065-A-45__10db__noisy.wav,data/processed/train/3536-8226-0023__1-54065-A-45__10db__clean.wav,1-54065-A-45,stationary,10,train
data/processed/train/8842-302196-0004__2-68391-B-41__neg5db__noisy.wav,data/processed/train/8842-302196-0004__2-68391-B-41__neg5db__clean.wav,2-68391-B-41,stationary,-5,train
data/processed/train/1988-24833-0027__5-220955-A-40__0db__noisy.wav,data/processed/train/1988-24833-0027__5-220955-A-40__0db__clean.wav,5-220955-A-40,stationary,0,train
data/processed/train/1462-170138-0027__1-62565-A-44__5db__noisy.wav,data/processed/train/1462-170138-0027__1-62565-A-44__5db__clean.wav,1-62565-A-44,stationary,5,train
data/processed/train/2803-154320-0005__4-149294-A-41__5db__noisy.wav,data/processed/train/2803-154320-0005__4-149294-A-41__5db__clean.wav,4-149294-A-41,stationary,5,train
data/processed/train/3000-15664-0018__2-70939-A-42__5db__noisy.wav,data/processed/train/3000-15664-0018__2-70939-A-42__5db__clean.wav,2-70939-A-42,stationary,5,train
data/processed/train/5895-34622-0002__5-133989-B-42__10db__noisy.wav,data/processed/train/5895-34622-0002__5-133989-B-42__10db__clean.wav,5-133989-B-42,stationary,10,train
data/processed/train/2035-152373-0011__5-160614-A-48__0db__noisy.wav,data/processed/train/2035-152373-0011__5-160614-A-48__0db__clean.wav,5-160614-A-48,impulsive,0,train
data/processed/train/3081-166546-0084__2-70938-A-42__5db__noisy.wav,data/processed/train/3081-166546-0084__2-70938-A-42__5db__clean.wav,2-70938-A-42,stationary,5,train
data/processed/train/1988-24833-0002__1-47250-A-41__neg5db__noisy.wav,data/processed/train/1988-24833-0002__1-47250-A-41__neg5db__clean.wav,1-47250-A-41,stationary,-5,train
data/processed/train/1988-147956-0008__4-161105-B-47__0db__noisy.wav,data/processed/train/1988-147956-0008__4-161105-B-47__0db__clean.wav,4-161105-B-47,stationary,0,train
data/processed/train/84-121550-0033__2-122066-A-45__neg5db__noisy.wav,data/processed/train/84-121550-0033__2-122066-A-45__neg5db__clean.wav,2-122066-A-45,stationary,-5,train
data/processed/train/8842-304647-0007__4-186936-A-44__5db__noisy.wav,data/processed/train/8842-304647-0007__4-186936-A-44__5db__clean.wav,4-186936-A-44,stationary,5,train
data/processed/train/3536-8226-0002__1-54065-B-45__neg5db__noisy.wav,data/processed/train/3536-8226-0002__1-54065-B-45__neg5db__clean.wav,1-54065-B-45,stationary,-5,train
data/processed/train/2428-83705-0026__3-51731-A-42__5db__noisy.wav,data/processed/train/2428-83705-0026__3-51731-A-42__5db__clean.wav,3-51731-A-42,stationary,5,train
data/processed/train/2035-147961-0015__5-150409-A-42__5db__noisy.wav,data/processed/train/2035-147961-0015__5-150409-A-42__5db__clean.wav,5-150409-A-42,stationary,5,train
data/processed/train/652-129742-0017__5-209992-A-44__neg5db__noisy.wav,data/processed/train/652-129742-0017__5-209992-A-44__neg5db__clean.wav,5-209992-A-44,stationary,-5,train
data/processed/train/1988-147956-0025__1-172649-C-40__10db__noisy.wav,data/processed/train/1988-147956-0025__1-172649-C-40__10db__clean.wav,1-172649-C-40,stationary,10,train
data/processed/train/5694-64029-0011__1-19898-B-41__10db__noisy.wav,data/processed/train/5694-64029-0011__1-19898-B-41__10db__clean.wav,1-19898-B-41,stationary,10,train
data/processed/train/1272-141231-0025__1-25777-A-48__neg5db__noisy.wav,data/processed/train/1272-141231-0025__1-25777-A-48__neg5db__clean.wav,1-25777-A-48,impulsive,-5,train
data/processed/train/777-126732-0002__3-135650-B-45__10db__noisy.wav,data/processed/train/777-126732-0002__3-135650-B-45__10db__clean.wav,3-135650-B-45,stationary,10,train
data/processed/train/652-130726-0002__1-64398-B-41__10db__noisy.wav,data/processed/train/652-130726-0002__1-64398-B-41__10db__clean.wav,1-64398-B-41,stationary,10,train
data/processed/train/5895-34629-0015__5-184323-A-42__5db__noisy.wav,data/processed/train/5895-34629-0015__5-184323-A-42__5db__clean.wav,5-184323-A-42,stationary,5,train
data/processed/train/1993-147149-0023__1-88409-A-45__0db__noisy.wav,data/processed/train/1993-147149-0023__1-88409-A-45__0db__clean.wav,1-88409-A-45,stationary,0,train
data/processed/train/1462-170142-0040__5-215445-A-47__0db__noisy.wav,data/processed/train/1462-170142-0040__5-215445-A-47__0db__clean.wav,5-215445-A-47,stationary,0,train
data/processed/train/1462-170142-0026__3-259622-A-44__neg5db__noisy.wav,data/processed/train/1462-170142-0026__3-259622-A-44__neg5db__clean.wav,3-259622-A-44,stationary,-5,train
data/processed/train/777-126732-0038__3-119455-A-44__5db__noisy.wav,data/processed/train/777-126732-0038__3-119455-A-44__5db__clean.wav,3-119455-A-44,stationary,5,train
data/processed/train/5694-64025-0014__4-186935-A-44__10db__noisy.wav,data/processed/train/5694-64025-0014__4-186935-A-44__10db__clean.wav,4-186935-A-44,stationary,10,train
data/processed/train/3853-163249-0016__4-165823-A-41__neg5db__noisy.wav,data/processed/train/3853-163249-0016__4-165823-A-41__neg5db__clean.wav,4-165823-A-41,stationary,-5,train
data/processed/train/652-130726-0033__4-119647-D-48__10db__noisy.wav,data/processed/train/652-130726-0033__4-119647-D-48__10db__clean.wav,4-119647-D-48,impulsive,10,train
data/processed/train/2428-83705-0021__3-118972-A-41__5db__noisy.wav,data/processed/train/2428-83705-0021__3-118972-A-41__5db__clean.wav,3-118972-A-41,stationary,5,train
data/processed/train/2078-142845-0039__1-76831-E-42__neg5db__noisy.wav,data/processed/train/2078-142845-0039__1-76831-E-42__neg5db__clean.wav,1-76831-E-42,stationary,-5,train
data/processed/train/8297-275155-0029__5-185579-B-41__10db__noisy.wav,data/processed/train/8297-275155-0029__5-185579-B-41__10db__clean.wav,5-185579-B-41,stationary,10,train
data/processed/train/84-121123-0021__1-76831-A-42__5db__noisy.wav,data/processed/train/84-121123-0021__1-76831-A-42__5db__clean.wav,1-76831-A-42,stationary,5,train
data/processed/train/652-130726-0020__4-186935-A-44__neg5db__noisy.wav,data/processed/train/652-130726-0020__4-186935-A-44__neg5db__clean.wav,4-186935-A-44,stationary,-5,train
data/processed/train/1462-170138-0020__5-251971-A-47__5db__noisy.wav,data/processed/train/1462-170138-0020__5-251971-A-47__5db__clean.wav,5-251971-A-47,stationary,5,train
data/processed/train/5895-34629-0027__2-188822-C-40__5db__noisy.wav,data/processed/train/5895-34629-0027__2-188822-C-40__5db__clean.wav,2-188822-C-40,stationary,5,train
data/processed/train/1462-170142-0028__4-165845-A-45__neg5db__noisy.wav,data/processed/train/1462-170142-0028__4-165845-A-45__neg5db__clean.wav,4-165845-A-45,stationary,-5,train
data/processed/train/5694-64029-0005__1-64398-A-41__10db__noisy.wav,data/processed/train/5694-64029-0005__1-64398-A-41__10db__clean.wav,1-64398-A-41,stationary,10,train
data/processed/train/6295-244435-0017__4-121532-A-42__10db__noisy.wav,data/processed/train/6295-244435-0017__4-121532-A-42__10db__clean.wav,4-121532-A-42,stationary,10,train
data/processed/train/1988-147956-0010__3-68630-A-40__10db__noisy.wav,data/processed/train/1988-147956-0010__3-68630-A-40__10db__clean.wav,3-68630-A-40,stationary,10,train
data/processed/train/3170-137482-0023__4-165845-A-45__10db__noisy.wav,data/processed/train/3170-137482-0023__4-165845-A-45__10db__clean.wav,4-165845-A-45,stationary,10,train
data/processed/train/7850-281318-0018__1-115545-A-48__10db__noisy.wav,data/processed/train/7850-281318-0018__1-115545-A-48__10db__clean.wav,1-115545-A-48,impulsive,10,train
data/processed/train/251-137823-0020__3-119120-B-48__10db__noisy.wav,data/processed/train/251-137823-0020__3-119120-B-48__10db__clean.wav,3-119120-B-48,impulsive,10,train
data/processed/train/7850-281318-0006__1-43807-A-47__10db__noisy.wav,data/processed/train/7850-281318-0006__1-43807-A-47__10db__clean.wav,1-43807-A-47,stationary,10,train
data/processed/train/652-129742-0013__2-37806-C-40__0db__noisy.wav,data/processed/train/652-129742-0013__2-37806-C-40__0db__clean.wav,2-37806-C-40,stationary,0,train
data/processed/train/6295-244435-0016__5-198600-A-45__10db__noisy.wav,data/processed/train/6295-244435-0016__5-198600-A-45__10db__clean.wav,5-198600-A-45,stationary,10,train
data/processed/train/5694-64029-0018__5-243773-A-44__neg5db__noisy.wav,data/processed/train/5694-64029-0018__5-243773-A-44__neg5db__clean.wav,5-243773-A-44,stationary,-5,train
data/processed/train/3000-15664-0018__5-133989-A-42__0db__noisy.wav,data/processed/train/3000-15664-0018__5-133989-A-42__0db__clean.wav,5-133989-A-42,stationary,0,train
data/processed/train/3853-163249-0039__5-160614-F-48__0db__noisy.wav,data/processed/train/3853-163249-0039__5-160614-F-48__0db__clean.wav,5-160614-F-48,impulsive,0,train
data/processed/train/8297-275154-0009__4-67358-A-42__0db__noisy.wav,data/processed/train/8297-275154-0009__4-67358-A-42__0db__clean.wav,4-67358-A-42,stationary,0,train
data/processed/train/2035-152373-0018__2-43802-A-42__5db__noisy.wav,data/processed/train/2035-152373-0018__2-43802-A-42__5db__clean.wav,2-43802-A-42,stationary,5,train
data/processed/train/777-126732-0051__1-53467-A-47__0db__noisy.wav,data/processed/train/777-126732-0051__1-53467-A-47__0db__clean.wav,1-53467-A-47,stationary,0,train
data/processed/train/1988-24833-0018__5-160614-B-48__0db__noisy.wav,data/processed/train/1988-24833-0018__5-160614-B-48__0db__clean.wav,5-160614-B-48,impulsive,0,train
data/processed/train/1272-141231-0022__1-115545-A-48__10db__noisy.wav,data/processed/train/1272-141231-0022__1-115545-A-48__10db__clean.wav,1-115545-A-48,impulsive,10,train
data/processed/train/84-121123-0021__1-88409-A-45__10db__noisy.wav,data/processed/train/84-121123-0021__1-88409-A-45__10db__clean.wav,1-88409-A-45,stationary,10,train
data/processed/train/251-137823-0018__2-117615-D-48__0db__noisy.wav,data/processed/train/251-137823-0018__2-117615-D-48__0db__clean.wav,2-117615-D-48,impulsive,0,train
data/processed/train/1673-143397-0012__4-119648-D-48__0db__noisy.wav,data/processed/train/1673-143397-0012__4-119648-D-48__0db__clean.wav,4-119648-D-48,impulsive,0,train
data/processed/train/652-130726-0033__5-117118-A-42__neg5db__noisy.wav,data/processed/train/652-130726-0033__5-117118-A-42__neg5db__clean.wav,5-117118-A-42,stationary,-5,train
data/processed/train/6295-64301-0005__1-53467-A-47__neg5db__noisy.wav,data/processed/train/6295-64301-0005__1-53467-A-47__neg5db__clean.wav,1-53467-A-47,stationary,-5,train
data/processed/train/6319-275224-0004__5-188945-A-45__0db__noisy.wav,data/processed/train/6319-275224-0004__5-188945-A-45__0db__clean.wav,5-188945-A-45,stationary,0,train
data/processed/train/2902-9006-0002__5-177957-E-40__0db__noisy.wav,data/processed/train/2902-9006-0002__5-177957-E-40__0db__clean.wav,5-177957-E-40,stationary,0,train
data/processed/train/652-130726-0005__5-160614-H-48__neg5db__noisy.wav,data/processed/train/652-130726-0005__5-160614-H-48__neg5db__clean.wav,5-160614-H-48,impulsive,-5,train
data/processed/train/6295-244435-0016__5-199284-A-45__0db__noisy.wav,data/processed/train/6295-244435-0016__5-199284-A-45__0db__clean.wav,5-199284-A-45,stationary,0,train
data/processed/train/3853-163249-0020__4-186940-A-44__0db__noisy.wav,data/processed/train/3853-163249-0020__4-186940-A-44__0db__clean.wav,4-186940-A-44,stationary,0,train
data/processed/train/3000-15664-0040__2-43806-A-42__5db__noisy.wav,data/processed/train/3000-15664-0040__2-43806-A-42__5db__clean.wav,2-43806-A-42,stationary,5,train
data/processed/train/2428-83705-0014__2-43806-A-42__0db__noisy.wav,data/processed/train/2428-83705-0014__2-43806-A-42__0db__clean.wav,2-43806-A-42,stationary,0,train
data/processed/train/2035-147961-0003__2-50667-A-41__10db__noisy.wav,data/processed/train/2035-147961-0003__2-50667-A-41__10db__clean.wav,2-50667-A-41,stationary,10,train
data/processed/train/2428-83699-0025__4-193480-B-40__5db__noisy.wav,data/processed/train/2428-83699-0025__4-193480-B-40__5db__clean.wav,4-193480-B-40,stationary,5,train
data/processed/train/251-136532-0008__1-54065-B-45__neg5db__noisy.wav,data/processed/train/251-136532-0008__1-54065-B-45__neg5db__clean.wav,1-54065-B-45,stationary,-5,train
data/processed/train/1673-143397-0007__1-25777-A-48__10db__noisy.wav,data/processed/train/1673-143397-0007__1-25777-A-48__10db__clean.wav,1-25777-A-48,impulsive,10,train
data/processed/train/2428-83705-0019__5-199284-A-45__10db__noisy.wav,data/processed/train/2428-83705-0019__5-199284-A-45__10db__clean.wav,5-199284-A-45,stationary,10,train
data/processed/train/251-136532-0008__4-67358-A-42__0db__noisy.wav,data/processed/train/251-136532-0008__4-67358-A-42__0db__clean.wav,4-67358-A-42,stationary,0,train
data/processed/train/251-137823-0018__5-222524-A-41__0db__noisy.wav,data/processed/train/251-137823-0018__5-222524-A-41__0db__clean.wav,5-222524-A-41,stationary,0,train
data/processed/train/5895-34622-0007__1-181071-A-40__neg5db__noisy.wav,data/processed/train/5895-34622-0007__1-181071-A-40__neg5db__clean.wav,1-181071-A-40,stationary,-5,train
data/processed/train/1988-148538-0014__1-18527-A-44__0db__noisy.wav,data/processed/train/1988-148538-0014__1-18527-A-44__0db__clean.wav,1-18527-A-44,stationary,0,train
data/processed/train/3576-138058-0007__1-50454-A-44__0db__noisy.wav,data/processed/train/3576-138058-0007__1-50454-A-44__0db__clean.wav,1-50454-A-44,stationary,0,train
data/processed/train/251-137823-0001__2-50667-A-41__neg5db__noisy.wav,data/processed/train/251-137823-0001__2-50667-A-41__neg5db__clean.wav,2-50667-A-41,stationary,-5,train
data/processed/train/2078-142845-0002__5-191131-A-40__10db__noisy.wav,data/processed/train/2078-142845-0002__5-191131-A-40__10db__clean.wav,5-191131-A-40,stationary,10,train
data/processed/train/2078-142845-0034__5-215447-A-47__10db__noisy.wav,data/processed/train/2078-142845-0034__5-215447-A-47__10db__clean.wav,5-215447-A-47,stationary,10,train
data/processed/train/2428-83699-0027__4-121532-A-42__5db__noisy.wav,data/processed/train/2428-83699-0027__4-121532-A-42__5db__clean.wav,4-121532-A-42,stationary,5,train
data/processed/train/251-118436-0003__4-161105-B-47__0db__noisy.wav,data/processed/train/251-118436-0003__4-161105-B-47__0db__clean.wav,4-161105-B-47,stationary,0,train
data/processed/train/8297-275155-0007__2-43806-A-42__10db__noisy.wav,data/processed/train/8297-275155-0007__2-43806-A-42__10db__clean.wav,2-43806-A-42,stationary,10,train
data/processed/train/5895-34629-0013__1-19898-A-41__10db__noisy.wav,data/processed/train/5895-34629-0013__1-19898-A-41__10db__clean.wav,1-19898-A-41,stationary,10,train
data/processed/train/251-137823-0008__1-50455-A-44__5db__noisy.wav,data/processed/train/251-137823-0008__1-50455-A-44__5db__clean.wav,1-50455-A-44,stationary,5,train
data/processed/train/2035-147960-0004__4-168446-A-45__10db__noisy.wav,data/processed/train/2035-147960-0004__4-168446-A-45__10db__clean.wav,4-168446-A-45,stationary,10,train
data/processed/train/3081-166546-0030__5-160614-G-48__5db__noisy.wav,data/processed/train/3081-166546-0030__5-160614-G-48__5db__clean.wav,5-160614-G-48,impulsive,5,train
data/processed/train/251-137823-0021__4-119647-D-48__0db__noisy.wav,data/processed/train/251-137823-0021__4-119647-D-48__0db__clean.wav,4-119647-D-48,impulsive,0,train
data/processed/train/2803-154320-0004__5-171653-A-41__5db__noisy.wav,data/processed/train/2803-154320-0004__5-171653-A-41__5db__clean.wav,5-171653-A-41,stationary,5,train
data/processed/train/3536-8226-0008__2-188822-C-40__neg5db__noisy.wav,data/processed/train/3536-8226-0008__2-188822-C-40__neg5db__clean.wav,2-188822-C-40,stationary,-5,train
data/processed/train/3081-166546-0030__2-188822-C-40__5db__noisy.wav,data/processed/train/3081-166546-0030__2-188822-C-40__5db__clean.wav,2-188822-C-40,stationary,5,train
data/processed/train/3081-166546-0029__3-118972-A-41__0db__noisy.wav,data/processed/train/3081-166546-0029__3-118972-A-41__0db__clean.wav,3-118972-A-41,stationary,0,train
data/processed/train/1462-170145-0022__2-106015-B-44__5db__noisy.wav,data/processed/train/1462-170145-0022__2-106015-B-44__5db__clean.wav,2-106015-B-44,stationary,5,train
data/processed/train/8842-302201-0014__4-165606-A-45__5db__noisy.wav,data/processed/train/8842-302201-0014__4-165606-A-45__5db__clean.wav,4-165606-A-45,stationary,5,train
data/processed/train/3081-166546-0059__3-119120-C-48__neg5db__noisy.wav,data/processed/train/3081-166546-0059__3-119120-C-48__neg5db__clean.wav,3-119120-C-48,impulsive,-5,train
data/processed/train/3000-15664-0038__4-121532-A-42__10db__noisy.wav,data/processed/train/3000-15664-0038__4-121532-A-42__10db__clean.wav,4-121532-A-42,stationary,10,train
data/processed/train/3536-23268-0029__1 (1)__neg5db__noisy.wav,data/processed/train/3536-23268-0029__1 (1)__neg5db__clean.wav,1 (1),impulsive,-5,train
data/processed/train/3536-8226-0016__2-117615-A-48__5db__noisy.wav,data/processed/train/3536-8226-0016__2-117615-A-48__5db__clean.wav,2-117615-A-48,impulsive,5,train
data/processed/train/3853-163249-0037__3-143562-A-47__neg5db__noisy.wav,data/processed/train/3853-163249-0037__3-143562-A-47__neg5db__clean.wav,3-143562-A-47,stationary,-5,train
data/processed/val/5338-284437-0016__5-177957-A-40__neg5db__noisy.wav,data/processed/val/5338-284437-0016__5-177957-A-40__neg5db__clean.wav,5-177957-A-40,stationary,-5,val
data/processed/val/5536-43358-0007__1-160563-A-48__neg5db__noisy.wav,data/processed/val/5536-43358-0007__1-160563-A-48__neg5db__clean.wav,1-160563-A-48,impulsive,-5,val
data/processed/val/5536-43359-0014__1-160563-A-48__5db__noisy.wav,data/processed/val/5536-43359-0014__1-160563-A-48__5db__clean.wav,1-160563-A-48,impulsive,5,val
data/processed/val/7976-105575-0005__2-117615-C-48__5db__noisy.wav,data/processed/val/7976-105575-0005__2-117615-C-48__5db__clean.wav,2-117615-C-48,impulsive,5,val
data/processed/val/7976-105575-0028__5-235956-A-47__5db__noisy.wav,data/processed/val/7976-105575-0028__5-235956-A-47__5db__clean.wav,5-235956-A-47,stationary,5,val
data/processed/val/5338-284437-0019__3-143560-A-47__neg5db__noisy.wav,data/processed/val/5338-284437-0019__3-143560-A-47__neg5db__clean.wav,3-143560-A-47,stationary,-5,val
data/processed/val/7976-110124-0012__1-116765-A-41__10db__noisy.wav,data/processed/val/7976-110124-0012__1-116765-A-41__10db__clean.wav,1-116765-A-41,stationary,10,val
data/processed/val/174-84280-0007__4-186962-A-44__10db__noisy.wav,data/processed/val/174-84280-0007__4-186962-A-44__10db__clean.wav,4-186962-A-44,stationary,10,val
data/processed/val/2086-149220-0023__1-160563-A-48__10db__noisy.wav,data/processed/val/2086-149220-0023__1-160563-A-48__10db__clean.wav,1-160563-A-48,impulsive,10,val
data/processed/val/5338-284437-0025__1-64473-A-45__10db__noisy.wav,data/processed/val/5338-284437-0025__1-64473-A-45__10db__clean.wav,1-64473-A-45,stationary,10,val
data/processed/val/5536-43359-0010__3-143560-A-47__0db__noisy.wav,data/processed/val/5536-43359-0010__3-143560-A-47__0db__clean.wav,3-143560-A-47,stationary,0,val
data/processed/val/2277-149897-0007__2-107228-A-44__0db__noisy.wav,data/processed/val/2277-149897-0007__2-107228-A-44__0db__clean.wav,2-107228-A-44,stationary,0,val
data/processed/val/2277-149896-0017__1-43807-D-47__neg5db__noisy.wav,data/processed/val/2277-149896-0017__1-43807-D-47__neg5db__clean.wav,1-43807-D-47,stationary,-5,val
data/processed/val/7976-110124-0019__4-175000-B-40__10db__noisy.wav,data/processed/val/7976-110124-0019__4-175000-B-40__10db__clean.wav,4-175000-B-40,stationary,10,val
data/processed/val/7976-105575-0020__2-165801-A-48__10db__noisy.wav,data/processed/val/7976-105575-0020__2-165801-A-48__10db__clean.wav,2-165801-A-48,impulsive,10,val
data/processed/val/2086-149220-0043__1-18527-B-44__10db__noisy.wav,data/processed/val/2086-149220-0043__1-18527-B-44__10db__clean.wav,1-18527-B-44,stationary,10,val
data/processed/val/7976-110124-0004__4-169127-B-41__neg5db__noisy.wav,data/processed/val/7976-110124-0004__4-169127-B-41__neg5db__clean.wav,4-169127-B-41,stationary,-5,val
data/processed/val/5338-284437-0031__4-119648-B-48__0db__noisy.wav,data/processed/val/5338-284437-0031__4-119648-B-48__0db__clean.wav,4-119648-B-48,impulsive,0,val
data/processed/val/7976-105575-0028__3-115382-A-44__neg5db__noisy.wav,data/processed/val/7976-105575-0028__3-115382-A-44__neg5db__clean.wav,3-115382-A-44,stationary,-5,val
data/processed/val/5536-43359-0018__5-235956-A-47__10db__noisy.wav,data/processed/val/5536-43359-0018__5-235956-A-47__10db__clean.wav,5-235956-A-47,stationary,10,val
data/processed/val/5536-43359-0003__3-150979-C-40__10db__noisy.wav,data/processed/val/5536-43359-0003__3-150979-C-40__10db__clean.wav,3-150979-C-40,stationary,10,val
data/processed/val/174-168635-0008__3-143560-A-47__10db__noisy.wav,data/processed/val/174-168635-0008__3-143560-A-47__10db__clean.wav,3-143560-A-47,stationary,10,val
data/processed/val/5536-43363-0006__1-88409-B-45__10db__noisy.wav,data/processed/val/5536-43363-0006__1-88409-B-45__10db__clean.wav,1-88409-B-45,stationary,10,val
data/processed/val/2086-149220-0019__4-195451-A-44__0db__noisy.wav,data/processed/val/2086-149220-0019__4-195451-A-44__0db__clean.wav,4-195451-A-44,stationary,0,val
data/processed/val/5338-24615-0014__2-106849-A-47__0db__noisy.wav,data/processed/val/5338-24615-0014__2-106849-A-47__0db__clean.wav,2-106849-A-47,stationary,0,val
data/processed/val/2277-149897-0011__1-11687-A-47__10db__noisy.wav,data/processed/val/2277-149897-0011__1-11687-A-47__10db__clean.wav,1-11687-A-47,stationary,10,val
data/processed/val/174-84280-0009__2-37806-B-40__0db__noisy.wav,data/processed/val/174-84280-0009__2-37806-B-40__0db__clean.wav,2-37806-B-40,stationary,0,val
data/processed/val/5536-43359-0010__5-177957-A-40__10db__noisy.wav,data/processed/val/5536-43359-0010__5-177957-A-40__10db__clean.wav,5-177957-A-40,stationary,10,val
data/processed/val/2277-149896-0003__2-122067-A-45__5db__noisy.wav,data/processed/val/2277-149896-0003__2-122067-A-45__5db__clean.wav,2-122067-A-45,stationary,5,val
data/processed/val/5338-284437-0018__1-160563-A-48__10db__noisy.wav,data/processed/val/5338-284437-0018__1-160563-A-48__10db__clean.wav,1-160563-A-48,impulsive,10,val
data/processed/val/5338-284437-0023__1-160563-A-48__5db__noisy.wav,data/processed/val/5338-284437-0023__1-160563-A-48__5db__clean.wav,1-160563-A-48,impulsive,5,val
data/processed/val/2086-149220-0037__4-161579-A-40__10db__noisy.wav,data/processed/val/2086-149220-0037__4-161579-A-40__10db__clean.wav,4-161579-A-40,stationary,10,val
data/processed/val/2086-149220-0026__2-135649-B-45__5db__noisy.wav,data/processed/val/2086-149220-0026__2-135649-B-45__5db__clean.wav,2-135649-B-45,stationary,5,val
data/processed/val/5338-24615-0011__4-165791-A-45__0db__noisy.wav,data/processed/val/5338-24615-0011__4-165791-A-45__0db__clean.wav,4-165791-A-45,stationary,0,val
data/processed/val/2086-149214-0002__1-61261-A-44__0db__noisy.wav,data/processed/val/2086-149214-0002__1-61261-A-44__0db__clean.wav,1-61261-A-44,stationary,0,val
data/processed/val/2277-149897-0018__5-235956-A-47__5db__noisy.wav,data/processed/val/2277-149897-0018__5-235956-A-47__5db__clean.wav,5-235956-A-47,stationary,5,val
data/processed/val/174-168635-0007__2-117615-C-48__5db__noisy.wav,data/processed/val/174-168635-0007__2-117615-C-48__5db__clean.wav,2-117615-C-48,impulsive,5,val
data/processed/val/2086-149220-0007__4-195451-A-44__10db__noisy.wav,data/processed/val/2086-149220-0007__4-195451-A-44__10db__clean.wav,4-195451-A-44,stationary,10,val
data/processed/val/7976-110523-0000__1-43807-D-47__neg5db__noisy.wav,data/processed/val/7976-110523-0000__1-43807-D-47__neg5db__clean.wav,1-43807-D-47,stationary,-5,val
data/processed/val/7976-110523-0008__4-195451-A-44__0db__noisy.wav,data/processed/val/7976-110523-0008__4-195451-A-44__0db__clean.wav,4-195451-A-44,stationary,0,val
data/processed/val/2277-149896-0025__1-61261-A-44__5db__noisy.wav,data/processed/val/2277-149896-0025__1-61261-A-44__5db__clean.wav,1-61261-A-44,stationary,5,val
data/processed/val/174-84280-0005__4-175000-B-40__5db__noisy.wav,data/processed/val/174-84280-0005__4-175000-B-40__5db__clean.wav,4-175000-B-40,stationary,5,val
data/processed/val/2086-149214-0003__2-122067-A-45__0db__noisy.wav,data/processed/val/2086-149214-0003__2-122067-A-45__0db__clean.wav,2-122067-A-45,stationary,0,val
data/processed/val/5536-43359-0014__1-61261-A-44__0db__noisy.wav,data/processed/val/5536-43359-0014__1-61261-A-44__0db__clean.wav,1-61261-A-44,stationary,0,val
data/processed/val/7976-110523-0006__4-165791-A-45__5db__noisy.wav,data/processed/val/7976-110523-0006__4-165791-A-45__5db__clean.wav,4-165791-A-45,stationary,5,val
data/processed/val/174-50561-0008__3-115387-A-47__0db__noisy.wav,data/processed/val/174-50561-0008__3-115387-A-47__0db__clean.wav,3-115387-A-47,stationary,0,val
data/processed/val/174-168635-0022__4-195451-A-44__0db__noisy.wav,data/processed/val/174-168635-0022__4-195451-A-44__0db__clean.wav,4-195451-A-44,stationary,0,val
data/processed/val/2277-149874-0020__3-118657-B-41__10db__noisy.wav,data/processed/val/2277-149874-0020__3-118657-B-41__10db__clean.wav,3-118657-B-41,stationary,10,val
data/processed/val/174-50561-0006__2-117615-B-48__0db__noisy.wav,data/processed/val/174-50561-0006__2-117615-B-48__0db__clean.wav,2-117615-B-48,impulsive,0,val
data/processed/val/2277-149896-0015__2-165801-A-48__neg5db__noisy.wav,data/processed/val/2277-149896-0015__2-165801-A-48__neg5db__clean.wav,2-165801-A-48,impulsive,-5,val
data/processed/val/5536-43359-0015__3-118657-B-41__5db__noisy.wav,data/processed/val/5536-43359-0015__3-118657-B-41__5db__clean.wav,3-118657-B-41,stationary,5,val
data/processed/val/5338-284437-0017__4-165845-B-45__neg5db__noisy.wav,data/processed/val/5338-284437-0017__4-165845-B-45__neg5db__clean.wav,4-165845-B-45,stationary,-5,val
data/processed/val/2277-149896-0007__4-195451-A-44__10db__noisy.wav,data/processed/val/2277-149896-0007__4-195451-A-44__10db__clean.wav,4-195451-A-44,stationary,10,val
data/processed/val/5536-43363-0017__4-165845-B-45__0db__noisy.wav,data/processed/val/5536-43363-0017__4-165845-B-45__0db__clean.wav,4-165845-B-45,stationary,0,val
data/processed/val/7976-110124-0014__239137__qubodup__artillery-gunfire__neg5db__noisy.wav,data/processed/val/7976-110124-0014__239137__qubodup__artillery-gunfire__neg5db__clean.wav,239137__qubodup__artillery-gunfire,impulsive,-5,val
data/processed/val/2277-149897-0036__4-175000-C-40__neg5db__noisy.wav,data/processed/val/2277-149897-0036__4-175000-C-40__neg5db__clean.wav,4-175000-C-40,stationary,-5,val
data/processed/val/7976-110124-0008__3-115387-A-47__0db__noisy.wav,data/processed/val/7976-110124-0008__3-115387-A-47__0db__clean.wav,3-115387-A-47,stationary,0,val
data/processed/val/7976-110124-0007__5-177957-A-40__10db__noisy.wav,data/processed/val/7976-110124-0007__5-177957-A-40__10db__clean.wav,5-177957-A-40,stationary,10,val
data/processed/val/174-168635-0019__2-106849-A-47__5db__noisy.wav,data/processed/val/174-168635-0019__2-106849-A-47__5db__clean.wav,2-106849-A-47,stationary,5,val
data/processed/val/5338-24615-0010__4-175000-C-40__0db__noisy.wav,data/processed/val/5338-24615-0010__4-175000-C-40__0db__clean.wav,4-175000-C-40,stationary,0,val
data/processed/val/174-84280-0015__4-165845-B-45__5db__noisy.wav,data/processed/val/174-84280-0015__4-165845-B-45__5db__clean.wav,4-165845-B-45,stationary,5,val
data/processed/val/2086-149220-0029__4-175000-C-40__5db__noisy.wav,data/processed/val/2086-149220-0029__4-175000-C-40__5db__clean.wav,4-175000-C-40,stationary,5,val
data/processed/val/174-168635-0021__2-165801-A-48__10db__noisy.wav,data/processed/val/174-168635-0021__2-165801-A-48__10db__clean.wav,2-165801-A-48,impulsive,10,val
data/processed/val/2086-149220-0032__2-117615-C-48__10db__noisy.wav,data/processed/val/2086-149220-0032__2-117615-C-48__10db__clean.wav,2-117615-C-48,impulsive,10,val
data/processed/val/7976-105575-0009__1-172649-B-40__5db__noisy.wav,data/processed/val/7976-105575-0009__1-172649-B-40__5db__clean.wav,1-172649-B-40,stationary,5,val
data/processed/val/2086-149220-0023__3-143560-A-47__5db__noisy.wav,data/processed/val/2086-149220-0023__3-143560-A-47__5db__clean.wav,3-143560-A-47,stationary,5,val
data/processed/val/174-168635-0007__1-160563-A-48__10db__noisy.wav,data/processed/val/174-168635-0007__1-160563-A-48__10db__clean.wav,1-160563-A-48,impulsive,10,val
data/processed/val/5338-284437-0015__4-165845-B-45__5db__noisy.wav,data/processed/val/5338-284437-0015__4-165845-B-45__5db__clean.wav,4-165845-B-45,stationary,5,val
data/processed/val/7976-110523-0003__1-11687-A-47__0db__noisy.wav,data/processed/val/7976-110523-0003__1-11687-A-47__0db__clean.wav,1-11687-A-47,stationary,0,val
data/processed/val/2277-149874-0008__2-117615-C-48__neg5db__noisy.wav,data/processed/val/2277-149874-0008__2-117615-C-48__neg5db__clean.wav,2-117615-C-48,impulsive,-5,val
data/processed/val/2086-149220-0028__1-18527-B-44__10db__noisy.wav,data/processed/val/2086-149220-0028__1-18527-B-44__10db__clean.wav,1-18527-B-44,stationary,10,val
data/processed/val/2277-149897-0003__2-37806-B-40__5db__noisy.wav,data/processed/val/2277-149897-0003__2-37806-B-40__5db__clean.wav,2-37806-B-40,stationary,5,val
data/processed/val/2277-149874-0008__5-177957-A-40__0db__noisy.wav,data/processed/val/2277-149874-0008__5-177957-A-40__0db__clean.wav,5-177957-A-40,stationary,0,val
data/processed/val/7976-110124-0009__1-64473-A-45__neg5db__noisy.wav,data/processed/val/7976-110124-0009__1-64473-A-45__neg5db__clean.wav,1-64473-A-45,stationary,-5,val
data/processed/val/5536-43358-0019__1-11687-A-47__10db__noisy.wav,data/processed/val/5536-43358-0019__1-11687-A-47__10db__clean.wav,1-11687-A-47,stationary,10,val
data/processed/val/7976-110124-0025__1-64473-A-45__0db__noisy.wav,data/processed/val/7976-110124-0025__1-64473-A-45__0db__clean.wav,1-64473-A-45,stationary,0,val
data/processed/val/7976-105575-0017__3-159445-B-45__neg5db__noisy.wav,data/processed/val/7976-105575-0017__3-159445-B-45__neg5db__clean.wav,3-159445-B-45,stationary,-5,val
data/processed/val/5338-24615-0007__1-64473-A-45__5db__noisy.wav,data/processed/val/5338-24615-0007__1-64473-A-45__5db__clean.wav,1-64473-A-45,stationary,5,val
data/processed/val/5338-24615-0008__4-186962-A-44__0db__noisy.wav,data/processed/val/5338-24615-0008__4-186962-A-44__0db__clean.wav,4-186962-A-44,stationary,0,val
data/processed/val/2086-149220-0017__1-61261-A-44__10db__noisy.wav,data/processed/val/2086-149220-0017__1-61261-A-44__10db__clean.wav,1-61261-A-44,stationary,10,val
data/processed/val/5536-43363-0007__2-107228-A-44__5db__noisy.wav,data/processed/val/5536-43363-0007__2-107228-A-44__5db__clean.wav,2-107228-A-44,stationary,5,val
data/processed/val/7976-105575-0008__4-161579-A-40__neg5db__noisy.wav,data/processed/val/7976-105575-0008__4-161579-A-40__neg5db__clean.wav,4-161579-A-40,stationary,-5,val
data/processed/val/5536-43358-0002__1-116765-A-41__neg5db__noisy.wav,data/processed/val/5536-43358-0002__1-116765-A-41__neg5db__clean.wav,1-116765-A-41,stationary,-5,val
data/processed/val/7976-110124-0002__3-150979-C-40__10db__noisy.wav,data/processed/val/7976-110124-0002__3-150979-C-40__10db__clean.wav,3-150979-C-40,stationary,10,val
data/processed/val/174-168635-0020__1-11687-A-47__0db__noisy.wav,data/processed/val/174-168635-0020__1-11687-A-47__0db__clean.wav,1-11687-A-47,stationary,0,val
data/processed/val/2277-149874-0020__2-37806-B-40__5db__noisy.wav,data/processed/val/2277-149874-0020__2-37806-B-40__5db__clean.wav,2-37806-B-40,stationary,5,val
data/processed/val/2277-149896-0022__4-161103-A-47__5db__noisy.wav,data/processed/val/2277-149896-0022__4-161103-A-47__5db__clean.wav,4-161103-A-47,stationary,5,val
data/processed/val/7976-110124-0007__1-172649-B-40__neg5db__noisy.wav,data/processed/val/7976-110124-0007__1-172649-B-40__neg5db__clean.wav,1-172649-B-40,stationary,-5,val
data/processed/val/2277-149896-0006__3-118657-B-41__0db__noisy.wav,data/processed/val/2277-149896-0006__3-118657-B-41__0db__clean.wav,3-118657-B-41,stationary,0,val
data/processed/val/2277-149896-0005__2-165801-A-48__neg5db__noisy.wav,data/processed/val/2277-149896-0005__2-165801-A-48__neg5db__clean.wav,2-165801-A-48,impulsive,-5,val
data/processed/val/174-84280-0012__2-122066-B-45__5db__noisy.wav,data/processed/val/174-84280-0012__2-122066-B-45__5db__clean.wav,2-122066-B-45,stationary,5,val
data/processed/val/5338-284437-0000__1-18527-B-44__neg5db__noisy.wav,data/processed/val/5338-284437-0000__1-18527-B-44__neg5db__clean.wav,1-18527-B-44,stationary,-5,val
data/processed/val/174-168635-0017__1-116765-A-41__0db__noisy.wav,data/processed/val/174-168635-0017__1-116765-A-41__0db__clean.wav,1-116765-A-41,stationary,0,val
data/processed/val/174-84280-0013__4-161579-A-40__0db__noisy.wav,data/processed/val/174-84280-0013__4-161579-A-40__0db__clean.wav,4-161579-A-40,stationary,0,val
data/processed/val/5338-284437-0000__4-161105-A-47__5db__noisy.wav,data/processed/val/5338-284437-0000__4-161105-A-47__5db__clean.wav,4-161105-A-47,stationary,5,val
data/processed/val/2086-149220-0016__3-143560-A-47__5db__noisy.wav,data/processed/val/2086-149220-0016__3-143560-A-47__5db__clean.wav,3-143560-A-47,stationary,5,val
data/processed/val/5536-43359-0017__3-143560-A-47__0db__noisy.wav,data/processed/val/5536-43359-0017__3-143560-A-47__0db__clean.wav,3-143560-A-47,stationary,0,val
data/processed/val/5536-43359-0013__5-235956-A-47__0db__noisy.wav,data/processed/val/5536-43359-0013__5-235956-A-47__0db__clean.wav,5-235956-A-47,stationary,0,val
data/processed/val/5536-43363-0009__2-117615-C-48__5db__noisy.wav,data/processed/val/5536-43363-0009__2-117615-C-48__5db__clean.wav,2-117615-C-48,impulsive,5,val
data/processed/val/2277-149897-0004__1-43807-D-47__neg5db__noisy.wav,data/processed/val/2277-149897-0004__1-43807-D-47__neg5db__clean.wav,1-43807-D-47,stationary,-5,val
data/processed/val/2086-149220-0019__2-165801-A-48__5db__noisy.wav,data/processed/val/2086-149220-0019__2-165801-A-48__5db__clean.wav,2-165801-A-48,impulsive,5,val
data/processed/val/7976-110124-0016__3-118657-B-41__0db__noisy.wav,data/processed/val/7976-110124-0016__3-118657-B-41__0db__clean.wav,3-118657-B-41,stationary,0,val
data/processed/val/2086-149220-0006__4-119648-B-48__0db__noisy.wav,data/processed/val/2086-149220-0006__4-119648-B-48__0db__clean.wav,4-119648-B-48,impulsive,0,val
data/processed/val/5536-43359-0013__3-143560-A-47__10db__noisy.wav,data/processed/val/5536-43359-0013__3-143560-A-47__10db__clean.wav,3-143560-A-47,stationary,10,val
data/processed/val/2277-149897-0006__3-118657-B-41__neg5db__noisy.wav,data/processed/val/2277-149897-0006__3-118657-B-41__neg5db__clean.wav,3-118657-B-41,stationary,-5,val
data/processed/val/2277-149896-0031__1-11687-A-47__neg5db__noisy.wav,data/processed/val/2277-149896-0031__1-11687-A-47__neg5db__clean.wav,1-11687-A-47,stationary,-5,val
data/processed/val/5536-43359-0009__5-235956-A-47__10db__noisy.wav,data/processed/val/5536-43359-0009__5-235956-A-47__10db__clean.wav,5-235956-A-47,stationary,10,val
data/processed/val/174-168635-0009__1-22882-A-44__0db__noisy.wav,data/processed/val/174-168635-0009__1-22882-A-44__0db__clean.wav,1-22882-A-44,stationary,0,val
data/processed/val/2086-149220-0049__3-150979-C-40__5db__noisy.wav,data/processed/val/2086-149220-0049__3-150979-C-40__5db__clean.wav,3-150979-C-40,stationary,5,val
data/processed/val/5338-284437-0033__4-186962-A-44__neg5db__noisy.wav,data/processed/val/5338-284437-0033__4-186962-A-44__neg5db__clean.wav,4-186962-A-44,stationary,-5,val
data/processed/val/7976-105575-0004__2-117615-B-48__neg5db__noisy.wav,data/processed/val/7976-105575-0004__2-117615-B-48__neg5db__clean.wav,2-117615-B-48,impulsive,-5,val
data/processed/val/7976-110523-0018__5-197121-A-45__5db__noisy.wav,data/processed/val/7976-110523-0018__5-197121-A-45__5db__clean.wav,5-197121-A-45,stationary,5,val
data/processed/val/2086-149220-0043__4-175000-C-40__neg5db__noisy.wav,data/processed/val/2086-149220-0043__4-175000-C-40__neg5db__clean.wav,4-175000-C-40,stationary,-5,val
data/processed/val/174-168635-0020__2-122066-B-45__10db__noisy.wav,data/processed/val/174-168635-0020__2-122066-B-45__10db__clean.wav,2-122066-B-45,stationary,10,val
data/processed/val/2277-149897-0032__2-117616-A-48__5db__noisy.wav,data/processed/val/2277-149897-0032__2-117616-A-48__5db__clean.wav,2-117616-A-48,impulsive,5,val
data/processed/val/5536-43359-0002__4-195451-A-44__neg5db__noisy.wav,data/processed/val/5536-43359-0002__4-195451-A-44__neg5db__clean.wav,4-195451-A-44,stationary,-5,val
data/processed/val/7976-110523-0000__4-161579-A-40__10db__noisy.wav,data/processed/val/7976-110523-0000__4-161579-A-40__10db__clean.wav,4-161579-A-40,stationary,10,val
data/processed/val/2277-149896-0017__4-165845-B-45__5db__noisy.wav,data/processed/val/2277-149896-0017__4-165845-B-45__5db__clean.wav,4-165845-B-45,stationary,5,val
data/processed/val/2277-149897-0026__4-165791-A-45__neg5db__noisy.wav,data/processed/val/2277-149897-0026__4-165791-A-45__neg5db__clean.wav,4-165791-A-45,stationary,-5,val
data/processed/val/2086-149220-0039__3-115382-A-44__5db__noisy.wav,data/processed/val/2086-149220-0039__3-115382-A-44__5db__clean.wav,3-115382-A-44,stationary,5,val
data/processed/val/5338-284437-0006__4-175000-C-40__0db__noisy.wav,data/processed/val/5338-284437-0006__4-175000-C-40__0db__clean.wav,4-175000-C-40,stationary,0,val
data/processed/val/2277-149897-0014__4-165845-B-45__5db__noisy.wav,data/processed/val/2277-149897-0014__4-165845-B-45__5db__clean.wav,4-165845-B-45,stationary,5,val
data/processed/val/5338-284437-0005__2-37806-D-40__neg5db__noisy.wav,data/processed/val/5338-284437-0005__2-37806-D-40__neg5db__clean.wav,2-37806-D-40,stationary,-5,val
data/processed/val/2086-149220-0012__1-11687-A-47__0db__noisy.wav,data/processed/val/2086-149220-0012__1-11687-A-47__0db__clean.wav,1-11687-A-47,stationary,0,val
data/processed/val/2086-149220-0000__1-43807-D-47__5db__noisy.wav,data/processed/val/2086-149220-0000__1-43807-D-47__5db__clean.wav,1-43807-D-47,stationary,5,val
data/processed/val/174-84280-0012__1-116765-A-41__10db__noisy.wav,data/processed/val/174-84280-0012__1-116765-A-41__10db__clean.wav,1-116765-A-41,stationary,10,val
data/processed/val/7976-110124-0000__2-135649-B-45__5db__noisy.wav,data/processed/val/7976-110124-0000__2-135649-B-45__5db__clean.wav,2-135649-B-45,stationary,5,val
data/processed/val/7976-105575-0001__1-88409-B-45__0db__noisy.wav,data/processed/val/7976-105575-0001__1-88409-B-45__0db__clean.wav,1-88409-B-45,stationary,0,val
data/processed/val/2277-149874-0013__239137__qubodup__artillery-gunfire__5db__noisy.wav,data/processed/val/2277-149874-0013__239137__qubodup__artillery-gunfire__5db__clean.wav,239137__qubodup__artillery-gunfire,impulsive,5,val
data/processed/val/7976-110523-0005__2-106849-A-47__5db__noisy.wav,data/processed/val/7976-110523-0005__2-106849-A-47__5db__clean.wav,2-106849-A-47,stationary,5,val
data/processed/val/2277-149896-0018__4-175000-C-40__neg5db__noisy.wav,data/processed/val/2277-149896-0018__4-175000-C-40__neg5db__clean.wav,4-175000-C-40,stationary,-5,val
data/processed/val/5536-43359-0002__2-165801-A-48__10db__noisy.wav,data/processed/val/5536-43359-0002__2-165801-A-48__10db__clean.wav,2-165801-A-48,impulsive,10,val
data/processed/val/7976-105575-0013__3-118657-B-41__neg5db__noisy.wav,data/processed/val/7976-105575-0013__3-118657-B-41__neg5db__clean.wav,3-118657-B-41,stationary,-5,val
data/processed/val/5338-284437-0026__2-117615-C-48__10db__noisy.wav,data/processed/val/5338-284437-0026__2-117615-C-48__10db__clean.wav,2-117615-C-48,impulsive,10,val
data/processed/val/7976-105575-0013__2-107228-A-44__10db__noisy.wav,data/processed/val/7976-105575-0013__2-107228-A-44__10db__clean.wav,2-107228-A-44,stationary,10,val
data/processed/val/5536-43363-0003__3-118658-B-41__0db__noisy.wav,data/processed/val/5536-43363-0003__3-118658-B-41__0db__clean.wav,3-118658-B-41,stationary,0,val
data/processed/val/2277-149896-0007__4-161579-A-40__0db__noisy.wav,data/processed/val/2277-149896-0007__4-161579-A-40__0db__clean.wav,4-161579-A-40,stationary,0,val
data/processed/val/174-50561-0004__4-161103-A-47__5db__noisy.wav,data/processed/val/174-50561-0004__4-161103-A-47__5db__clean.wav,4-161103-A-47,stationary,5,val
data/processed/val/7976-110523-0005__3-150979-C-40__5db__noisy.wav,data/processed/val/7976-110523-0005__3-150979-C-40__5db__clean.wav,3-150979-C-40,stationary,5,val
data/processed/val/5338-24615-0004__4-169127-B-41__0db__noisy.wav,data/processed/val/5338-24615-0004__4-169127-B-41__0db__clean.wav,4-169127-B-41,stationary,0,val
data/processed/val/2086-149220-0038__1-116765-A-41__neg5db__noisy.wav,data/processed/val/2086-149220-0038__1-116765-A-41__neg5db__clean.wav,1-116765-A-41,stationary,-5,val
data/processed/val/2086-149220-0008__2-165801-A-48__5db__noisy.wav,data/processed/val/2086-149220-0008__2-165801-A-48__5db__clean.wav,2-165801-A-48,impulsive,5,val
data/processed/val/2086-149220-0039__4-165791-A-45__5db__noisy.wav,data/processed/val/2086-149220-0039__4-165791-A-45__5db__clean.wav,4-165791-A-45,stationary,5,val
data/processed/val/174-50561-0019__3-118657-B-41__5db__noisy.wav,data/processed/val/174-50561-0019__3-118657-B-41__5db__clean.wav,3-118657-B-41,stationary,5,val
data/processed/val/174-84280-0015__1-64473-A-45__10db__noisy.wav,data/processed/val/174-84280-0015__1-64473-A-45__10db__clean.wav,1-64473-A-45,stationary,10,val
data/processed/val/5536-43363-0001__4-195451-A-44__0db__noisy.wav,data/processed/val/5536-43363-0001__4-195451-A-44__0db__clean.wav,4-195451-A-44,stationary,0,val
data/processed/val/2277-149896-0001__3-143560-A-47__neg5db__noisy.wav,data/processed/val/2277-149896-0001__3-143560-A-47__neg5db__clean.wav,3-143560-A-47,stationary,-5,val
data/processed/val/5338-24615-0002__2-117615-B-48__neg5db__noisy.wav,data/processed/val/5338-24615-0002__2-117615-B-48__neg5db__clean.wav,2-117615-B-48,impulsive,-5,val
data/processed/val/5536-43358-0005__3-150979-C-40__0db__noisy.wav,data/processed/val/5536-43358-0005__3-150979-C-40__0db__clean.wav,3-150979-C-40,stationary,0,val
data/processed/val/7976-105575-0009__3-118657-B-41__0db__noisy.wav,data/processed/val/7976-105575-0009__3-118657-B-41__0db__clean.wav,3-118657-B-41,stationary,0,val
data/processed/val/174-84280-0003__239137__qubodup__artillery-gunfire__10db__noisy.wav,data/processed/val/174-84280-0003__239137__qubodup__artillery-gunfire__10db__clean.wav,239137__qubodup__artillery-gunfire,impulsive,10,val
data/processed/val/2277-149874-0006__1-172649-B-40__neg5db__noisy.wav,data/processed/val/2277-149874-0006__1-172649-B-40__neg5db__clean.wav,1-172649-B-40,stationary,-5,val
data/processed/val/174-168635-0021__4-161579-A-40__0db__noisy.wav,data/processed/val/174-168635-0021__4-161579-A-40__0db__clean.wav,4-161579-A-40,stationary,0,val
data/processed/val/2277-149897-0004__4-165845-B-45__0db__noisy.wav,data/processed/val/2277-149897-0004__4-165845-B-45__0db__clean.wav,4-165845-B-45,stationary,0,val
data/processed/val/5536-43359-0012__3-115387-A-47__neg5db__noisy.wav,data/processed/val/5536-43359-0012__3-115387-A-47__neg5db__clean.wav,3-115387-A-47,stationary,-5,val
data/processed/val/2277-149896-0007__4-165791-A-45__10db__noisy.wav,data/processed/val/2277-149896-0007__4-165791-A-45__10db__clean.wav,4-165791-A-45,stationary,10,val
data/processed/val/5338-284437-0003__2-37806-D-40__0db__noisy.wav,data/processed/val/5338-284437-0003__2-37806-D-40__0db__clean.wav,2-37806-D-40,stationary,0,val
data/processed/val/2277-149896-0020__4-165791-A-45__10db__noisy.wav,data/processed/val/2277-149896-0020__4-165791-A-45__10db__clean.wav,4-165791-A-45,stationary,10,val
data/processed/val/5338-24615-0012__2-107228-A-44__neg5db__noisy.wav,data/processed/val/5338-24615-0012__2-107228-A-44__neg5db__clean.wav,2-107228-A-44,stationary,-5,val
data/processed/val/174-168635-0016__3-115382-A-44__0db__noisy.wav,data/processed/val/174-168635-0016__3-115382-A-44__0db__clean.wav,3-115382-A-44,stationary,0,val
data/processed/val/2086-149220-0049__4-175000-C-40__10db__noisy.wav,data/processed/val/2086-149220-0049__4-175000-C-40__10db__clean.wav,4-175000-C-40,stationary,10,val
data/processed/val/5536-43358-0008__1-11687-A-47__neg5db__noisy.wav,data/processed/val/5536-43358-0008__1-11687-A-47__neg5db__clean.wav,1-11687-A-47,stationary,-5,val
data/processed/val/174-84280-0013__1-88409-B-45__neg5db__noisy.wav,data/processed/val/174-84280-0013__1-88409-B-45__neg5db__clean.wav,1-88409-B-45,stationary,-5,val
data/processed/val/7976-110523-0019__1-11687-A-47__neg5db__noisy.wav,data/processed/val/7976-110523-0019__1-11687-A-47__neg5db__clean.wav,1-11687-A-47,stationary,-5,val
data/processed/val/2086-149220-0030__4-165845-B-45__neg5db__noisy.wav,data/processed/val/2086-149220-0030__4-165845-B-45__neg5db__clean.wav,4-165845-B-45,stationary,-5,val
data/processed/val/2277-149896-0006__5-235956-A-47__0db__noisy.wav,data/processed/val/2277-149896-0006__5-235956-A-47__0db__clean.wav,5-235956-A-47,stationary,0,val
data/processed/val/5536-43359-0015__1-64473-A-45__10db__noisy.wav,data/processed/val/5536-43359-0015__1-64473-A-45__10db__clean.wav,1-64473-A-45,stationary,10,val
data/processed/val/174-168635-0017__2-117615-B-48__5db__noisy.wav,data/processed/val/174-168635-0017__2-117615-B-48__5db__clean.wav,2-117615-B-48,impulsive,5,val
data/processed/val/5338-24615-0001__2-117616-A-48__10db__noisy.wav,data/processed/val/5338-24615-0001__2-117616-A-48__10db__clean.wav,2-117616-A-48,impulsive,10,val
data/processed/val/2277-149897-0010__1-11687-A-47__neg5db__noisy.wav,data/processed/val/2277-149897-0010__1-11687-A-47__neg5db__clean.wav,1-11687-A-47,stationary,-5,val
data/processed/val/7976-105575-0022__2-122066-B-45__neg5db__noisy.wav,data/processed/val/7976-105575-0022__2-122066-B-45__neg5db__clean.wav,2-122066-B-45,stationary,-5,val
data/processed/val/2277-149896-0031__1-61261-A-44__5db__noisy.wav,data/processed/val/2277-149896-0031__1-61261-A-44__5db__clean.wav,1-61261-A-44,stationary,5,val
data/processed/val/5536-43363-0002__1-88409-B-45__10db__noisy.wav,data/processed/val/5536-43363-0002__1-88409-B-45__10db__clean.wav,1-88409-B-45,stationary,10,val
data/processed/val/2277-149874-0011__5-177957-A-40__0db__noisy.wav,data/processed/val/2277-149874-0011__5-177957-A-40__0db__clean.wav,5-177957-A-40,stationary,0,val
data/processed/val/2086-149220-0002__2-122067-A-45__10db__noisy.wav,data/processed/val/2086-149220-0002__2-122067-A-45__10db__clean.wav,2-122067-A-45,stationary,10,val
data/processed/val/2086-149220-0000__4-161103-A-47__10db__noisy.wav,data/processed/val/2086-149220-0000__4-161103-A-47__10db__clean.wav,4-161103-A-47,stationary,10,val
data/processed/val/174-50561-0007__4-165845-B-45__neg5db__noisy.wav,data/processed/val/174-50561-0007__4-165845-B-45__neg5db__clean.wav,4-165845-B-45,stationary,-5,val
data/processed/val/5536-43363-0014__4-119648-B-48__10db__noisy.wav,data/processed/val/5536-43363-0014__4-119648-B-48__10db__clean.wav,4-119648-B-48,impulsive,10,val
data/processed/val/2086-149220-0048__4-195451-A-44__10db__noisy.wav,data/processed/val/2086-149220-0048__4-195451-A-44__10db__clean.wav,4-195451-A-44,stationary,10,val
data/processed/val/5536-43363-0017__2-37806-D-40__neg5db__noisy.wav,data/processed/val/5536-43363-0017__2-37806-D-40__neg5db__clean.wav,2-37806-D-40,stationary,-5,val
data/processed/val/174-50561-0005__4-161579-A-40__10db__noisy.wav,data/processed/val/174-50561-0005__4-161579-A-40__10db__clean.wav,4-161579-A-40,stationary,10,val
data/processed/val/5338-284437-0012__2-165801-A-48__neg5db__noisy.wav,data/processed/val/5338-284437-0012__2-165801-A-48__neg5db__clean.wav,2-165801-A-48,impulsive,-5,val
data/processed/val/174-50561-0006__4-175000-B-40__5db__noisy.wav,data/processed/val/174-50561-0006__4-175000-B-40__5db__clean.wav,4-175000-B-40,stationary,5,val
data/processed/val/174-50561-0015__4-195451-A-44__10db__noisy.wav,data/processed/val/174-50561-0015__4-195451-A-44__10db__clean.wav,4-195451-A-44,stationary,10,val
data/processed/val/7976-110523-0016__1-11687-A-47__0db__noisy.wav,data/processed/val/7976-110523-0016__1-11687-A-47__0db__clean.wav,1-11687-A-47,stationary,0,val
data/processed/val/5536-43358-0000__3-118658-B-41__10db__noisy.wav,data/processed/val/5536-43358-0000__3-118658-B-41__10db__clean.wav,3-118658-B-41,stationary,10,val
data/processed/val/5338-284437-0014__239137__qubodup__artillery-gunfire__10db__noisy.wav,data/processed/val/5338-284437-0014__239137__qubodup__artillery-gunfire__10db__clean.wav,239137__qubodup__artillery-gunfire,impulsive,10,val
data/processed/val/2277-149874-0012__4-195451-A-44__0db__noisy.wav,data/processed/val/2277-149874-0012__4-195451-A-44__0db__clean.wav,4-195451-A-44,stationary,0,val
data/processed/val/2086-149220-0044__2-117616-A-48__5db__noisy.wav,data/processed/val/2086-149220-0044__2-117616-A-48__5db__clean.wav,2-117616-A-48,impulsive,5,val
data/processed/val/7976-110124-0008__4-161579-A-40__0db__noisy.wav,data/processed/val/7976-110124-0008__4-161579-A-40__0db__clean.wav,4-161579-A-40,stationary,0,val
data/processed/val/174-84280-0007__2-106849-A-47__neg5db__noisy.wav,data/processed/val/174-84280-0007__2-106849-A-47__neg5db__clean.wav,2-106849-A-47,stationary,-5,val
data/processed/val/2086-149220-0039__2-107228-A-44__0db__noisy.wav,data/processed/val/2086-149220-0039__2-107228-A-44__0db__clean.wav,2-107228-A-44,stationary,0,val
data/processed/val/2277-149897-0001__3-143560-A-47__5db__noisy.wav,data/processed/val/2277-149897-0001__3-143560-A-47__5db__clean.wav,3-143560-A-47,stationary,5,val
data/processed/val/7976-105575-0016__4-161103-A-47__5db__noisy.wav,data/processed/val/7976-105575-0016__4-161103-A-47__5db__clean.wav,4-161103-A-47,stationary,5,val
data/processed/val/2277-149897-0007__1-22882-A-44__5db__noisy.wav,data/processed/val/2277-149897-0007__1-22882-A-44__5db__clean.wav,1-22882-A-44,stationary,5,val
data/processed/val/2277-149874-0002__2-117615-C-48__0db__noisy.wav,data/processed/val/2277-149874-0002__2-117615-C-48__0db__clean.wav,2-117615-C-48,impulsive,0,val
data/processed/val/5536-43359-0015__4-175000-C-40__5db__noisy.wav,data/processed/val/5536-43359-0015__4-175000-C-40__5db__clean.wav,4-175000-C-40,stationary,5,val
data/processed/val/2086-149220-0010__1-172649-B-40__5db__noisy.wav,data/processed/val/2086-149220-0010__1-172649-B-40__5db__clean.wav,1-172649-B-40,stationary,5,val
data/processed/val/2086-149220-0024__4-165845-B-45__10db__noisy.wav,data/processed/val/2086-149220-0024__4-165845-B-45__10db__clean.wav,4-165845-B-45,stationary,10,val
data/processed/val/2277-149897-0006__3-143560-A-47__5db__noisy.wav,data/processed/val/2277-149897-0006__3-143560-A-47__5db__clean.wav,3-143560-A-47,stationary,5,val
data/processed/val/5536-43363-0019__2-106849-A-47__neg5db__noisy.wav,data/processed/val/5536-43363-0019__2-106849-A-47__neg5db__clean.wav,2-106849-A-47,stationary,-5,val
data/processed/val/7976-110523-0009__1-61261-A-44__10db__noisy.wav,data/processed/val/7976-110523-0009__1-61261-A-44__10db__clean.wav,1-61261-A-44,stationary,10,val
data/processed/val/7976-110124-0015__5-197121-A-45__neg5db__noisy.wav,data/processed/val/7976-110124-0015__5-197121-A-45__neg5db__clean.wav,5-197121-A-45,stationary,-5,val
data/processed/val/2277-149897-0031__2-107228-A-44__10db__noisy.wav,data/processed/val/2277-149897-0031__2-107228-A-44__10db__clean.wav,2-107228-A-44,stationary,10,val
data/processed/val/2277-149896-0009__4-161105-A-47__0db__noisy.wav,data/processed/val/2277-149896-0009__4-161105-A-47__0db__clean.wav,4-161105-A-47,stationary,0,val
data/processed/val/5338-284437-0019__1-88409-B-45__10db__noisy.wav,data/processed/val/5338-284437-0019__1-88409-B-45__10db__clean.wav,1-88409-B-45,stationary,10,val
data/processed/val/7976-110124-0008__2-37806-B-40__10db__noisy.wav,data/processed/val/7976-110124-0008__2-37806-B-40__10db__clean.wav,2-37806-B-40,stationary,10,val
data/processed/val/5536-43363-0019__3-118657-B-41__10db__noisy.wav,data/processed/val/5536-43363-0019__3-118657-B-41__10db__clean.wav,3-118657-B-41,stationary,10,val
data/processed/val/2277-149897-0016__2-37806-D-40__10db__noisy.wav,data/processed/val/2277-149897-0016__2-37806-D-40__10db__clean.wav,2-37806-D-40,stationary,10,val
data/processed/val/7976-105575-0002__5-197121-A-45__neg5db__noisy.wav,data/processed/val/7976-105575-0002__5-197121-A-45__neg5db__clean.wav,5-197121-A-45,stationary,-5,val
data/processed/val/5338-24615-0011__3-118657-B-41__5db__noisy.wav,data/processed/val/5338-24615-0011__3-118657-B-41__5db__clean.wav,3-118657-B-41,stationary,5,val
data/processed/val/2086-149220-0028__1-22882-A-44__neg5db__noisy.wav,data/processed/val/2086-149220-0028__1-22882-A-44__neg5db__clean.wav,1-22882-A-44,stationary,-5,val
data/processed/val/2277-149897-0000__2-122066-B-45__0db__noisy.wav,data/processed/val/2277-149897-0000__2-122066-B-45__0db__clean.wav,2-122066-B-45,stationary,0,val
data/processed/val/2086-149220-0027__3-143560-A-47__10db__noisy.wav,data/processed/val/2086-149220-0027__3-143560-A-47__10db__clean.wav,3-143560-A-47,stationary,10,val
data/processed/val/5536-43358-0013__2-135649-B-45__5db__noisy.wav,data/processed/val/5536-43358-0013__2-135649-B-45__5db__clean.wav,2-135649-B-45,stationary,5,val
data/processed/val/174-168635-0012__4-165845-B-45__neg5db__noisy.wav,data/processed/val/174-168635-0012__4-165845-B-45__neg5db__clean.wav,4-165845-B-45,stationary,-5,val
data/processed/val/5536-43359-0015__2-117616-A-48__neg5db__noisy.wav,data/processed/val/5536-43359-0015__2-117616-A-48__neg5db__clean.wav,2-117616-A-48,impulsive,-5,val
data/processed/val/7976-105575-0029__2-37806-B-40__10db__noisy.wav,data/processed/val/7976-105575-0029__2-37806-B-40__10db__clean.wav,2-37806-B-40,stationary,10,val
data/processed/val/7976-105575-0005__4-161579-A-40__10db__noisy.wav,data/processed/val/7976-105575-0005__4-161579-A-40__10db__clean.wav,4-161579-A-40,stationary,10,val
data/processed/val/5536-43358-0011__3-143560-A-47__10db__noisy.wav,data/processed/val/5536-43358-0011__3-143560-A-47__10db__clean.wav,3-143560-A-47,stationary,10,val
data/processed/val/7976-110523-0006__4-186962-A-44__neg5db__noisy.wav,data/processed/val/7976-110523-0006__4-186962-A-44__neg5db__clean.wav,4-186962-A-44,stationary,-5,val
data/processed/val/5338-284437-0026__2-37806-B-40__10db__noisy.wav,data/processed/val/5338-284437-0026__2-37806-B-40__10db__clean.wav,2-37806-B-40,stationary,10,val
data/processed/val/7976-105575-0010__4-161105-A-47__5db__noisy.wav,data/processed/val/7976-105575-0010__4-161105-A-47__5db__clean.wav,4-161105-A-47,stationary,5,val
data/processed/val/5536-43358-0001__3-118658-B-41__0db__noisy.wav,data/processed/val/5536-43358-0001__3-118658-B-41__0db__clean.wav,3-118658-B-41,stationary,0,val
data/processed/val/174-84280-0007__4-165791-A-45__5db__noisy.wav,data/processed/val/174-84280-0007__4-165791-A-45__5db__clean.wav,4-165791-A-45,stationary,5,val
data/processed/val/2086-149220-0036__4-195451-A-44__10db__noisy.wav,data/processed/val/2086-149220-0036__4-195451-A-44__10db__clean.wav,4-195451-A-44,stationary,10,val
data/processed/val/5338-24615-0013__4-119648-B-48__0db__noisy.wav,data/processed/val/5338-24615-0013__4-119648-B-48__0db__clean.wav,4-119648-B-48,impulsive,0,val
data/processed/val/5338-284437-0002__3-118658-B-41__5db__noisy.wav,data/processed/val/5338-284437-0002__3-118658-B-41__5db__clean.wav,3-118658-B-41,stationary,5,val
data/processed/val/5536-43363-0012__3-150979-C-40__0db__noisy.wav,data/processed/val/5536-43363-0012__3-150979-C-40__0db__clean.wav,3-150979-C-40,stationary,0,val
data/processed/val/7976-110124-0018__4-195451-A-44__0db__noisy.wav,data/processed/val/7976-110124-0018__4-195451-A-44__0db__clean.wav,4-195451-A-44,stationary,0,val
data/processed/val/2277-149874-0012__2-106849-A-47__10db__noisy.wav,data/processed/val/2277-149874-0012__2-106849-A-47__10db__clean.wav,2-106849-A-47,stationary,10,val
data/processed/val/174-50561-0016__1-88409-B-45__10db__noisy.wav,data/processed/val/174-50561-0016__1-88409-B-45__10db__clean.wav,1-88409-B-45,stationary,10,val
data/processed/val/7976-110523-0003__3-150979-C-40__neg5db__noisy.wav,data/processed/val/7976-110523-0003__3-150979-C-40__neg5db__clean.wav,3-150979-C-40,stationary,-5,val
data/processed/val/5338-284437-0023__4-161579-A-40__neg5db__noisy.wav,data/processed/val/5338-284437-0023__4-161579-A-40__neg5db__clean.wav,4-161579-A-40,stationary,-5,val
data/processed/val/2086-149220-0038__4-161103-A-47__10db__noisy.wav,data/processed/val/2086-149220-0038__4-161103-A-47__10db__clean.wav,4-161103-A-47,stationary,10,val
data/processed/val/5536-43358-0018__4-165791-A-45__5db__noisy.wav,data/processed/val/5536-43358-0018__4-165791-A-45__5db__clean.wav,4-165791-A-45,stationary,5,val
data/processed/val/174-50561-0009__3-159445-B-45__0db__noisy.wav,data/processed/val/174-50561-0009__3-159445-B-45__0db__clean.wav,3-159445-B-45,stationary,0,val
data/processed/val/2277-149897-0010__3-143560-A-47__neg5db__noisy.wav,data/processed/val/2277-149897-0010__3-143560-A-47__neg5db__clean.wav,3-143560-A-47,stationary,-5,val
data/processed/val/174-84280-0007__1-61261-A-44__neg5db__noisy.wav,data/processed/val/174-84280-0007__1-61261-A-44__neg5db__clean.wav,1-61261-A-44,stationary,-5,val
data/processed/val/7976-110124-0022__1-22882-A-44__10db__noisy.wav,data/processed/val/7976-110124-0022__1-22882-A-44__10db__clean.wav,1-22882-A-44,stationary,10,val
data/processed/val/174-168635-0013__1-61261-A-44__10db__noisy.wav,data/processed/val/174-168635-0013__1-61261-A-44__10db__clean.wav,1-61261-A-44,stationary,10,val
data/processed/val/2277-149897-0036__4-119648-B-48__neg5db__noisy.wav,data/processed/val/2277-149897-0036__4-119648-B-48__neg5db__clean.wav,4-119648-B-48,impulsive,-5,val
data/processed/val/5536-43359-0014__1-64473-A-45__0db__noisy.wav,data/processed/val/5536-43359-0014__1-64473-A-45__0db__clean.wav,1-64473-A-45,stationary,0,val
data/processed/val/5536-43359-0015__2-107228-A-44__10db__noisy.wav,data/processed/val/5536-43359-0015__2-107228-A-44__10db__clean.wav,2-107228-A-44,stationary,10,val
data/processed/val/2277-149896-0026__2-117615-B-48__neg5db__noisy.wav,data/processed/val/2277-149896-0026__2-117615-B-48__neg5db__clean.wav,2-117615-B-48,impulsive,-5,val
data/processed/val/174-168635-0004__5-235956-A-47__0db__noisy.wav,data/processed/val/174-168635-0004__5-235956-A-47__0db__clean.wav,5-235956-A-47,stationary,0,val
data/processed/val/174-84280-0000__1-172649-B-40__10db__noisy.wav,data/processed/val/174-84280-0000__1-172649-B-40__10db__clean.wav,1-172649-B-40,stationary,10,val
data/processed/val/5536-43358-0001__2-37806-D-40__neg5db__noisy.wav,data/processed/val/5536-43358-0001__2-37806-D-40__neg5db__clean.wav,2-37806-D-40,stationary,-5,val
data/processed/val/5338-24615-0014__4-175000-C-40__neg5db__noisy.wav,data/processed/val/5338-24615-0014__4-175000-C-40__neg5db__clean.wav,4-175000-C-40,stationary,-5,val
data/processed/val/2277-149896-0001__3-118658-B-41__neg5db__noisy.wav,data/processed/val/2277-149896-0001__3-118658-B-41__neg5db__clean.wav,3-118658-B-41,stationary,-5,val
data/processed/val/2277-149896-0028__1-18527-B-44__neg5db__noisy.wav,data/processed/val/2277-149896-0028__1-18527-B-44__neg5db__clean.wav,1-18527-B-44,stationary,-5,val
data/processed/val/7976-105575-0007__3-115382-A-44__10db__noisy.wav,data/processed/val/7976-105575-0007__3-115382-A-44__10db__clean.wav,3-115382-A-44,stationary,10,val
data/processed/val/2277-149897-0036__4-175000-C-40__5db__noisy.wav,data/processed/val/2277-149897-0036__4-175000-C-40__5db__clean.wav,4-175000-C-40,stationary,5,val
data/processed/val/2086-149220-0045__2-117615-B-48__10db__noisy.wav,data/processed/val/2086-149220-0045__2-117615-B-48__10db__clean.wav,2-117615-B-48,impulsive,10,val
data/processed/val/5338-24615-0014__5-177957-A-40__5db__noisy.wav,data/processed/val/5338-24615-0014__5-177957-A-40__5db__clean.wav,5-177957-A-40,stationary,5,val
data/processed/val/2277-149874-0001__3-150979-C-40__neg5db__noisy.wav,data/processed/val/2277-149874-0001__3-150979-C-40__neg5db__clean.wav,3-150979-C-40,stationary,-5,val
data/processed/val/2277-149897-0005__1-43807-D-47__neg5db__noisy.wav,data/processed/val/2277-149897-0005__1-43807-D-47__neg5db__clean.wav,1-43807-D-47,stationary,-5,val
data/processed/val/2277-149896-0002__239137__qubodup__artillery-gunfire__10db__noisy.wav,data/processed/val/2277-149896-0002__239137__qubodup__artillery-gunfire__10db__clean.wav,239137__qubodup__artillery-gunfire,impulsive,10,val
data/processed/val/7976-110523-0009__2-135649-B-45__10db__noisy.wav,data/processed/val/7976-110523-0009__2-135649-B-45__10db__clean.wav,2-135649-B-45,stationary,10,val
data/processed/val/5536-43359-0010__2-117615-B-48__0db__noisy.wav,data/processed/val/5536-43359-0010__2-117615-B-48__0db__clean.wav,2-117615-B-48,impulsive,0,val
data/processed/val/2277-149897-0020__1-172649-B-40__neg5db__noisy.wav,data/processed/val/2277-149897-0020__1-172649-B-40__neg5db__clean.wav,1-172649-B-40,stationary,-5,val
data/processed/val/5338-24615-0006__1-18527-B-44__5db__noisy.wav,data/processed/val/5338-24615-0006__1-18527-B-44__5db__clean.wav,1-18527-B-44,stationary,5,val
data/processed/val/2277-149874-0005__2-122067-A-45__10db__noisy.wav,data/processed/val/2277-149874-0005__2-122067-A-45__10db__clean.wav,2-122067-A-45,stationary,10,val
data/processed/val/2277-149897-0035__1-172649-B-40__5db__noisy.wav,data/processed/val/2277-149897-0035__1-172649-B-40__5db__clean.wav,1-172649-B-40,stationary,5,val
data/processed/val/5536-43358-0006__4-195451-A-44__neg5db__noisy.wav,data/processed/val/5536-43358-0006__4-195451-A-44__neg5db__clean.wav,4-195451-A-44,stationary,-5,val
data/processed/val/7976-110523-0018__4-165845-B-45__5db__noisy.wav,data/processed/val/7976-110523-0018__4-165845-B-45__5db__clean.wav,4-165845-B-45,stationary,5,val
data/processed/val/2086-149220-0045__4-169127-B-41__10db__noisy.wav,data/processed/val/2086-149220-0045__4-169127-B-41__10db__clean.wav,4-169127-B-41,stationary,10,val
data/processed/val/7976-105575-0011__1-116765-A-41__5db__noisy.wav,data/processed/val/7976-105575-0011__1-116765-A-41__5db__clean.wav,1-116765-A-41,stationary,5,val
data/processed/val/5338-24640-0002__4-161579-A-40__5db__noisy.wav,data/processed/val/5338-24640-0002__4-161579-A-40__5db__clean.wav,4-161579-A-40,stationary,5,val
data/processed/val/5338-284437-0012__1-160563-A-48__5db__noisy.wav,data/processed/val/5338-284437-0012__1-160563-A-48__5db__clean.wav,1-160563-A-48,impulsive,5,val
data/processed/val/5536-43363-0014__4-186962-A-44__10db__noisy.wav,data/processed/val/5536-43363-0014__4-186962-A-44__10db__clean.wav,4-186962-A-44,stationary,10,val
data/processed/val/2277-149874-0010__1-18527-B-44__5db__noisy.wav,data/processed/val/2277-149874-0010__1-18527-B-44__5db__clean.wav,1-18527-B-44,stationary,5,val
data/processed/val/5536-43359-0011__1-88409-B-45__10db__noisy.wav,data/processed/val/5536-43359-0011__1-88409-B-45__10db__clean.wav,1-88409-B-45,stationary,10,val
data/processed/val/5338-24615-0013__5-235956-A-47__10db__noisy.wav,data/processed/val/5338-24615-0013__5-235956-A-47__10db__clean.wav,5-235956-A-47,stationary,10,val
data/processed/val/2277-149896-0009__4-175000-B-40__neg5db__noisy.wav,data/processed/val/2277-149896-0009__4-175000-B-40__neg5db__clean.wav,4-175000-B-40,stationary,-5,val
data/processed/val/7976-110124-0019__4-119648-B-48__5db__noisy.wav,data/processed/val/7976-110124-0019__4-119648-B-48__5db__clean.wav,4-119648-B-48,impulsive,5,val
data/processed/val/7976-110124-0016__1-43807-D-47__5db__noisy.wav,data/processed/val/7976-110124-0016__1-43807-D-47__5db__clean.wav,1-43807-D-47,stationary,5,val
data/processed/val/7976-105575-0020__2-37806-B-40__0db__noisy.wav,data/processed/val/7976-105575-0020__2-37806-B-40__0db__clean.wav,2-37806-B-40,stationary,0,val
data/processed/val/5338-284437-0004__4-161103-A-47__5db__noisy.wav,data/processed/val/5338-284437-0004__4-161103-A-47__5db__clean.wav,4-161103-A-47,stationary,5,val
data/processed/val/7976-110124-0001__1-61261-A-44__0db__noisy.wav,data/processed/val/7976-110124-0001__1-61261-A-44__0db__clean.wav,1-61261-A-44,stationary,0,val
data/processed/val/5338-284437-0025__3-118657-B-41__0db__noisy.wav,data/processed/val/5338-284437-0025__3-118657-B-41__0db__clean.wav,3-118657-B-41,stationary,0,val
data/processed/val/5338-24615-0003__4-186962-A-44__0db__noisy.wav,data/processed/val/5338-24615-0003__4-186962-A-44__0db__clean.wav,4-186962-A-44,stationary,0,val
data/processed/val/7976-105575-0001__1-18527-B-44__neg5db__noisy.wav,data/processed/val/7976-105575-0001__1-18527-B-44__neg5db__clean.wav,1-18527-B-44,stationary,-5,val
data/processed/val/5536-43358-0011__3-159445-B-45__neg5db__noisy.wav,data/processed/val/5536-43358-0011__3-159445-B-45__neg5db__clean.wav,3-159445-B-45,stationary,-5,val
data/processed/val/5536-43359-0014__2-122067-A-45__neg5db__noisy.wav,data/processed/val/5536-43359-0014__2-122067-A-45__neg5db__clean.wav,2-122067-A-45,stationary,-5,val
data/processed/val/2086-149220-0006__4-119648-B-48__5db__noisy.wav,data/processed/val/2086-149220-0006__4-119648-B-48__5db__clean.wav,4-119648-B-48,impulsive,5,val
data/processed/val/174-168635-0010__2-122067-A-45__10db__noisy.wav,data/processed/val/174-168635-0010__2-122067-A-45__10db__clean.wav,2-122067-A-45,stationary,10,val
data/processed/val/2086-149220-0016__2-165801-A-48__5db__noisy.wav,data/processed/val/2086-149220-0016__2-165801-A-48__5db__clean.wav,2-165801-A-48,impulsive,5,val
data/processed/val/2086-149220-0041__4-161579-A-40__5db__noisy.wav,data/processed/val/2086-149220-0041__4-161579-A-40__5db__clean.wav,4-161579-A-40,stationary,5,val
data/processed/val/7976-110523-0010__1-22882-A-44__5db__noisy.wav,data/processed/val/7976-110523-0010__1-22882-A-44__5db__clean.wav,1-22882-A-44,stationary,5,val
data/processed/val/7976-105575-0006__4-119648-B-48__0db__noisy.wav,data/processed/val/7976-105575-0006__4-119648-B-48__0db__clean.wav,4-119648-B-48,impulsive,0,val
data/processed/val/2277-149896-0025__4-161103-A-47__5db__noisy.wav,data/processed/val/2277-149896-0025__4-161103-A-47__5db__clean.wav,4-161103-A-47,stationary,5,val
data/processed/val/7976-110523-0003__4-195451-A-44__0db__noisy.wav,data/processed/val/7976-110523-0003__4-195451-A-44__0db__clean.wav,4-195451-A-44,stationary,0,val
data/processed/val/2277-149897-0033__3-159445-B-45__5db__noisy.wav,data/processed/val/2277-149897-0033__3-159445-B-45__5db__clean.wav,3-159445-B-45,stationary,5,val
data/processed/val/2086-149220-0032__4-119648-B-48__5db__noisy.wav,data/processed/val/2086-149220-0032__4-119648-B-48__5db__clean.wav,4-119648-B-48,impulsive,5,val
data/processed/val/5338-284437-0029__4-161103-A-47__10db__noisy.wav,data/processed/val/5338-284437-0029__4-161103-A-47__10db__clean.wav,4-161103-A-47,stationary,10,val
data/processed/val/5338-284437-0006__2-122067-A-45__10db__noisy.wav,data/processed/val/5338-284437-0006__2-122067-A-45__10db__clean.wav,2-122067-A-45,stationary,10,val
data/processed/val/2086-149220-0021__2-117616-A-48__10db__noisy.wav,data/processed/val/2086-149220-0021__2-117616-A-48__10db__clean.wav,2-117616-A-48,impulsive,10,val
data/processed/val/2277-149896-0010__1-61261-A-44__neg5db__noisy.wav,data/processed/val/2277-149896-0010__1-61261-A-44__neg5db__clean.wav,1-61261-A-44,stationary,-5,val
data/processed/val/5536-43359-0018__1-172649-B-40__neg5db__noisy.wav,data/processed/val/5536-43359-0018__1-172649-B-40__neg5db__clean.wav,1-172649-B-40,stationary,-5,val
data/processed/val/5536-43359-0002__1-18527-B-44__10db__noisy.wav,data/processed/val/5536-43359-0002__1-18527-B-44__10db__clean.wav,1-18527-B-44,stationary,10,val
data/processed/val/5338-24615-0001__4-175000-B-40__5db__noisy.wav,data/processed/val/5338-24615-0001__4-175000-B-40__5db__clean.wav,4-175000-B-40,stationary,5,val
data/processed/val/174-50561-0014__2-165801-A-48__neg5db__noisy.wav,data/processed/val/174-50561-0014__2-165801-A-48__neg5db__clean.wav,2-165801-A-48,impulsive,-5,val
data/processed/val/2086-149220-0019__4-161105-A-47__5db__noisy.wav,data/processed/val/2086-149220-0019__4-161105-A-47__5db__clean.wav,4-161105-A-47,stationary,5,val
data/processed/val/2277-149897-0037__4-161103-A-47__0db__noisy.wav,data/processed/val/2277-149897-0037__4-161103-A-47__0db__clean.wav,4-161103-A-47,stationary,0,val
data/processed/val/2277-149896-0004__3-118657-B-41__10db__noisy.wav,data/processed/val/2277-149896-0004__3-118657-B-41__10db__clean.wav,3-118657-B-41,stationary,10,val
data/processed/val/174-168635-0017__2-165801-A-48__neg5db__noisy.wav,data/processed/val/174-168635-0017__2-165801-A-48__neg5db__clean.wav,2-165801-A-48,impulsive,-5,val
data/processed/val/174-168635-0004__4-175000-B-40__5db__noisy.wav,data/processed/val/174-168635-0004__4-175000-B-40__5db__clean.wav,4-175000-B-40,stationary,5,val
data/processed/val/2277-149896-0033__1-88409-B-45__0db__noisy.wav,data/processed/val/2277-149896-0033__1-88409-B-45__0db__clean.wav,1-88409-B-45,stationary,0,val
data/processed/val/7976-110124-0007__5-235956-A-47__5db__noisy.wav,data/processed/val/7976-110124-0007__5-235956-A-47__5db__clean.wav,5-235956-A-47,stationary,5,val
data/processed/val/2086-149220-0017__2-117615-B-48__10db__noisy.wav,data/processed/val/2086-149220-0017__2-117615-B-48__10db__clean.wav,2-117615-B-48,impulsive,10,val
data/processed/val/2086-149220-0037__2-117615-B-48__5db__noisy.wav,data/processed/val/2086-149220-0037__2-117615-B-48__5db__clean.wav,2-117615-B-48,impulsive,5,val
data/processed/val/5338-24640-0009__4-165845-B-45__0db__noisy.wav,data/processed/val/5338-24640-0009__4-165845-B-45__0db__clean.wav,4-165845-B-45,stationary,0,val
data/processed/val/5338-284437-0007__4-186962-A-44__5db__noisy.wav,data/processed/val/5338-284437-0007__4-186962-A-44__5db__clean.wav,4-186962-A-44,stationary,5,val
data/processed/val/2086-149220-0038__3-150979-C-40__neg5db__noisy.wav,data/processed/val/2086-149220-0038__3-150979-C-40__neg5db__clean.wav,3-150979-C-40,stationary,-5,val
data/processed/val/7976-105575-0026__2-117615-B-48__10db__noisy.wav,data/processed/val/7976-105575-0026__2-117615-B-48__10db__clean.wav,2-117615-B-48,impulsive,10,val
data/processed/val/2277-149874-0021__4-119648-B-48__10db__noisy.wav,data/processed/val/2277-149874-0021__4-119648-B-48__10db__clean.wav,4-119648-B-48,impulsive,10,val
data/processed/val/2086-149220-0046__2-37806-B-40__5db__noisy.wav,data/processed/val/2086-149220-0046__2-37806-B-40__5db__clean.wav,2-37806-B-40,stationary,5,val
data/processed/val/2086-149220-0027__2-117615-C-48__0db__noisy.wav,data/processed/val/2086-149220-0027__2-117615-C-48__0db__clean.wav,2-117615-C-48,impulsive,0,val
data/processed/val/5338-284437-0004__2-106849-A-47__neg5db__noisy.wav,data/processed/val/5338-284437-0004__2-106849-A-47__neg5db__clean.wav,2-106849-A-47,stationary,-5,val
data/processed/val/7976-105575-0018__4-175000-B-40__10db__noisy.wav,data/processed/val/7976-105575-0018__4-175000-B-40__10db__clean.wav,4-175000-B-40,stationary,10,val
data/processed/val/2086-149214-0002__1-22882-A-44__5db__noisy.wav,data/processed/val/2086-149214-0002__1-22882-A-44__5db__clean.wav,1-22882-A-44,stationary,5,val
data/processed/val/7976-110124-0022__1-64473-A-45__10db__noisy.wav,data/processed/val/7976-110124-0022__1-64473-A-45__10db__clean.wav,1-64473-A-45,stationary,10,val
data/processed/val/5338-24615-0012__3-118658-B-41__0db__noisy.wav,data/processed/val/5338-24615-0012__3-118658-B-41__0db__clean.wav,3-118658-B-41,stationary,0,val
data/processed/val/2277-149897-0000__3-159445-B-45__0db__noisy.wav,data/processed/val/2277-149897-0000__3-159445-B-45__0db__clean.wav,3-159445-B-45,stationary,0,val
data/processed/val/7976-110523-0013__1-22882-A-44__0db__noisy.wav,data/processed/val/7976-110523-0013__1-22882-A-44__0db__clean.wav,1-22882-A-44,stationary,0,val
data/processed/val/5338-284437-0003__2-117615-B-48__neg5db__noisy.wav,data/processed/val/5338-284437-0003__2-117615-B-48__neg5db__clean.wav,2-117615-B-48,impulsive,-5,val
data/processed/val/5338-24615-0003__4-169127-B-41__10db__noisy.wav,data/processed/val/5338-24615-0003__4-169127-B-41__10db__clean.wav,4-169127-B-41,stationary,10,val
data/processed/val/5536-43359-0005__4-165791-A-45__neg5db__noisy.wav,data/processed/val/5536-43359-0005__4-165791-A-45__neg5db__clean.wav,4-165791-A-45,stationary,-5,val
data/processed/val/5536-43363-0000__1-18527-B-44__neg5db__noisy.wav,data/processed/val/5536-43363-0000__1-18527-B-44__neg5db__clean.wav,1-18527-B-44,stationary,-5,val
data/processed/val/5338-284437-0009__4-175000-B-40__0db__noisy.wav,data/processed/val/5338-284437-0009__4-175000-B-40__0db__clean.wav,4-175000-B-40,stationary,0,val
data/processed/val/7976-110124-0004__3-150979-C-40__neg5db__noisy.wav,data/processed/val/7976-110124-0004__3-150979-C-40__neg5db__clean.wav,3-150979-C-40,stationary,-5,val
data/processed/val/2086-149220-0023__1-11687-A-47__10db__noisy.wav,data/processed/val/2086-149220-0023__1-11687-A-47__10db__clean.wav,1-11687-A-47,stationary,10,val
data/processed/val/2277-149897-0016__1-61261-A-44__0db__noisy.wav,data/processed/val/2277-149897-0016__1-61261-A-44__0db__clean.wav,1-61261-A-44,stationary,0,val
data/processed/val/7976-110523-0009__5-177957-A-40__neg5db__noisy.wav,data/processed/val/7976-110523-0009__5-177957-A-40__neg5db__clean.wav,5-177957-A-40,stationary,-5,val
data/processed/val/7976-110124-0013__2-117615-C-48__5db__noisy.wav,data/processed/val/7976-110124-0013__2-117615-C-48__5db__clean.wav,2-117615-C-48,impulsive,5,val
data/processed/val/5338-24615-0013__4-175000-B-40__10db__noisy.wav,data/processed/val/5338-24615-0013__4-175000-B-40__10db__clean.wav,4-175000-B-40,stationary,10,val
data/processed/val/7976-110124-0025__3-115382-A-44__0db__noisy.wav,data/processed/val/7976-110124-0025__3-115382-A-44__0db__clean.wav,3-115382-A-44,stationary,0,val
data/processed/val/5536-43358-0011__1-18527-B-44__0db__noisy.wav,data/processed/val/5536-43358-0011__1-18527-B-44__0db__clean.wav,1-18527-B-44,stationary,0,val
data/processed/val/7976-110124-0015__3-159445-B-45__10db__noisy.wav,data/processed/val/7976-110124-0015__3-159445-B-45__10db__clean.wav,3-159445-B-45,stationary,10,val
data/processed/val/5338-284437-0016__1-116765-A-41__10db__noisy.wav,data/processed/val/5338-284437-0016__1-116765-A-41__10db__clean.wav,1-116765-A-41,stationary,10,val
data/processed/val/7976-110124-0021__2-122066-B-45__0db__noisy.wav,data/processed/val/7976-110124-0021__2-122066-B-45__0db__clean.wav,2-122066-B-45,stationary,0,val
data/processed/val/5536-43363-0019__3-115382-A-44__10db__noisy.wav,data/processed/val/5536-43363-0019__3-115382-A-44__10db__clean.wav,3-115382-A-44,stationary,10,val
data/processed/val/174-168635-0004__2-106849-A-47__0db__noisy.wav,data/processed/val/174-168635-0004__2-106849-A-47__0db__clean.wav,2-106849-A-47,stationary,0,val
data/processed/val/2086-149220-0017__239137__qubodup__artillery-gunfire__10db__noisy.wav,data/processed/val/2086-149220-0017__239137__qubodup__artillery-gunfire__10db__clean.wav,239137__qubodup__artillery-gunfire,impulsive,10,val
data/processed/val/2086-149220-0036__5-235956-A-47__0db__noisy.wav,data/processed/val/2086-149220-0036__5-235956-A-47__0db__clean.wav,5-235956-A-47,stationary,0,val
data/processed/val/5536-43358-0017__4-175000-C-40__10db__noisy.wav,data/processed/val/5536-43358-0017__4-175000-C-40__10db__clean.wav,4-175000-C-40,stationary,10,val
data/processed/val/2277-149896-0010__2-165801-A-48__neg5db__noisy.wav,data/processed/val/2277-149896-0010__2-165801-A-48__neg5db__clean.wav,2-165801-A-48,impulsive,-5,val
data/processed/val/2086-149220-0006__4-175000-B-40__0db__noisy.wav,data/processed/val/2086-149220-0006__4-175000-B-40__0db__clean.wav,4-175000-B-40,stationary,0,val
data/processed/val/174-50561-0018__4-161579-A-40__5db__noisy.wav,data/processed/val/174-50561-0018__4-161579-A-40__5db__clean.wav,4-161579-A-40,stationary,5,val
data/processed/val/7976-110124-0019__4-161105-A-47__5db__noisy.wav,data/processed/val/7976-110124-0019__4-161105-A-47__5db__clean.wav,4-161105-A-47,stationary,5,val
data/processed/val/7976-110124-0010__4-175000-B-40__neg5db__noisy.wav,data/processed/val/7976-110124-0010__4-175000-B-40__neg5db__clean.wav,4-175000-B-40,stationary,-5,val
data/processed/val/2086-149220-0023__4-119648-B-48__10db__noisy.wav,data/processed/val/2086-149220-0023__4-119648-B-48__10db__clean.wav,4-119648-B-48,impulsive,10,val
data/processed/val/5338-24640-0007__1-22882-A-44__10db__noisy.wav,data/processed/val/5338-24640-0007__1-22882-A-44__10db__clean.wav,1-22882-A-44,stationary,10,val
data/processed/val/7976-105575-0025__4-165791-A-45__0db__noisy.wav,data/processed/val/7976-105575-0025__4-165791-A-45__0db__clean.wav,4-165791-A-45,stationary,0,val
data/processed/val/2277-149897-0001__5-235956-A-47__5db__noisy.wav,data/processed/val/2277-149897-0001__5-235956-A-47__5db__clean.wav,5-235956-A-47,stationary,5,val
data/processed/val/5338-24640-0004__3-115382-A-44__5db__noisy.wav,data/processed/val/5338-24640-0004__3-115382-A-44__5db__clean.wav,3-115382-A-44,stationary,5,val
data/processed/val/2086-149220-0032__2-122066-B-45__5db__noisy.wav,data/processed/val/2086-149220-0032__2-122066-B-45__5db__clean.wav,2-122066-B-45,stationary,5,val
data/processed/val/7976-110523-0019__3-118658-B-41__neg5db__noisy.wav,data/processed/val/7976-110523-0019__3-118658-B-41__neg5db__clean.wav,3-118658-B-41,stationary,-5,val
data/processed/val/5338-284437-0025__2-165801-A-48__10db__noisy.wav,data/processed/val/5338-284437-0025__2-165801-A-48__10db__clean.wav,2-165801-A-48,impulsive,10,val
data/processed/val/174-84280-0015__4-165791-A-45__0db__noisy.wav,data/processed/val/174-84280-0015__4-165791-A-45__0db__clean.wav,4-165791-A-45,stationary,0,val
data/processed/val/7976-110523-0020__3-115382-A-44__neg5db__noisy.wav,data/processed/val/7976-110523-0020__3-115382-A-44__neg5db__clean.wav,3-115382-A-44,stationary,-5,val
data/processed/val/7976-105575-0027__1-61261-A-44__10db__noisy.wav,data/processed/val/7976-105575-0027__1-61261-A-44__10db__clean.wav,1-61261-A-44,stationary,10,val
data/processed/val/5338-284437-0026__2-106849-A-47__10db__noisy.wav,data/processed/val/5338-284437-0026__2-106849-A-47__10db__clean.wav,2-106849-A-47,stationary,10,val
data/processed/val/7976-105575-0028__3-118657-B-41__neg5db__noisy.wav,data/processed/val/7976-105575-0028__3-118657-B-41__neg5db__clean.wav,3-118657-B-41,stationary,-5,val
data/processed/val/7976-110523-0008__4-175000-B-40__10db__noisy.wav,data/processed/val/7976-110523-0008__4-175000-B-40__10db__clean.wav,4-175000-B-40,stationary,10,val
data/processed/val/174-84280-0013__2-37806-B-40__10db__noisy.wav,data/processed/val/174-84280-0013__2-37806-B-40__10db__clean.wav,2-37806-B-40,stationary,10,val
data/processed/val/2277-149897-0022__1-64473-A-45__neg5db__noisy.wav,data/processed/val/2277-149897-0022__1-64473-A-45__neg5db__clean.wav,1-64473-A-45,stationary,-5,val
data/processed/val/2277-149896-0025__4-186962-A-44__0db__noisy.wav,data/processed/val/2277-149896-0025__4-186962-A-44__0db__clean.wav,4-186962-A-44,stationary,0,val
data/processed/val/5536-43363-0013__3-118657-B-41__5db__noisy.wav,data/processed/val/5536-43363-0013__3-118657-B-41__5db__clean.wav,3-118657-B-41,stationary,5,val
data/processed/val/5338-284437-0014__4-161105-A-47__10db__noisy.wav,data/processed/val/5338-284437-0014__4-161105-A-47__10db__clean.wav,4-161105-A-47,stationary,10,val
data/processed/val/2086-149220-0024__2-117616-A-48__10db__noisy.wav,data/processed/val/2086-149220-0024__2-117616-A-48__10db__clean.wav,2-117616-A-48,impulsive,10,val
data/processed/val/174-84280-0015__3-118658-B-41__neg5db__noisy.wav,data/processed/val/174-84280-0015__3-118658-B-41__neg5db__clean.wav,3-118658-B-41,stationary,-5,val
data/processed/val/7976-110523-0012__5-235956-A-47__5db__noisy.wav,data/processed/val/7976-110523-0012__5-235956-A-47__5db__clean.wav,5-235956-A-47,stationary,5,val
data/processed/val/174-50561-0019__2-135649-B-45__neg5db__noisy.wav,data/processed/val/174-50561-0019__2-135649-B-45__neg5db__clean.wav,2-135649-B-45,stationary,-5,val
data/processed/val/174-168635-0003__2-122066-B-45__5db__noisy.wav,data/processed/val/174-168635-0003__2-122066-B-45__5db__clean.wav,2-122066-B-45,stationary,5,val
data/processed/val/174-168635-0022__4-161579-A-40__neg5db__noisy.wav,data/processed/val/174-168635-0022__4-161579-A-40__neg5db__clean.wav,4-161579-A-40,stationary,-5,val
data/processed/val/5536-43363-0014__2-135649-B-45__5db__noisy.wav,data/processed/val/5536-43363-0014__2-135649-B-45__5db__clean.wav,2-135649-B-45,stationary,5,val
data/processed/val/174-168635-0009__4-161103-A-47__0db__noisy.wav,data/processed/val/174-168635-0009__4-161103-A-47__0db__clean.wav,4-161103-A-47,stationary,0,val
data/processed/val/7976-105575-0013__4-175000-C-40__10db__noisy.wav,data/processed/val/7976-105575-0013__4-175000-C-40__10db__clean.wav,4-175000-C-40,stationary,10,val
data/processed/val/174-84280-0003__4-119648-B-48__10db__noisy.wav,data/processed/val/174-84280-0003__4-119648-B-48__10db__clean.wav,4-119648-B-48,impulsive,10,val
data/processed/val/5536-43363-0016__2-37806-B-40__10db__noisy.wav,data/processed/val/5536-43363-0016__2-37806-B-40__10db__clean.wav,2-37806-B-40,stationary,10,val
data/processed/val/7976-110523-0011__3-115387-A-47__5db__noisy.wav,data/processed/val/7976-110523-0011__3-115387-A-47__5db__clean.wav,3-115387-A-47,stationary,5,val
data/processed/val/7976-110124-0003__3-118658-B-41__0db__noisy.wav,data/processed/val/7976-110124-0003__3-118658-B-41__0db__clean.wav,3-118658-B-41,stationary,0,val
data/processed/val/5536-43359-0017__4-165845-B-45__10db__noisy.wav,data/processed/val/5536-43359-0017__4-165845-B-45__10db__clean.wav,4-165845-B-45,stationary,10,val
data/processed/val/2277-149874-0015__2-117616-A-48__0db__noisy.wav,data/processed/val/2277-149874-0015__2-117616-A-48__0db__clean.wav,2-117616-A-48,impulsive,0,val
data/processed/val/2277-149896-0019__1-172649-B-40__0db__noisy.wav,data/processed/val/2277-149896-0019__1-172649-B-40__0db__clean.wav,1-172649-B-40,stationary,0,val
data/processed/val/5536-43358-0001__4-195451-A-44__neg5db__noisy.wav,data/processed/val/5536-43358-0001__4-195451-A-44__neg5db__clean.wav,4-195451-A-44,stationary,-5,val
data/processed/val/7976-105575-0018__2-135649-B-45__0db__noisy.wav,data/processed/val/7976-105575-0018__2-135649-B-45__0db__clean.wav,2-135649-B-45,stationary,0,val
data/processed/val/2086-149220-0013__4-175000-C-40__neg5db__noisy.wav,data/processed/val/2086-149220-0013__4-175000-C-40__neg5db__clean.wav,4-175000-C-40,stationary,-5,val
data/processed/val/174-50561-0005__2-37806-B-40__5db__noisy.wav,data/processed/val/174-50561-0005__2-37806-B-40__5db__clean.wav,2-37806-B-40,stationary,5,val
data/processed/val/5536-43359-0011__2-122067-A-45__neg5db__noisy.wav,data/processed/val/5536-43359-0011__2-122067-A-45__neg5db__clean.wav,2-122067-A-45,stationary,-5,val
data/processed/val/5536-43359-0005__1-61261-A-44__0db__noisy.wav,data/processed/val/5536-43359-0005__1-61261-A-44__0db__clean.wav,1-61261-A-44,stationary,0,val
data/processed/val/7976-105575-0020__2-165801-A-48__neg5db__noisy.wav,data/processed/val/7976-105575-0020__2-165801-A-48__neg5db__clean.wav,2-165801-A-48,impulsive,-5,val
data/processed/val/2086-149220-0044__3-159445-B-45__10db__noisy.wav,data/processed/val/2086-149220-0044__3-159445-B-45__10db__clean.wav,3-159445-B-45,stationary,10,val
data/processed/val/5536-43358-0003__1-18527-B-44__neg5db__noisy.wav,data/processed/val/5536-43358-0003__1-18527-B-44__neg5db__clean.wav,1-18527-B-44,stationary,-5,val
data/processed/val/2086-149214-0001__2-165801-A-48__0db__noisy.wav,data/processed/val/2086-149214-0001__2-165801-A-48__0db__clean.wav,2-165801-A-48,impulsive,0,val
data/processed/val/2086-149220-0003__3-115387-A-47__neg5db__noisy.wav,data/processed/val/2086-149220-0003__3-115387-A-47__neg5db__clean.wav,3-115387-A-47,stationary,-5,val
data/processed/val/2277-149897-0003__2-117615-C-48__5db__noisy.wav,data/processed/val/2277-149897-0003__2-117615-C-48__5db__clean.wav,2-117615-C-48,impulsive,5,val
data/processed/val/5338-24640-0007__4-161579-A-40__0db__noisy.wav,data/processed/val/5338-24640-0007__4-161579-A-40__0db__clean.wav,4-161579-A-40,stationary,0,val
data/processed/val/2086-149220-0046__2-107228-A-44__10db__noisy.wav,data/processed/val/2086-149220-0046__2-107228-A-44__10db__clean.wav,2-107228-A-44,stationary,10,val
data/processed/val/174-50561-0005__4-175000-B-40__neg5db__noisy.wav,data/processed/val/174-50561-0005__4-175000-B-40__neg5db__clean.wav,4-175000-B-40,stationary,-5,val
data/processed/val/2086-149220-0036__1-64473-A-45__0db__noisy.wav,data/processed/val/2086-149220-0036__1-64473-A-45__0db__clean.wav,1-64473-A-45,stationary,0,val
data/processed/val/2086-149220-0029__2-117615-B-48__neg5db__noisy.wav,data/processed/val/2086-149220-0029__2-117615-B-48__neg5db__clean.wav,2-117615-B-48,impulsive,-5,val
data/processed/val/2086-149220-0013__2-117615-C-48__10db__noisy.wav,data/processed/val/2086-149220-0013__2-117615-C-48__10db__clean.wav,2-117615-C-48,impulsive,10,val
data/processed/val/2086-149220-0006__4-175000-B-40__10db__noisy.wav,data/processed/val/2086-149220-0006__4-175000-B-40__10db__clean.wav,4-175000-B-40,stationary,10,val
data/processed/val/5536-43358-0002__5-177957-A-40__10db__noisy.wav,data/processed/val/5536-43358-0002__5-177957-A-40__10db__clean.wav,5-177957-A-40,stationary,10,val
data/processed/val/5536-43359-0003__2-122067-A-45__5db__noisy.wav,data/processed/val/5536-43359-0003__2-122067-A-45__5db__clean.wav,2-122067-A-45,stationary,5,val
data/processed/val/7976-110124-0008__1-116765-A-41__10db__noisy.wav,data/processed/val/7976-110124-0008__1-116765-A-41__10db__clean.wav,1-116765-A-41,stationary,10,val
data/processed/val/2086-149220-0033__4-175000-B-40__neg5db__noisy.wav,data/processed/val/2086-149220-0033__4-175000-B-40__neg5db__clean.wav,4-175000-B-40,stationary,-5,val
data/processed/val/7976-105575-0021__3-150979-C-40__5db__noisy.wav,data/processed/val/7976-105575-0021__3-150979-C-40__5db__clean.wav,3-150979-C-40,stationary,5,val
data/processed/val/2086-149220-0030__1-18527-B-44__10db__noisy.wav,data/processed/val/2086-149220-0030__1-18527-B-44__10db__clean.wav,1-18527-B-44,stationary,10,val
data/processed/val/7976-105575-0028__4-161105-A-47__5db__noisy.wav,data/processed/val/7976-105575-0028__4-161105-A-47__5db__clean.wav,4-161105-A-47,stationary,5,val
data/processed/val/7976-105575-0000__3-150979-C-40__neg5db__noisy.wav,data/processed/val/7976-105575-0000__3-150979-C-40__neg5db__clean.wav,3-150979-C-40,stationary,-5,val
data/processed/val/2086-149220-0003__1-160563-A-48__neg5db__noisy.wav,data/processed/val/2086-149220-0003__1-160563-A-48__neg5db__clean.wav,1-160563-A-48,impulsive,-5,val
data/processed/val/5338-24615-0011__2-135649-B-45__neg5db__noisy.wav,data/processed/val/5338-24615-0011__2-135649-B-45__neg5db__clean.wav,2-135649-B-45,stationary,-5,val
data/processed/val/7976-110523-0001__1-116765-A-41__5db__noisy.wav,data/processed/val/7976-110523-0001__1-116765-A-41__5db__clean.wav,1-116765-A-41,stationary,5,val
data/processed/val/2277-149897-0006__1-43807-D-47__10db__noisy.wav,data/processed/val/2277-149897-0006__1-43807-D-47__10db__clean.wav,1-43807-D-47,stationary,10,val
data/processed/val/7976-105575-0002__1-61261-A-44__neg5db__noisy.wav,data/processed/val/7976-105575-0002__1-61261-A-44__neg5db__clean.wav,1-61261-A-44,stationary,-5,val
data/processed/val/2277-149897-0016__1-61261-A-44__neg5db__noisy.wav,data/processed/val/2277-149897-0016__1-61261-A-44__neg5db__clean.wav,1-61261-A-44,stationary,-5,val
data/processed/val/7976-105575-0028__3-115387-A-47__5db__noisy.wav,data/processed/val/7976-105575-0028__3-115387-A-47__5db__clean.wav,3-115387-A-47,stationary,5,val
data/processed/val/2086-149220-0003__2-165801-A-48__0db__noisy.wav,data/processed/val/2086-149220-0003__2-165801-A-48__0db__clean.wav,2-165801-A-48,impulsive,0,val
data/processed/val/174-84280-0004__3-150979-C-40__0db__noisy.wav,data/processed/val/174-84280-0004__3-150979-C-40__0db__clean.wav,3-150979-C-40,stationary,0,val
data/processed/val/2086-149220-0025__3-150979-C-40__5db__noisy.wav,data/processed/val/2086-149220-0025__3-150979-C-40__5db__clean.wav,3-150979-C-40,stationary,5,val
data/processed/val/2086-149220-0010__3-118658-B-41__neg5db__noisy.wav,data/processed/val/2086-149220-0010__3-118658-B-41__neg5db__clean.wav,3-118658-B-41,stationary,-5,val
data/processed/val/5536-43363-0002__3-115382-A-44__neg5db__noisy.wav,data/processed/val/5536-43363-0002__3-115382-A-44__neg5db__clean.wav,3-115382-A-44,stationary,-5,val
data/processed/val/7976-110523-0004__2-165801-A-48__5db__noisy.wav,data/processed/val/7976-110523-0004__2-165801-A-48__5db__clean.wav,2-165801-A-48,impulsive,5,val
data/processed/val/2086-149214-0001__2-122067-A-45__5db__noisy.wav,data/processed/val/2086-149214-0001__2-122067-A-45__5db__clean.wav,2-122067-A-45,stationary,5,val
data/processed/val/7976-110124-0015__4-169127-B-41__5db__noisy.wav,data/processed/val/7976-110124-0015__4-169127-B-41__5db__clean.wav,4-169127-B-41,stationary,5,val
data/processed/val/2277-149897-0026__3-118658-B-41__5db__noisy.wav,data/processed/val/2277-149897-0026__3-118658-B-41__5db__clean.wav,3-118658-B-41,stationary,5,val
data/processed/val/174-50561-0000__2-117616-A-48__5db__noisy.wav,data/processed/val/174-50561-0000__2-117616-A-48__5db__clean.wav,2-117616-A-48,impulsive,5,val
data/processed/val/5536-43363-0018__1-61261-A-44__5db__noisy.wav,data/processed/val/5536-43363-0018__1-61261-A-44__5db__clean.wav,1-61261-A-44,stationary,5,val
data/processed/val/5536-43359-0005__1-160563-A-48__5db__noisy.wav,data/processed/val/5536-43359-0005__1-160563-A-48__5db__clean.wav,1-160563-A-48,impulsive,5,val
data/processed/val/174-168635-0012__5-235956-A-47__10db__noisy.wav,data/processed/val/174-168635-0012__5-235956-A-47__10db__clean.wav,5-235956-A-47,stationary,10,val
data/processed/val/5536-43359-0008__4-175000-C-40__10db__noisy.wav,data/processed/val/5536-43359-0008__4-175000-C-40__10db__clean.wav,4-175000-C-40,stationary,10,val
data/processed/val/2277-149897-0003__3-118657-B-41__10db__noisy.wav,data/processed/val/2277-149897-0003__3-118657-B-41__10db__clean.wav,3-118657-B-41,stationary,10,val
data/processed/val/174-50561-0012__1-88409-B-45__5db__noisy.wav,data/processed/val/174-50561-0012__1-88409-B-45__5db__clean.wav,1-88409-B-45,stationary,5,val
data/processed/val/174-168635-0008__1-61261-A-44__0db__noisy.wav,data/processed/val/174-168635-0008__1-61261-A-44__0db__clean.wav,1-61261-A-44,stationary,0,val
data/processed/val/174-168635-0022__1-22882-A-44__0db__noisy.wav,data/processed/val/174-168635-0022__1-22882-A-44__0db__clean.wav,1-22882-A-44,stationary,0,val
data/processed/val/5338-284437-0021__4-161103-A-47__neg5db__noisy.wav,data/processed/val/5338-284437-0021__4-161103-A-47__neg5db__clean.wav,4-161103-A-47,stationary,-5,val
data/processed/val/174-168635-0009__2-37806-D-40__5db__noisy.wav,data/processed/val/174-168635-0009__2-37806-D-40__5db__clean.wav,2-37806-D-40,stationary,5,val
data/processed/val/5338-24615-0006__3-159445-B-45__5db__noisy.wav,data/processed/val/5338-24615-0006__3-159445-B-45__5db__clean.wav,3-159445-B-45,stationary,5,val
data/processed/val/5536-43358-0005__1-172649-B-40__neg5db__noisy.wav,data/processed/val/5536-43358-0005__1-172649-B-40__neg5db__clean.wav,1-172649-B-40,stationary,-5,val
data/processed/val/5338-24615-0006__1-116765-A-41__5db__noisy.wav,data/processed/val/5338-24615-0006__1-116765-A-41__5db__clean.wav,1-116765-A-41,stationary,5,val
data/processed/val/5338-284437-0026__2-135649-B-45__0db__noisy.wav,data/processed/val/5338-284437-0026__2-135649-B-45__0db__clean.wav,2-135649-B-45,stationary,0,val
data/processed/val/5536-43358-0005__1-43807-D-47__5db__noisy.wav,data/processed/val/5536-43358-0005__1-43807-D-47__5db__clean.wav,1-43807-D-47,stationary,5,val
data/processed/val/7976-110124-0011__3-150979-C-40__5db__noisy.wav,data/processed/val/7976-110124-0011__3-150979-C-40__5db__clean.wav,3-150979-C-40,stationary,5,val
data/processed/val/2277-149874-0010__2-122066-B-45__10db__noisy.wav,data/processed/val/2277-149874-0010__2-122066-B-45__10db__clean.wav,2-122066-B-45,stationary,10,val
data/processed/val/5536-43363-0019__2-135649-B-45__10db__noisy.wav,data/processed/val/5536-43363-0019__2-135649-B-45__10db__clean.wav,2-135649-B-45,stationary,10,val
data/processed/val/174-50561-0011__1-11687-A-47__5db__noisy.wav,data/processed/val/174-50561-0011__1-11687-A-47__5db__clean.wav,1-11687-A-47,stationary,5,val
data/processed/val/2277-149874-0014__4-175000-B-40__neg5db__noisy.wav,data/processed/val/2277-149874-0014__4-175000-B-40__neg5db__clean.wav,4-175000-B-40,stationary,-5,val
data/processed/val/2277-149897-0019__4-169127-B-41__0db__noisy.wav,data/processed/val/2277-149897-0019__4-169127-B-41__0db__clean.wav,4-169127-B-41,stationary,0,val
data/processed/val/2086-149220-0007__239137__qubodup__artillery-gunfire__neg5db__noisy.wav,data/processed/val/2086-149220-0007__239137__qubodup__artillery-gunfire__neg5db__clean.wav,239137__qubodup__artillery-gunfire,impulsive,-5,val
data/processed/val/7976-110523-0004__1-160563-A-48__10db__noisy.wav,data/processed/val/7976-110523-0004__1-160563-A-48__10db__clean.wav,1-160563-A-48,impulsive,10,val
data/processed/val/7976-110523-0011__3-150979-C-40__neg5db__noisy.wav,data/processed/val/7976-110523-0011__3-150979-C-40__neg5db__clean.wav,3-150979-C-40,stationary,-5,val
data/processed/val/174-168635-0019__2-117615-B-48__5db__noisy.wav,data/processed/val/174-168635-0019__2-117615-B-48__5db__clean.wav,2-117615-B-48,impulsive,5,val
data/processed/val/5338-284437-0015__4-175000-C-40__10db__noisy.wav,data/processed/val/5338-284437-0015__4-175000-C-40__10db__clean.wav,4-175000-C-40,stationary,10,val
data/processed/val/174-50561-0002__1-64473-A-45__neg5db__noisy.wav,data/processed/val/174-50561-0002__1-64473-A-45__neg5db__clean.wav,1-64473-A-45,stationary,-5,val
data/processed/val/2086-149220-0029__1-18527-B-44__10db__noisy.wav,data/processed/val/2086-149220-0029__1-18527-B-44__10db__clean.wav,1-18527-B-44,stationary,10,val
data/processed/val/2277-149896-0017__4-186962-A-44__5db__noisy.wav,data/processed/val/2277-149896-0017__4-186962-A-44__5db__clean.wav,4-186962-A-44,stationary,5,val
data/processed/val/2086-149220-0047__2-117615-B-48__0db__noisy.wav,data/processed/val/2086-149220-0047__2-117615-B-48__0db__clean.wav,2-117615-B-48,impulsive,0,val
data/processed/val/2277-149896-0007__2-135649-B-45__5db__noisy.wav,data/processed/val/2277-149896-0007__2-135649-B-45__5db__clean.wav,2-135649-B-45,stationary,5,val
data/processed/val/2277-149896-0009__2-117615-B-48__neg5db__noisy.wav,data/processed/val/2277-149896-0009__2-117615-B-48__neg5db__clean.wav,2-117615-B-48,impulsive,-5,val
data/processed/val/2277-149896-0009__3-143560-A-47__neg5db__noisy.wav,data/processed/val/2277-149896-0009__3-143560-A-47__neg5db__clean.wav,3-143560-A-47,stationary,-5,val
data/processed/val/7976-105575-0022__3-118657-B-41__5db__noisy.wav,data/processed/val/7976-105575-0022__3-118657-B-41__5db__clean.wav,3-118657-B-41,stationary,5,val
data/processed/val/5338-284437-0032__4-175000-C-40__neg5db__noisy.wav,data/processed/val/5338-284437-0032__4-175000-C-40__neg5db__clean.wav,4-175000-C-40,stationary,-5,val
data/processed/val/5536-43359-0014__1-11687-A-47__5db__noisy.wav,data/processed/val/5536-43359-0014__1-11687-A-47__5db__clean.wav,1-11687-A-47,stationary,5,val
data/processed/val/5536-43363-0014__1-18527-B-44__0db__noisy.wav,data/processed/val/5536-43363-0014__1-18527-B-44__0db__clean.wav,1-18527-B-44,stationary,0,val
data/processed/val/5536-43363-0005__2-117615-B-48__0db__noisy.wav,data/processed/val/5536-43363-0005__2-117615-B-48__0db__clean.wav,2-117615-B-48,impulsive,0,val
data/processed/val/5536-43359-0004__1-43807-D-47__5db__noisy.wav,data/processed/val/5536-43359-0004__1-43807-D-47__5db__clean.wav,1-43807-D-47,stationary,5,val
data/processed/val/174-50561-0014__4-175000-B-40__0db__noisy.wav,data/processed/val/174-50561-0014__4-175000-B-40__0db__clean.wav,4-175000-B-40,stationary,0,val
data/processed/val/2277-149896-0005__4-161105-A-47__5db__noisy.wav,data/processed/val/2277-149896-0005__4-161105-A-47__5db__clean.wav,4-161105-A-47,stationary,5,val
data/processed/val/7976-110523-0014__1-43807-D-47__0db__noisy.wav,data/processed/val/7976-110523-0014__1-43807-D-47__0db__clean.wav,1-43807-D-47,stationary,0,val
data/processed/val/7976-105575-0013__4-119648-B-48__10db__noisy.wav,data/processed/val/7976-105575-0013__4-119648-B-48__10db__clean.wav,4-119648-B-48,impulsive,10,val
data/processed/val/7976-110523-0004__1-11687-A-47__5db__noisy.wav,data/processed/val/7976-110523-0004__1-11687-A-47__5db__clean.wav,1-11687-A-47,stationary,5,val
data/processed/val/7976-110124-0012__2-122066-B-45__neg5db__noisy.wav,data/processed/val/7976-110124-0012__2-122066-B-45__neg5db__clean.wav,2-122066-B-45,stationary,-5,val
data/processed/val/2277-149897-0007__1-11687-A-47__neg5db__noisy.wav,data/processed/val/2277-149897-0007__1-11687-A-47__neg5db__clean.wav,1-11687-A-47,stationary,-5,val
data/processed/val/5338-24640-0004__2-122066-B-45__5db__noisy.wav,data/processed/val/5338-24640-0004__2-122066-B-45__5db__clean.wav,2-122066-B-45,stationary,5,val
data/processed/val/5536-43363-0013__4-195451-A-44__neg5db__noisy.wav,data/processed/val/5536-43363-0013__4-195451-A-44__neg5db__clean.wav,4-195451-A-44,stationary,-5,val
data/processed/val/5338-284437-0027__1-22882-A-44__5db__noisy.wav,data/processed/val/5338-284437-0027__1-22882-A-44__5db__clean.wav,1-22882-A-44,stationary,5,val
data/processed/val/2277-149896-0000__1-11687-A-47__neg5db__noisy.wav,data/processed/val/2277-149896-0000__1-11687-A-47__neg5db__clean.wav,1-11687-A-47,stationary,-5,val
data/processed/val/174-84280-0007__3-118658-B-41__10db__noisy.wav,data/processed/val/174-84280-0007__3-118658-B-41__10db__clean.wav,3-118658-B-41,stationary,10,val
data/processed/val/7976-105575-0020__4-169127-B-41__0db__noisy.wav,data/processed/val/7976-105575-0020__4-169127-B-41__0db__clean.wav,4-169127-B-41,stationary,0,val
data/processed/val/2086-149220-0000__3-159445-B-45__0db__noisy.wav,data/processed/val/2086-149220-0000__3-159445-B-45__0db__clean.wav,3-159445-B-45,stationary,0,val
data/processed/val/7976-105575-0024__3-150979-C-40__5db__noisy.wav,data/processed/val/7976-105575-0024__3-150979-C-40__5db__clean.wav,3-150979-C-40,stationary,5,val
data/processed/val/5338-24640-0007__1-22882-A-44__neg5db__noisy.wav,data/processed/val/5338-24640-0007__1-22882-A-44__neg5db__clean.wav,1-22882-A-44,stationary,-5,val
data/processed/val/7976-105575-0002__4-119648-B-48__10db__noisy.wav,data/processed/val/7976-105575-0002__4-119648-B-48__10db__clean.wav,4-119648-B-48,impulsive,10,val
data/processed/val/7976-110124-0005__1-88409-B-45__0db__noisy.wav,data/processed/val/7976-110124-0005__1-88409-B-45__0db__clean.wav,1-88409-B-45,stationary,0,val
data/processed/val/2277-149897-0012__2-122066-B-45__5db__noisy.wav,data/processed/val/2277-149897-0012__2-122066-B-45__5db__clean.wav,2-122066-B-45,stationary,5,val
data/processed/val/5536-43363-0008__2-117616-A-48__0db__noisy.wav,data/processed/val/5536-43363-0008__2-117616-A-48__0db__clean.wav,2-117616-A-48,impulsive,0,val
data/processed/val/5338-284437-0010__2-117615-C-48__0db__noisy.wav,data/processed/val/5338-284437-0010__2-117615-C-48__0db__clean.wav,2-117615-C-48,impulsive,0,val
data/processed/val/5536-43359-0018__2-117616-A-48__neg5db__noisy.wav,data/processed/val/5536-43359-0018__2-117616-A-48__neg5db__clean.wav,2-117616-A-48,impulsive,-5,val
data/processed/val/5536-43358-0011__1-116765-A-41__0db__noisy.wav,data/processed/val/5536-43358-0011__1-116765-A-41__0db__clean.wav,1-116765-A-41,stationary,0,val
data/processed/val/5338-284437-0025__1-61261-A-44__0db__noisy.wav,data/processed/val/5338-284437-0025__1-61261-A-44__0db__clean.wav,1-61261-A-44,stationary,0,val
data/processed/val/5536-43358-0000__4-175000-B-40__0db__noisy.wav,data/processed/val/5536-43358-0000__4-175000-B-40__0db__clean.wav,4-175000-B-40,stationary,0,val
data/processed/val/2277-149897-0024__2-117615-B-48__neg5db__noisy.wav,data/processed/val/2277-149897-0024__2-117615-B-48__neg5db__clean.wav,2-117615-B-48,impulsive,-5,val
data/processed/val/5536-43358-0000__2-165801-A-48__5db__noisy.wav,data/processed/val/5536-43358-0000__2-165801-A-48__5db__clean.wav,2-165801-A-48,impulsive,5,val
data/processed/val/2086-149220-0049__4-195451-A-44__10db__noisy.wav,data/processed/val/2086-149220-0049__4-195451-A-44__10db__clean.wav,4-195451-A-44,stationary,10,val
data/processed/val/2086-149220-0021__1-43807-D-47__10db__noisy.wav,data/processed/val/2086-149220-0021__1-43807-D-47__10db__clean.wav,1-43807-D-47,stationary,10,val
data/processed/val/5338-284437-0029__1-11687-A-47__0db__noisy.wav,data/processed/val/5338-284437-0029__1-11687-A-47__0db__clean.wav,1-11687-A-47,stationary,0,val
data/processed/val/2086-149220-0022__2-37806-D-40__neg5db__noisy.wav,data/processed/val/2086-149220-0022__2-37806-D-40__neg5db__clean.wav,2-37806-D-40,stationary,-5,val
data/processed/val/2277-149897-0016__4-169127-B-41__0db__noisy.wav,data/processed/val/2277-149897-0016__4-169127-B-41__0db__clean.wav,4-169127-B-41,stationary,0,val
data/processed/val/174-168635-0005__2-117615-B-48__neg5db__noisy.wav,data/processed/val/174-168635-0005__2-117615-B-48__neg5db__clean.wav,2-117615-B-48,impulsive,-5,val
data/processed/val/2086-149214-0004__2-117615-B-48__0db__noisy.wav,data/processed/val/2086-149214-0004__2-117615-B-48__0db__clean.wav,2-117615-B-48,impulsive,0,val
data/processed/val/174-84280-0003__4-161103-A-47__5db__noisy.wav,data/processed/val/174-84280-0003__4-161103-A-47__5db__clean.wav,4-161103-A-47,stationary,5,val
data/processed/val/5536-43363-0001__2-122067-A-45__neg5db__noisy.wav,data/processed/val/5536-43363-0001__2-122067-A-45__neg5db__clean.wav,2-122067-A-45,stationary,-5,val
data/processed/val/7976-110523-0004__2-122067-A-45__10db__noisy.wav,data/processed/val/7976-110523-0004__2-122067-A-45__10db__clean.wav,2-122067-A-45,stationary,10,val
data/processed/val/174-168635-0016__1-160563-A-48__neg5db__noisy.wav,data/processed/val/174-168635-0016__1-160563-A-48__neg5db__clean.wav,1-160563-A-48,impulsive,-5,val
data/processed/val/174-50561-0008__5-197121-A-45__5db__noisy.wav,data/processed/val/174-50561-0008__5-197121-A-45__5db__clean.wav,5-197121-A-45,stationary,5,val
data/processed/val/2086-149220-0012__1-18527-B-44__neg5db__noisy.wav,data/processed/val/2086-149220-0012__1-18527-B-44__neg5db__clean.wav,1-18527-B-44,stationary,-5,val
data/processed/val/2277-149896-0009__1-61261-A-44__0db__noisy.wav,data/processed/val/2277-149896-0009__1-61261-A-44__0db__clean.wav,1-61261-A-44,stationary,0,val
data/processed/val/5338-24640-0007__2-37806-B-40__0db__noisy.wav,data/processed/val/5338-24640-0007__2-37806-B-40__0db__clean.wav,2-37806-B-40,stationary,0,val
data/processed/val/5536-43359-0003__1-22882-A-44__5db__noisy.wav,data/processed/val/5536-43359-0003__1-22882-A-44__5db__clean.wav,1-22882-A-44,stationary,5,val
data/processed/val/2086-149220-0021__4-119648-B-48__0db__noisy.wav,data/processed/val/2086-149220-0021__4-119648-B-48__0db__clean.wav,4-119648-B-48,impulsive,0,val
data/processed/val/2277-149896-0020__2-117616-A-48__neg5db__noisy.wav,data/processed/val/2277-149896-0020__2-117616-A-48__neg5db__clean.wav,2-117616-A-48,impulsive,-5,val
data/processed/val/174-50561-0004__4-175000-C-40__5db__noisy.wav,data/processed/val/174-50561-0004__4-175000-C-40__5db__clean.wav,4-175000-C-40,stationary,5,val
data/processed/val/2277-149896-0016__5-197121-A-45__10db__noisy.wav,data/processed/val/2277-149896-0016__5-197121-A-45__10db__clean.wav,5-197121-A-45,stationary,10,val
data/processed/val/5536-43358-0014__5-235956-A-47__0db__noisy.wav,data/processed/val/5536-43358-0014__5-235956-A-47__0db__clean.wav,5-235956-A-47,stationary,0,val
data/processed/val/5536-43359-0011__1-88409-B-45__neg5db__noisy.wav,data/processed/val/5536-43359-0011__1-88409-B-45__neg5db__clean.wav,1-88409-B-45,stationary,-5,val
data/processed/val/5338-284437-0017__5-197121-A-45__5db__noisy.wav,data/processed/val/5338-284437-0017__5-197121-A-45__5db__clean.wav,5-197121-A-45,stationary,5,val
data/processed/val/2277-149897-0024__1-88409-B-45__0db__noisy.wav,data/processed/val/2277-149897-0024__1-88409-B-45__0db__clean.wav,1-88409-B-45,stationary,0,val
data/processed/val/2277-149874-0005__2-106849-A-47__0db__noisy.wav,data/processed/val/2277-149874-0005__2-106849-A-47__0db__clean.wav,2-106849-A-47,stationary,0,val
data/processed/val/174-168635-0006__1-88409-B-45__0db__noisy.wav,data/processed/val/174-168635-0006__1-88409-B-45__0db__clean.wav,1-88409-B-45,stationary,0,val
data/processed/val/7976-105575-0015__2-117615-C-48__neg5db__noisy.wav,data/processed/val/7976-105575-0015__2-117615-C-48__neg5db__clean.wav,2-117615-C-48,impulsive,-5,val
data/processed/val/5536-43358-0005__1-64473-A-45__0db__noisy.wav,data/processed/val/5536-43358-0005__1-64473-A-45__0db__clean.wav,1-64473-A-45,stationary,0,val
data/processed/val/2086-149220-0012__1-11687-A-47__neg5db__noisy.wav,data/processed/val/2086-149220-0012__1-11687-A-47__neg5db__clean.wav,1-11687-A-47,stationary,-5,val
data/processed/val/7976-110523-0009__5-197121-A-45__5db__noisy.wav,data/processed/val/7976-110523-0009__5-197121-A-45__5db__clean.wav,5-197121-A-45,stationary,5,val
data/processed/val/5338-284437-0018__4-175000-B-40__0db__noisy.wav,data/processed/val/5338-284437-0018__4-175000-B-40__0db__clean.wav,4-175000-B-40,stationary,0,val
data/processed/val/5338-284437-0025__3-118658-B-41__0db__noisy.wav,data/processed/val/5338-284437-0025__3-118658-B-41__0db__clean.wav,3-118658-B-41,stationary,0,val
data/processed/val/2277-149896-0022__4-119648-B-48__0db__noisy.wav,data/processed/val/2277-149896-0022__4-119648-B-48__0db__clean.wav,4-119648-B-48,impulsive,0,val
data/processed/val/2277-149896-0015__1-18527-B-44__0db__noisy.wav,data/processed/val/2277-149896-0015__1-18527-B-44__0db__clean.wav,1-18527-B-44,stationary,0,val
data/processed/val/2277-149897-0021__1-43807-D-47__5db__noisy.wav,data/processed/val/2277-149897-0021__1-43807-D-47__5db__clean.wav,1-43807-D-47,stationary,5,val
data/processed/val/5338-24640-0004__2-117615-C-48__10db__noisy.wav,data/processed/val/5338-24640-0004__2-117615-C-48__10db__clean.wav,2-117615-C-48,impulsive,10,val
data/processed/val/2277-149896-0031__4-161579-A-40__10db__noisy.wav,data/processed/val/2277-149896-0031__4-161579-A-40__10db__clean.wav,4-161579-A-40,stationary,10,val
data/processed/val/7976-110124-0021__2-37806-D-40__neg5db__noisy.wav,data/processed/val/7976-110124-0021__2-37806-D-40__neg5db__clean.wav,2-37806-D-40,stationary,-5,val
data/processed/val/5536-43363-0014__1-18527-B-44__10db__noisy.wav,data/processed/val/5536-43363-0014__1-18527-B-44__10db__clean.wav,1-18527-B-44,stationary,10,val
data/processed/val/5338-24615-0012__2-122067-A-45__10db__noisy.wav,data/processed/val/5338-24615-0012__2-122067-A-45__10db__clean.wav,2-122067-A-45,stationary,10,val
data/processed/val/2277-149897-0004__4-175000-B-40__neg5db__noisy.wav,data/processed/val/2277-149897-0004__4-175000-B-40__neg5db__clean.wav,4-175000-B-40,stationary,-5,val
data/processed/val/5536-43358-0015__1-64473-A-45__neg5db__noisy.wav,data/processed/val/5536-43358-0015__1-64473-A-45__neg5db__clean.wav,1-64473-A-45,stationary,-5,val
data/processed/val/174-50561-0006__4-165845-B-45__0db__noisy.wav,data/processed/val/174-50561-0006__4-165845-B-45__0db__clean.wav,4-165845-B-45,stationary,0,val
data/processed/val/5536-43359-0018__4-186962-A-44__5db__noisy.wav,data/processed/val/5536-43359-0018__4-186962-A-44__5db__clean.wav,4-186962-A-44,stationary,5,val
data/processed/val/7976-110124-0024__2-122066-B-45__5db__noisy.wav,data/processed/val/7976-110124-0024__2-122066-B-45__5db__clean.wav,2-122066-B-45,stationary,5,val
data/processed/val/174-84280-0008__1-43807-D-47__0db__noisy.wav,data/processed/val/174-84280-0008__1-43807-D-47__0db__clean.wav,1-43807-D-47,stationary,0,val
data/processed/val/5536-43363-0002__2-122066-B-45__0db__noisy.wav,data/processed/val/5536-43363-0002__2-122066-B-45__0db__clean.wav,2-122066-B-45,stationary,0,val
data/processed/val/7976-110124-0017__239137__qubodup__artillery-gunfire__5db__noisy.wav,data/processed/val/7976-110124-0017__239137__qubodup__artillery-gunfire__5db__clean.wav,239137__qubodup__artillery-gunfire,impulsive,5,val
data/processed/val/2277-149897-0006__2-117615-C-48__0db__noisy.wav,data/processed/val/2277-149897-0006__2-117615-C-48__0db__clean.wav,2-117615-C-48,impulsive,0,val
data/processed/val/5338-24640-0003__1-116765-A-41__neg5db__noisy.wav,data/processed/val/5338-24640-0003__1-116765-A-41__neg5db__clean.wav,1-116765-A-41,stationary,-5,val
data/processed/val/7976-105575-0023__2-117615-C-48__neg5db__noisy.wav,data/processed/val/7976-105575-0023__2-117615-C-48__neg5db__clean.wav,2-117615-C-48,impulsive,-5,val
data/processed/val/2277-149896-0017__4-195451-A-44__5db__noisy.wav,data/processed/val/2277-149896-0017__4-195451-A-44__5db__clean.wav,4-195451-A-44,stationary,5,val
data/processed/val/174-50561-0010__1-43807-D-47__0db__noisy.wav,data/processed/val/174-50561-0010__1-43807-D-47__0db__clean.wav,1-43807-D-47,stationary,0,val
data/processed/val/2277-149896-0016__4-186962-A-44__10db__noisy.wav,data/processed/val/2277-149896-0016__4-186962-A-44__10db__clean.wav,4-186962-A-44,stationary,10,val
data/processed/val/7976-105575-0000__1-88409-B-45__5db__noisy.wav,data/processed/val/7976-105575-0000__1-88409-B-45__5db__clean.wav,1-88409-B-45,stationary,5,val
data/processed/val/2277-149897-0022__4-165791-A-45__10db__noisy.wav,data/processed/val/2277-149897-0022__4-165791-A-45__10db__clean.wav,4-165791-A-45,stationary,10,val
data/processed/val/2277-149897-0026__3-143560-A-47__0db__noisy.wav,data/processed/val/2277-149897-0026__3-143560-A-47__0db__clean.wav,3-143560-A-47,stationary,0,val
data/processed/val/2086-149220-0042__2-117616-A-48__neg5db__noisy.wav,data/processed/val/2086-149220-0042__2-117616-A-48__neg5db__clean.wav,2-117616-A-48,impulsive,-5,val
data/processed/val/2277-149897-0035__1-11687-A-47__10db__noisy.wav,data/processed/val/2277-149897-0035__1-11687-A-47__10db__clean.wav,1-11687-A-47,stationary,10,val
data/processed/val/2277-149874-0002__239137__qubodup__artillery-gunfire__5db__noisy.wav,data/processed/val/2277-149874-0002__239137__qubodup__artillery-gunfire__5db__clean.wav,239137__qubodup__artillery-gunfire,impulsive,5,val
data/processed/val/174-168635-0012__1-160563-A-48__neg5db__noisy.wav,data/processed/val/174-168635-0012__1-160563-A-48__neg5db__clean.wav,1-160563-A-48,impulsive,-5,val
data/processed/val/5338-284437-0011__1-160563-A-48__5db__noisy.wav,data/processed/val/5338-284437-0011__1-160563-A-48__5db__clean.wav,1-160563-A-48,impulsive,5,val
data/processed/val/5536-43359-0002__3-115387-A-47__5db__noisy.wav,data/processed/val/5536-43359-0002__3-115387-A-47__5db__clean.wav,3-115387-A-47,stationary,5,val
data/processed/val/174-84280-0004__1-172649-B-40__neg5db__noisy.wav,data/processed/val/174-84280-0004__1-172649-B-40__neg5db__clean.wav,1-172649-B-40,stationary,-5,val
data/processed/val/5536-43358-0004__3-115387-A-47__5db__noisy.wav,data/processed/val/5536-43358-0004__3-115387-A-47__5db__clean.wav,3-115387-A-47,stationary,5,val
data/processed/val/5338-284437-0026__3-143560-A-47__0db__noisy.wav,data/processed/val/5338-284437-0026__3-143560-A-47__0db__clean.wav,3-143560-A-47,stationary,0,val
data/processed/val/7976-110523-0018__2-117615-B-48__10db__noisy.wav,data/processed/val/7976-110523-0018__2-117615-B-48__10db__clean.wav,2-117615-B-48,impulsive,10,val
data/processed/val/174-84280-0002__1-18527-B-44__0db__noisy.wav,data/processed/val/174-84280-0002__1-18527-B-44__0db__clean.wav,1-18527-B-44,stationary,0,val
data/processed/val/2277-149896-0010__4-165791-A-45__0db__noisy.wav,data/processed/val/2277-149896-0010__4-165791-A-45__0db__clean.wav,4-165791-A-45,stationary,0,val
data/processed/val/5338-24615-0004__3-115387-A-47__0db__noisy.wav,data/processed/val/5338-24615-0004__3-115387-A-47__0db__clean.wav,3-115387-A-47,stationary,0,val
data/processed/val/5536-43363-0015__4-119648-B-48__10db__noisy.wav,data/processed/val/5536-43363-0015__4-119648-B-48__10db__clean.wav,4-119648-B-48,impulsive,10,val
data/processed/val/5338-284437-0030__239137__qubodup__artillery-gunfire__neg5db__noisy.wav,data/processed/val/5338-284437-0030__239137__qubodup__artillery-gunfire__neg5db__clean.wav,239137__qubodup__artillery-gunfire,impulsive,-5,val
data/processed/val/5338-284437-0015__1-43807-D-47__10db__noisy.wav,data/processed/val/5338-284437-0015__1-43807-D-47__10db__clean.wav,1-43807-D-47,stationary,10,val
data/processed/val/2277-149874-0019__239137__qubodup__artillery-gunfire__0db__noisy.wav,data/processed/val/2277-149874-0019__239137__qubodup__artillery-gunfire__0db__clean.wav,239137__qubodup__artillery-gunfire,impulsive,0,val
data/processed/val/5338-284437-0000__1-160563-A-48__0db__noisy.wav,data/processed/val/5338-284437-0000__1-160563-A-48__0db__clean.wav,1-160563-A-48,impulsive,0,val
data/processed/val/7976-105575-0007__4-119648-B-48__neg5db__noisy.wav,data/processed/val/7976-105575-0007__4-119648-B-48__neg5db__clean.wav,4-119648-B-48,impulsive,-5,val
data/processed/val/2277-149896-0026__4-161103-A-47__5db__noisy.wav,data/processed/val/2277-149896-0026__4-161103-A-47__5db__clean.wav,4-161103-A-47,stationary,5,val
data/processed/val/2277-149874-0018__4-175000-C-40__10db__noisy.wav,data/processed/val/2277-149874-0018__4-175000-C-40__10db__clean.wav,4-175000-C-40,stationary,10,val
data/processed/val/2086-149220-0033__1-172649-B-40__10db__noisy.wav,data/processed/val/2086-149220-0033__1-172649-B-40__10db__clean.wav,1-172649-B-40,stationary,10,val
data/processed/val/174-50561-0011__1-64473-A-45__5db__noisy.wav,data/processed/val/174-50561-0011__1-64473-A-45__5db__clean.wav,1-64473-A-45,stationary,5,val
data/processed/val/174-50561-0008__2-165801-A-48__10db__noisy.wav,data/processed/val/174-50561-0008__2-165801-A-48__10db__clean.wav,2-165801-A-48,impulsive,10,val
data/processed/val/174-84280-0004__4-169127-B-41__0db__noisy.wav,data/processed/val/174-84280-0004__4-169127-B-41__0db__clean.wav,4-169127-B-41,stationary,0,val
data/processed/val/5536-43363-0011__3-115382-A-44__0db__noisy.wav,data/processed/val/5536-43363-0011__3-115382-A-44__0db__clean.wav,3-115382-A-44,stationary,0,val
data/processed/val/174-84280-0006__4-161103-A-47__0db__noisy.wav,data/processed/val/174-84280-0006__4-161103-A-47__0db__clean.wav,4-161103-A-47,stationary,0,val
data/processed/val/5338-24640-0003__4-161105-A-47__10db__noisy.wav,data/processed/val/5338-24640-0003__4-161105-A-47__10db__clean.wav,4-161105-A-47,stationary,10,val
data/processed/val/2086-149220-0016__2-117616-A-48__5db__noisy.wav,data/processed/val/2086-149220-0016__2-117616-A-48__5db__clean.wav,2-117616-A-48,impulsive,5,val
data/processed/val/7976-110124-0023__2-37806-B-40__0db__noisy.wav,data/processed/val/7976-110124-0023__2-37806-B-40__0db__clean.wav,2-37806-B-40,stationary,0,val
data/processed/val/5338-24615-0010__4-186962-A-44__neg5db__noisy.wav,data/processed/val/5338-24615-0010__4-186962-A-44__neg5db__clean.wav,4-186962-A-44,stationary,-5,val
data/processed/val/5338-284437-0008__3-115382-A-44__5db__noisy.wav,data/processed/val/5338-284437-0008__3-115382-A-44__5db__clean.wav,3-115382-A-44,stationary,5,val
data/processed/val/5338-24615-0009__1-116765-A-41__10db__noisy.wav,data/processed/val/5338-24615-0009__1-116765-A-41__10db__clean.wav,1-116765-A-41,stationary,10,val
data/processed/val/7976-105575-0011__2-122066-B-45__0db__noisy.wav,data/processed/val/7976-105575-0011__2-122066-B-45__0db__clean.wav,2-122066-B-45,stationary,0,val
data/processed/val/2086-149220-0048__2-117615-B-48__10db__noisy.wav,data/processed/val/2086-149220-0048__2-117615-B-48__10db__clean.wav,2-117615-B-48,impulsive,10,val
data/processed/val/2086-149220-0026__4-161103-A-47__5db__noisy.wav,data/processed/val/2086-149220-0026__4-161103-A-47__5db__clean.wav,4-161103-A-47,stationary,5,val
data/processed/val/5338-24615-0005__2-165801-A-48__5db__noisy.wav,data/processed/val/5338-24615-0005__2-165801-A-48__5db__clean.wav,2-165801-A-48,impulsive,5,val
data/processed/val/2277-149896-0031__4-161579-A-40__neg5db__noisy.wav,data/processed/val/2277-149896-0031__4-161579-A-40__neg5db__clean.wav,4-161579-A-40,stationary,-5,val
data/processed/val/7976-110124-0011__4-119648-B-48__10db__noisy.wav,data/processed/val/7976-110124-0011__4-119648-B-48__10db__clean.wav,4-119648-B-48,impulsive,10,val
data/processed/val/7976-110124-0007__4-119648-B-48__neg5db__noisy.wav,data/processed/val/7976-110124-0007__4-119648-B-48__neg5db__clean.wav,4-119648-B-48,impulsive,-5,val
data/processed/val/2086-149220-0001__4-165845-B-45__5db__noisy.wav,data/processed/val/2086-149220-0001__4-165845-B-45__5db__clean.wav,4-165845-B-45,stationary,5,val
data/processed/val/2277-149897-0012__4-175000-C-40__0db__noisy.wav,data/processed/val/2277-149897-0012__4-175000-C-40__0db__clean.wav,4-175000-C-40,stationary,0,val
data/processed/val/2277-149897-0026__1-11687-A-47__neg5db__noisy.wav,data/processed/val/2277-149897-0026__1-11687-A-47__neg5db__clean.wav,1-11687-A-47,stationary,-5,val
data/processed/val/7976-110523-0006__1-43807-D-47__neg5db__noisy.wav,data/processed/val/7976-110523-0006__1-43807-D-47__neg5db__clean.wav,1-43807-D-47,stationary,-5,val
data/processed/val/5536-43363-0015__4-195451-A-44__10db__noisy.wav,data/processed/val/5536-43363-0015__4-195451-A-44__10db__clean.wav,4-195451-A-44,stationary,10,val
data/processed/val/7976-110124-0005__3-159445-B-45__10db__noisy.wav,data/processed/val/7976-110124-0005__3-159445-B-45__10db__clean.wav,3-159445-B-45,stationary,10,val
data/processed/val/5338-284437-0032__4-165845-B-45__neg5db__noisy.wav,data/processed/val/5338-284437-0032__4-165845-B-45__neg5db__clean.wav,4-165845-B-45,stationary,-5,val
data/processed/val/2277-149874-0012__1-88409-B-45__10db__noisy.wav,data/processed/val/2277-149874-0012__1-88409-B-45__10db__clean.wav,1-88409-B-45,stationary,10,val
data/processed/val/5536-43363-0005__4-165791-A-45__10db__noisy.wav,data/processed/val/5536-43363-0005__4-165791-A-45__10db__clean.wav,4-165791-A-45,stationary,10,val
data/processed/val/2086-149220-0016__5-235956-A-47__10db__noisy.wav,data/processed/val/2086-149220-0016__5-235956-A-47__10db__clean.wav,5-235956-A-47,stationary,10,val
data/processed/val/7976-110124-0021__4-175000-C-40__neg5db__noisy.wav,data/processed/val/7976-110124-0021__4-175000-C-40__neg5db__clean.wav,4-175000-C-40,stationary,-5,val
data/processed/val/5338-284437-0006__4-161103-A-47__5db__noisy.wav,data/processed/val/5338-284437-0006__4-161103-A-47__5db__clean.wav,4-161103-A-47,stationary,5,val
data/processed/val/2277-149896-0016__1-88409-B-45__0db__noisy.wav,data/processed/val/2277-149896-0016__1-88409-B-45__0db__clean.wav,1-88409-B-45,stationary,0,val
data/processed/val/2277-149874-0016__239137__qubodup__artillery-gunfire__5db__noisy.wav,data/processed/val/2277-149874-0016__239137__qubodup__artillery-gunfire__5db__clean.wav,239137__qubodup__artillery-gunfire,impulsive,5,val
data/processed/val/2277-149896-0005__1-18527-B-44__neg5db__noisy.wav,data/processed/val/2277-149896-0005__1-18527-B-44__neg5db__clean.wav,1-18527-B-44,stationary,-5,val
data/processed/val/2277-149896-0030__1-160563-A-48__0db__noisy.wav,data/processed/val/2277-149896-0030__1-160563-A-48__0db__clean.wav,1-160563-A-48,impulsive,0,val
data/processed/val/5536-43359-0014__4-165791-A-45__0db__noisy.wav,data/processed/val/5536-43359-0014__4-165791-A-45__0db__clean.wav,4-165791-A-45,stationary,0,val
data/processed/val/5338-24640-0005__2-117616-A-48__neg5db__noisy.wav,data/processed/val/5338-24640-0005__2-117616-A-48__neg5db__clean.wav,2-117616-A-48,impulsive,-5,val
data/processed/val/2277-149897-0007__3-118657-B-41__0db__noisy.wav,data/processed/val/2277-149897-0007__3-118657-B-41__0db__clean.wav,3-118657-B-41,stationary,0,val
data/processed/val/5338-284437-0011__1-11687-A-47__5db__noisy.wav,data/processed/val/5338-284437-0011__1-11687-A-47__5db__clean.wav,1-11687-A-47,stationary,5,val
data/processed/val/174-50561-0012__1-22882-A-44__5db__noisy.wav,data/processed/val/174-50561-0012__1-22882-A-44__5db__clean.wav,1-22882-A-44,stationary,5,val
data/processed/val/2086-149220-0047__1-172649-B-40__5db__noisy.wav,data/processed/val/2086-149220-0047__1-172649-B-40__5db__clean.wav,1-172649-B-40,stationary,5,val
data/processed/val/174-84280-0011__4-119648-B-48__0db__noisy.wav,data/processed/val/174-84280-0011__4-119648-B-48__0db__clean.wav,4-119648-B-48,impulsive,0,val
data/processed/val/174-168635-0007__3-118657-B-41__10db__noisy.wav,data/processed/val/174-168635-0007__3-118657-B-41__10db__clean.wav,3-118657-B-41,stationary,10,val
data/processed/val/5536-43358-0019__2-122067-A-45__10db__noisy.wav,data/processed/val/5536-43358-0019__2-122067-A-45__10db__clean.wav,2-122067-A-45,stationary,10,val
data/processed/val/2277-149896-0028__2-165801-A-48__0db__noisy.wav,data/processed/val/2277-149896-0028__2-165801-A-48__0db__clean.wav,2-165801-A-48,impulsive,0,val
data/processed/val/5338-24615-0014__3-143560-A-47__neg5db__noisy.wav,data/processed/val/5338-24615-0014__3-143560-A-47__neg5db__clean.wav,3-143560-A-47,stationary,-5,val
data/processed/val/7976-105575-0021__5-177957-A-40__0db__noisy.wav,data/processed/val/7976-105575-0021__5-177957-A-40__0db__clean.wav,5-177957-A-40,stationary,0,val
data/processed/val/174-84280-0015__4-161103-A-47__10db__noisy.wav,data/processed/val/174-84280-0015__4-161103-A-47__10db__clean.wav,4-161103-A-47,stationary,10,val
data/processed/val/174-168635-0019__1-116765-A-41__0db__noisy.wav,data/processed/val/174-168635-0019__1-116765-A-41__0db__clean.wav,1-116765-A-41,stationary,0,val
data/processed/val/5338-24615-0001__1-172649-B-40__10db__noisy.wav,data/processed/val/5338-24615-0001__1-172649-B-40__10db__clean.wav,1-172649-B-40,stationary,10,val
data/processed/val/5536-43358-0016__2-107228-A-44__neg5db__noisy.wav,data/processed/val/5536-43358-0016__2-107228-A-44__neg5db__clean.wav,2-107228-A-44,stationary,-5,val
data/processed/val/5338-284437-0026__2-117615-B-48__10db__noisy.wav,data/processed/val/5338-284437-0026__2-117615-B-48__10db__clean.wav,2-117615-B-48,impulsive,10,val
data/processed/val/5536-43359-0007__4-165845-B-45__5db__noisy.wav,data/processed/val/5536-43359-0007__4-165845-B-45__5db__clean.wav,4-165845-B-45,stationary,5,val
data/processed/val/2277-149897-0004__2-106849-A-47__5db__noisy.wav,data/processed/val/2277-149897-0004__2-106849-A-47__5db__clean.wav,2-106849-A-47,stationary,5,val
data/processed/val/2277-149896-0000__3-115387-A-47__neg5db__noisy.wav,data/processed/val/2277-149896-0000__3-115387-A-47__neg5db__clean.wav,3-115387-A-47,stationary,-5,val
data/processed/val/7976-105575-0023__3-143560-A-47__10db__noisy.wav,data/processed/val/7976-105575-0023__3-143560-A-47__10db__clean.wav,3-143560-A-47,stationary,10,val
data/processed/val/2277-149897-0000__1-64473-A-45__5db__noisy.wav,data/processed/val/2277-149897-0000__1-64473-A-45__5db__clean.wav,1-64473-A-45,stationary,5,val
data/processed/val/5536-43358-0013__5-197121-A-45__0db__noisy.wav,data/processed/val/5536-43358-0013__5-197121-A-45__0db__clean.wav,5-197121-A-45,stationary,0,val
data/processed/val/7976-110124-0021__2-117615-C-48__0db__noisy.wav,data/processed/val/7976-110124-0021__2-117615-C-48__0db__clean.wav,2-117615-C-48,impulsive,0,val
data/processed/val/2277-149896-0032__2-107228-A-44__0db__noisy.wav,data/processed/val/2277-149896-0032__2-107228-A-44__0db__clean.wav,2-107228-A-44,stationary,0,val
data/processed/val/5536-43359-0016__1-22882-A-44__neg5db__noisy.wav,data/processed/val/5536-43359-0016__1-22882-A-44__neg5db__clean.wav,1-22882-A-44,stationary,-5,val
data/processed/val/2277-149897-0026__4-169127-B-41__0db__noisy.wav,data/processed/val/2277-149897-0026__4-169127-B-41__0db__clean.wav,4-169127-B-41,stationary,0,val
data/processed/val/5338-24615-0011__1-11687-A-47__neg5db__noisy.wav,data/processed/val/5338-24615-0011__1-11687-A-47__neg5db__clean.wav,1-11687-A-47,stationary,-5,val
data/processed/val/2086-149220-0042__1-160563-A-48__0db__noisy.wav,data/processed/val/2086-149220-0042__1-160563-A-48__0db__clean.wav,1-160563-A-48,impulsive,0,val
data/processed/val/5536-43359-0002__3-159445-B-45__neg5db__noisy.wav,data/processed/val/5536-43359-0002__3-159445-B-45__neg5db__clean.wav,3-159445-B-45,stationary,-5,val
data/processed/val/174-84280-0004__2-165801-A-48__0db__noisy.wav,data/processed/val/174-84280-0004__2-165801-A-48__0db__clean.wav,2-165801-A-48,impulsive,0,val
data/processed/val/2086-149220-0041__4-161579-A-40__0db__noisy.wav,data/processed/val/2086-149220-0041__4-161579-A-40__0db__clean.wav,4-161579-A-40,stationary,0,val
data/processed/val/2277-149896-0010__2-106849-A-47__neg5db__noisy.wav,data/processed/val/2277-149896-0010__2-106849-A-47__neg5db__clean.wav,2-106849-A-47,stationary,-5,val
data/processed/val/5338-24640-0004__3-118658-B-41__0db__noisy.wav,data/processed/val/5338-24640-0004__3-118658-B-41__0db__clean.wav,3-118658-B-41,stationary,0,val
data/processed/val/5338-284437-0004__1-61261-A-44__0db__noisy.wav,data/processed/val/5338-284437-0004__1-61261-A-44__0db__clean.wav,1-61261-A-44,stationary,0,val
data/processed/val/2277-149896-0023__4-165845-B-45__5db__noisy.wav,data/processed/val/2277-149896-0023__4-165845-B-45__5db__clean.wav,4-165845-B-45,stationary,5,val
data/processed/val/5338-284437-0004__4-175000-B-40__neg5db__noisy.wav,data/processed/val/5338-284437-0004__4-175000-B-40__neg5db__clean.wav,4-175000-B-40,stationary,-5,val
data/processed/val/174-50561-0018__2-135649-B-45__0db__noisy.wav,data/processed/val/174-50561-0018__2-135649-B-45__0db__clean.wav,2-135649-B-45,stationary,0,val
data/processed/val/5536-43358-0008__1-64473-A-45__0db__noisy.wav,data/processed/val/5536-43358-0008__1-64473-A-45__0db__clean.wav,1-64473-A-45,stationary,0,val
data/processed/val/5338-24640-0003__2-122066-B-45__10db__noisy.wav,data/processed/val/5338-24640-0003__2-122066-B-45__10db__clean.wav,2-122066-B-45,stationary,10,val
data/processed/val/5536-43359-0008__2-117616-A-48__5db__noisy.wav,data/processed/val/5536-43359-0008__2-117616-A-48__5db__clean.wav,2-117616-A-48,impulsive,5,val
data/processed/val/7976-105575-0012__3-115387-A-47__5db__noisy.wav,data/processed/val/7976-105575-0012__3-115387-A-47__5db__clean.wav,3-115387-A-47,stationary,5,val
data/processed/val/7976-105575-0017__5-235956-A-47__0db__noisy.wav,data/processed/val/7976-105575-0017__5-235956-A-47__0db__clean.wav,5-235956-A-47,stationary,0,val
data/processed/val/7976-110523-0010__4-175000-C-40__5db__noisy.wav,data/processed/val/7976-110523-0010__4-175000-C-40__5db__clean.wav,4-175000-C-40,stationary,5,val
data/processed/val/2277-149896-0018__5-177957-A-40__5db__noisy.wav,data/processed/val/2277-149896-0018__5-177957-A-40__5db__clean.wav,5-177957-A-40,stationary,5,val
data/processed/val/174-50561-0010__3-143560-A-47__0db__noisy.wav,data/processed/val/174-50561-0010__3-143560-A-47__0db__clean.wav,3-143560-A-47,stationary,0,val
data/processed/val/5338-284437-0010__2-107228-A-44__0db__noisy.wav,data/processed/val/5338-284437-0010__2-107228-A-44__0db__clean.wav,2-107228-A-44,stationary,0,val
data/processed/val/5338-284437-0023__3-150979-C-40__neg5db__noisy.wav,data/processed/val/5338-284437-0023__3-150979-C-40__neg5db__clean.wav,3-150979-C-40,stationary,-5,val
data/processed/val/5338-284437-0011__1-61261-A-44__10db__noisy.wav,data/processed/val/5338-284437-0011__1-61261-A-44__10db__clean.wav,1-61261-A-44,stationary,10,val
data/processed/val/2086-149220-0034__4-169127-B-41__10db__noisy.wav,data/processed/val/2086-149220-0034__4-169127-B-41__10db__clean.wav,4-169127-B-41,stationary,10,val
data/processed/val/7976-105575-0010__4-165791-A-45__0db__noisy.wav,data/processed/val/7976-105575-0010__4-165791-A-45__0db__clean.wav,4-165791-A-45,stationary,0,val
data/processed/val/5338-284437-0020__1-88409-B-45__0db__noisy.wav,data/processed/val/5338-284437-0020__1-88409-B-45__0db__clean.wav,1-88409-B-45,stationary,0,val
data/processed/val/7976-110124-0019__2-37806-D-40__10db__noisy.wav,data/processed/val/7976-110124-0019__2-37806-D-40__10db__clean.wav,2-37806-D-40,stationary,10,val
data/processed/val/7976-105575-0006__1-64473-A-45__10db__noisy.wav,data/processed/val/7976-105575-0006__1-64473-A-45__10db__clean.wav,1-64473-A-45,stationary,10,val
data/processed/val/5536-43358-0001__3-150979-C-40__10db__noisy.wav,data/processed/val/5536-43358-0001__3-150979-C-40__10db__clean.wav,3-150979-C-40,stationary,10,val
data/processed/val/5536-43358-0009__4-161103-A-47__neg5db__noisy.wav,data/processed/val/5536-43358-0009__4-161103-A-47__neg5db__clean.wav,4-161103-A-47,stationary,-5,val
data/processed/val/2086-149220-0047__3-115387-A-47__0db__noisy.wav,data/processed/val/2086-149220-0047__3-115387-A-47__0db__clean.wav,3-115387-A-47,stationary,0,val
data/processed/val/5536-43358-0006__5-197121-A-45__0db__noisy.wav,data/processed/val/5536-43358-0006__5-197121-A-45__0db__clean.wav,5-197121-A-45,stationary,0,val
data/processed/val/174-50561-0016__239137__qubodup__artillery-gunfire__10db__noisy.wav,data/processed/val/174-50561-0016__239137__qubodup__artillery-gunfire__10db__clean.wav,239137__qubodup__artillery-gunfire,impulsive,10,val
data/processed/val/174-84280-0000__4-186962-A-44__10db__noisy.wav,data/processed/val/174-84280-0000__4-186962-A-44__10db__clean.wav,4-186962-A-44,stationary,10,val
data/processed/val/2277-149897-0008__4-161579-A-40__5db__noisy.wav,data/processed/val/2277-149897-0008__4-161579-A-40__5db__clean.wav,4-161579-A-40,stationary,5,val
data/processed/val/5536-43358-0000__5-177957-A-40__10db__noisy.wav,data/processed/val/5536-43358-0000__5-177957-A-40__10db__clean.wav,5-177957-A-40,stationary,10,val
data/processed/val/2277-149896-0019__4-161579-A-40__neg5db__noisy.wav,data/processed/val/2277-149896-0019__4-161579-A-40__neg5db__clean.wav,4-161579-A-40,stationary,-5,val
data/processed/val/5338-24615-0004__3-118657-B-41__10db__noisy.wav,data/processed/val/5338-24615-0004__3-118657-B-41__10db__clean.wav,3-118657-B-41,stationary,10,val
data/processed/val/2277-149897-0015__2-117615-B-48__0db__noisy.wav,data/processed/val/2277-149897-0015__2-117615-B-48__0db__clean.wav,2-117615-B-48,impulsive,0,val
data/processed/val/5338-24640-0007__3-150979-C-40__10db__noisy.wav,data/processed/val/5338-24640-0007__3-150979-C-40__10db__clean.wav,3-150979-C-40,stationary,10,val
data/processed/val/174-168635-0016__3-118658-B-41__10db__noisy.wav,data/processed/val/174-168635-0016__3-118658-B-41__10db__clean.wav,3-118658-B-41,stationary,10,val
data/processed/val/2277-149874-0013__3-143560-A-47__neg5db__noisy.wav,data/processed/val/2277-149874-0013__3-143560-A-47__neg5db__clean.wav,3-143560-A-47,stationary,-5,val
data/processed/val/2277-149896-0031__4-161105-A-47__5db__noisy.wav,data/processed/val/2277-149896-0031__4-161105-A-47__5db__clean.wav,4-161105-A-47,stationary,5,val
data/processed/val/2277-149896-0006__3-150979-C-40__5db__noisy.wav,data/processed/val/2277-149896-0006__3-150979-C-40__5db__clean.wav,3-150979-C-40,stationary,5,val
data/processed/val/2277-149896-0010__4-161579-A-40__10db__noisy.wav,data/processed/val/2277-149896-0010__4-161579-A-40__10db__clean.wav,4-161579-A-40,stationary,10,val
data/processed/val/2277-149896-0007__1-88409-B-45__5db__noisy.wav,data/processed/val/2277-149896-0007__1-88409-B-45__5db__clean.wav,1-88409-B-45,stationary,5,val
data/processed/val/2086-149220-0017__1-160563-A-48__10db__noisy.wav,data/processed/val/2086-149220-0017__1-160563-A-48__10db__clean.wav,1-160563-A-48,impulsive,10,val
data/processed/val/2086-149220-0010__239137__qubodup__artillery-gunfire__neg5db__noisy.wav,data/processed/val/2086-149220-0010__239137__qubodup__artillery-gunfire__neg5db__clean.wav,239137__qubodup__artillery-gunfire,impulsive,-5,val
data/processed/val/174-84280-0006__1-61261-A-44__neg5db__noisy.wav,data/processed/val/174-84280-0006__1-61261-A-44__neg5db__clean.wav,1-61261-A-44,stationary,-5,val
data/processed/val/7976-110124-0024__3-118658-B-41__0db__noisy.wav,data/processed/val/7976-110124-0024__3-118658-B-41__0db__clean.wav,3-118658-B-41,stationary,0,val
data/processed/val/7976-110523-0013__3-150979-C-40__0db__noisy.wav,data/processed/val/7976-110523-0013__3-150979-C-40__0db__clean.wav,3-150979-C-40,stationary,0,val
data/processed/val/5338-24615-0007__5-177957-A-40__0db__noisy.wav,data/processed/val/5338-24615-0007__5-177957-A-40__0db__clean.wav,5-177957-A-40,stationary,0,val
data/processed/val/174-50561-0014__5-177957-A-40__0db__noisy.wav,data/processed/val/174-50561-0014__5-177957-A-40__0db__clean.wav,5-177957-A-40,stationary,0,val
data/processed/val/2277-149896-0002__4-175000-B-40__neg5db__noisy.wav,data/processed/val/2277-149896-0002__4-175000-B-40__neg5db__clean.wav,4-175000-B-40,stationary,-5,val
data/processed/val/5536-43358-0018__1-11687-A-47__5db__noisy.wav,data/processed/val/5536-43358-0018__1-11687-A-47__5db__clean.wav,1-11687-A-47,stationary,5,val
data/processed/val/174-50561-0019__2-37806-D-40__0db__noisy.wav,data/processed/val/174-50561-0019__2-37806-D-40__0db__clean.wav,2-37806-D-40,stationary,0,val
data/processed/val/5338-24615-0012__5-197121-A-45__0db__noisy.wav,data/processed/val/5338-24615-0012__5-197121-A-45__0db__clean.wav,5-197121-A-45,stationary,0,val
data/processed/val/5338-284437-0018__2-135649-B-45__10db__noisy.wav,data/processed/val/5338-284437-0018__2-135649-B-45__10db__clean.wav,2-135649-B-45,stationary,10,val
data/processed/val/5536-43358-0014__2-117615-B-48__5db__noisy.wav,data/processed/val/5536-43358-0014__2-117615-B-48__5db__clean.wav,2-117615-B-48,impulsive,5,val
data/processed/val/2086-149214-0004__3-143560-A-47__0db__noisy.wav,data/processed/val/2086-149214-0004__3-143560-A-47__0db__clean.wav,3-143560-A-47,stationary,0,val
data/processed/val/5536-43363-0007__4-161103-A-47__0db__noisy.wav,data/processed/val/5536-43363-0007__4-161103-A-47__0db__clean.wav,4-161103-A-47,stationary,0,val
data/processed/val/174-50561-0016__3-159445-B-45__5db__noisy.wav,data/processed/val/174-50561-0016__3-159445-B-45__5db__clean.wav,3-159445-B-45,stationary,5,val
data/processed/val/2277-149874-0008__2-165801-A-48__5db__noisy.wav,data/processed/val/2277-149874-0008__2-165801-A-48__5db__clean.wav,2-165801-A-48,impulsive,5,val
data/processed/val/2086-149220-0025__1-11687-A-47__10db__noisy.wav,data/processed/val/2086-149220-0025__1-11687-A-47__10db__clean.wav,1-11687-A-47,stationary,10,val
data/processed/val/7976-110124-0019__1-172649-B-40__0db__noisy.wav,data/processed/val/7976-110124-0019__1-172649-B-40__0db__clean.wav,1-172649-B-40,stationary,0,val
data/processed/val/5536-43363-0007__1-61261-A-44__5db__noisy.wav,data/processed/val/5536-43363-0007__1-61261-A-44__5db__clean.wav,1-61261-A-44,stationary,5,val
data/processed/val/2086-149220-0039__3-159445-B-45__10db__noisy.wav,data/processed/val/2086-149220-0039__3-159445-B-45__10db__clean.wav,3-159445-B-45,stationary,10,val
data/processed/val/2277-149896-0009__4-161579-A-40__0db__noisy.wav,data/processed/val/2277-149896-0009__4-161579-A-40__0db__clean.wav,4-161579-A-40,stationary,0,val
data/processed/val/5536-43358-0001__5-197121-A-45__5db__noisy.wav,data/processed/val/5536-43358-0001__5-197121-A-45__5db__clean.wav,5-197121-A-45,stationary,5,val
data/processed/val/2086-149220-0029__3-150979-C-40__5db__noisy.wav,data/processed/val/2086-149220-0029__3-150979-C-40__5db__clean.wav,3-150979-C-40,stationary,5,val
data/processed/val/2086-149220-0011__2-117615-C-48__10db__noisy.wav,data/processed/val/2086-149220-0011__2-117615-C-48__10db__clean.wav,2-117615-C-48,impulsive,10,val
data/processed/val/5536-43359-0006__5-197121-A-45__10db__noisy.wav,data/processed/val/5536-43359-0006__5-197121-A-45__10db__clean.wav,5-197121-A-45,stationary,10,val
data/processed/val/2277-149896-0024__2-37806-D-40__5db__noisy.wav,data/processed/val/2277-149896-0024__2-37806-D-40__5db__clean.wav,2-37806-D-40,stationary,5,val
data/processed/val/174-84280-0006__4-186962-A-44__0db__noisy.wav,data/processed/val/174-84280-0006__4-186962-A-44__0db__clean.wav,4-186962-A-44,stationary,0,val
data/processed/val/5338-284437-0028__1-88409-B-45__5db__noisy.wav,data/processed/val/5338-284437-0028__1-88409-B-45__5db__clean.wav,1-88409-B-45,stationary,5,val
data/processed/val/5536-43358-0000__2-117615-C-48__neg5db__noisy.wav,data/processed/val/5536-43358-0000__2-117615-C-48__neg5db__clean.wav,2-117615-C-48,impulsive,-5,val
data/processed/val/174-50561-0015__3-150979-C-40__10db__noisy.wav,data/processed/val/174-50561-0015__3-150979-C-40__10db__clean.wav,3-150979-C-40,stationary,10,val
data/processed/val/2277-149896-0034__2-122067-A-45__10db__noisy.wav,data/processed/val/2277-149896-0034__2-122067-A-45__10db__clean.wav,2-122067-A-45,stationary,10,val
data/processed/val/7976-110523-0004__1-64473-A-45__10db__noisy.wav,data/processed/val/7976-110523-0004__1-64473-A-45__10db__clean.wav,1-64473-A-45,stationary,10,val
data/processed/val/5536-43359-0016__1-64473-A-45__10db__noisy.wav,data/processed/val/5536-43359-0016__1-64473-A-45__10db__clean.wav,1-64473-A-45,stationary,10,val
data/processed/val/5338-284437-0028__239137__qubodup__artillery-gunfire__neg5db__noisy.wav,data/processed/val/5338-284437-0028__239137__qubodup__artillery-gunfire__neg5db__clean.wav,239137__qubodup__artillery-gunfire,impulsive,-5,val
data/processed/val/174-168635-0015__239137__qubodup__artillery-gunfire__neg5db__noisy.wav,data/processed/val/174-168635-0015__239137__qubodup__artillery-gunfire__neg5db__clean.wav,239137__qubodup__artillery-gunfire,impulsive,-5,val
data/processed/val/2277-149874-0000__4-169127-B-41__neg5db__noisy.wav,data/processed/val/2277-149874-0000__4-169127-B-41__neg5db__clean.wav,4-169127-B-41,stationary,-5,val
data/processed/val/174-168635-0016__2-107228-A-44__neg5db__noisy.wav,data/processed/val/174-168635-0016__2-107228-A-44__neg5db__clean.wav,2-107228-A-44,stationary,-5,val
data/processed/val/5536-43363-0016__1-116765-A-41__0db__noisy.wav,data/processed/val/5536-43363-0016__1-116765-A-41__0db__clean.wav,1-116765-A-41,stationary,0,val
data/processed/val/5338-284437-0022__3-143560-A-47__0db__noisy.wav,data/processed/val/5338-284437-0022__3-143560-A-47__0db__clean.wav,3-143560-A-47,stationary,0,val
data/processed/val/2277-149874-0015__2-117615-C-48__10db__noisy.wav,data/processed/val/2277-149874-0015__2-117615-C-48__10db__clean.wav,2-117615-C-48,impulsive,10,val
data/processed/val/174-50561-0007__1-43807-D-47__5db__noisy.wav,data/processed/val/174-50561-0007__1-43807-D-47__5db__clean.wav,1-43807-D-47,stationary,5,val
data/processed/val/174-84280-0000__3-115387-A-47__10db__noisy.wav,data/processed/val/174-84280-0000__3-115387-A-47__10db__clean.wav,3-115387-A-47,stationary,10,val
data/processed/val/7976-110523-0001__3-118657-B-41__neg5db__noisy.wav,data/processed/val/7976-110523-0001__3-118657-B-41__neg5db__clean.wav,3-118657-B-41,stationary,-5,val
data/processed/val/2277-149897-0007__2-117615-C-48__5db__noisy.wav,data/processed/val/2277-149897-0007__2-117615-C-48__5db__clean.wav,2-117615-C-48,impulsive,5,val
data/processed/val/2086-149220-0033__4-161105-A-47__5db__noisy.wav,data/processed/val/2086-149220-0033__4-161105-A-47__5db__clean.wav,4-161105-A-47,stationary,5,val
data/processed/val/5536-43359-0001__2-122066-B-45__0db__noisy.wav,data/processed/val/5536-43359-0001__2-122066-B-45__0db__clean.wav,2-122066-B-45,stationary,0,val
data/processed/val/2086-149220-0046__1-64473-A-45__10db__noisy.wav,data/processed/val/2086-149220-0046__1-64473-A-45__10db__clean.wav,1-64473-A-45,stationary,10,val
data/processed/val/174-84280-0010__3-143560-A-47__0db__noisy.wav,data/processed/val/174-84280-0010__3-143560-A-47__0db__clean.wav,3-143560-A-47,stationary,0,val
data/processed/val/7976-110124-0017__1-64473-A-45__neg5db__noisy.wav,data/processed/val/7976-110124-0017__1-64473-A-45__neg5db__clean.wav,1-64473-A-45,stationary,-5,val
data/processed/val/2277-149897-0008__239137__qubodup__artillery-gunfire__5db__noisy.wav,data/processed/val/2277-149897-0008__239137__qubodup__artillery-gunfire__5db__clean.wav,239137__qubodup__artillery-gunfire,impulsive,5,val
data/processed/val/7976-110124-0007__239137__qubodup__artillery-gunfire__neg5db__noisy.wav,data/processed/val/7976-110124-0007__239137__qubodup__artillery-gunfire__neg5db__clean.wav,239137__qubodup__artillery-gunfire,impulsive,-5,val
data/processed/val/7976-105575-0025__4-169127-B-41__5db__noisy.wav,data/processed/val/7976-105575-0025__4-169127-B-41__5db__clean.wav,4-169127-B-41,stationary,5,val
data/processed/val/7976-105575-0025__4-195451-A-44__10db__noisy.wav,data/processed/val/7976-105575-0025__4-195451-A-44__10db__clean.wav,4-195451-A-44,stationary,10,val
data/processed/val/2277-149897-0017__3-150979-C-40__5db__noisy.wav,data/processed/val/2277-149897-0017__3-150979-C-40__5db__clean.wav,3-150979-C-40,stationary,5,val
data/processed/val/2086-149220-0025__2-165801-A-48__5db__noisy.wav,data/processed/val/2086-149220-0025__2-165801-A-48__5db__clean.wav,2-165801-A-48,impulsive,5,val
data/processed/val/5338-284437-0027__2-122066-B-45__neg5db__noisy.wav,data/processed/val/5338-284437-0027__2-122066-B-45__neg5db__clean.wav,2-122066-B-45,stationary,-5,val
data/processed/val/2277-149896-0010__1-11687-A-47__5db__noisy.wav,data/processed/val/2277-149896-0010__1-11687-A-47__5db__clean.wav,1-11687-A-47,stationary,5,val
data/processed/val/7976-110124-0020__5-197121-A-45__5db__noisy.wav,data/processed/val/7976-110124-0020__5-197121-A-45__5db__clean.wav,5-197121-A-45,stationary,5,val
data/processed/val/7976-110523-0019__1-22882-A-44__10db__noisy.wav,data/processed/val/7976-110523-0019__1-22882-A-44__10db__clean.wav,1-22882-A-44,stationary,10,val
data/processed/val/174-168635-0019__1-11687-A-47__10db__noisy.wav,data/processed/val/174-168635-0019__1-11687-A-47__10db__clean.wav,1-11687-A-47,stationary,10,val
data/processed/val/2277-149897-0018__4-175000-C-40__0db__noisy.wav,data/processed/val/2277-149897-0018__4-175000-C-40__0db__clean.wav,4-175000-C-40,stationary,0,val
data/processed/val/174-168635-0022__2-117615-B-48__5db__noisy.wav,data/processed/val/174-168635-0022__2-117615-B-48__5db__clean.wav,2-117615-B-48,impulsive,5,val
data/processed/val/5338-24615-0006__4-165845-B-45__10db__noisy.wav,data/processed/val/5338-24615-0006__4-165845-B-45__10db__clean.wav,4-165845-B-45,stationary,10,val
data/processed/val/7976-110124-0024__2-106849-A-47__5db__noisy.wav,data/processed/val/7976-110124-0024__2-106849-A-47__5db__clean.wav,2-106849-A-47,stationary,5,val
data/processed/val/2277-149896-0004__1-116765-A-41__5db__noisy.wav,data/processed/val/2277-149896-0004__1-116765-A-41__5db__clean.wav,1-116765-A-41,stationary,5,val
data/processed/val/2086-149220-0018__3-143560-A-47__neg5db__noisy.wav,data/processed/val/2086-149220-0018__3-143560-A-47__neg5db__clean.wav,3-143560-A-47,stationary,-5,val
data/processed/val/7976-110124-0018__3-118657-B-41__0db__noisy.wav,data/processed/val/7976-110124-0018__3-118657-B-41__0db__clean.wav,3-118657-B-41,stationary,0,val
data/processed/val/5338-284437-0019__4-186962-A-44__5db__noisy.wav,data/processed/val/5338-284437-0019__4-186962-A-44__5db__clean.wav,4-186962-A-44,stationary,5,val
data/processed/val/174-168635-0019__1-172649-B-40__10db__noisy.wav,data/processed/val/174-168635-0019__1-172649-B-40__10db__clean.wav,1-172649-B-40,stationary,10,val
data/processed/val/2086-149220-0041__3-150979-C-40__0db__noisy.wav,data/processed/val/2086-149220-0041__3-150979-C-40__0db__clean.wav,3-150979-C-40,stationary,0,val
data/processed/val/2277-149897-0010__2-107228-A-44__neg5db__noisy.wav,data/processed/val/2277-149897-0010__2-107228-A-44__neg5db__clean.wav,2-107228-A-44,stationary,-5,val
data/processed/val/2277-149874-0008__4-195451-A-44__10db__noisy.wav,data/processed/val/2277-149874-0008__4-195451-A-44__10db__clean.wav,4-195451-A-44,stationary,10,val
data/processed/val/5338-24640-0004__1-11687-A-47__0db__noisy.wav,data/processed/val/5338-24640-0004__1-11687-A-47__0db__clean.wav,1-11687-A-47,stationary,0,val
data/processed/val/5338-284437-0031__5-177957-A-40__neg5db__noisy.wav,data/processed/val/5338-284437-0031__5-177957-A-40__neg5db__clean.wav,5-177957-A-40,stationary,-5,val
data/processed/val/5338-24615-0000__4-161579-A-40__0db__noisy.wav,data/processed/val/5338-24615-0000__4-161579-A-40__0db__clean.wav,4-161579-A-40,stationary,0,val
data/processed/val/174-50561-0014__2-37806-B-40__neg5db__noisy.wav,data/processed/val/174-50561-0014__2-37806-B-40__neg5db__clean.wav,2-37806-B-40,stationary,-5,val
data/processed/val/7976-110523-0000__1-64473-A-45__10db__noisy.wav,data/processed/val/7976-110523-0000__1-64473-A-45__10db__clean.wav,1-64473-A-45,stationary,10,val
data/processed/val/7976-105575-0029__4-186962-A-44__neg5db__noisy.wav,data/processed/val/7976-105575-0029__4-186962-A-44__neg5db__clean.wav,4-186962-A-44,stationary,-5,val
data/processed/val/2277-149897-0016__1-88409-B-45__neg5db__noisy.wav,data/processed/val/2277-149897-0016__1-88409-B-45__neg5db__clean.wav,1-88409-B-45,stationary,-5,val
data/processed/val/5536-43359-0005__4-175000-B-40__0db__noisy.wav,data/processed/val/5536-43359-0005__4-175000-B-40__0db__clean.wav,4-175000-B-40,stationary,0,val
data/processed/val/7976-110124-0020__1-61261-A-44__10db__noisy.wav,data/processed/val/7976-110124-0020__1-61261-A-44__10db__clean.wav,1-61261-A-44,stationary,10,val
data/processed/val/7976-110523-0018__1-64473-A-45__5db__noisy.wav,data/processed/val/7976-110523-0018__1-64473-A-45__5db__clean.wav,1-64473-A-45,stationary,5,val
data/processed/val/5536-43359-0008__4-175000-B-40__neg5db__noisy.wav,data/processed/val/5536-43359-0008__4-175000-B-40__neg5db__clean.wav,4-175000-B-40,stationary,-5,val
data/processed/val/2086-149220-0040__4-161105-A-47__5db__noisy.wav,data/processed/val/2086-149220-0040__4-161105-A-47__5db__clean.wav,4-161105-A-47,stationary,5,val
data/processed/val/5536-43363-0012__3-115387-A-47__5db__noisy.wav,data/processed/val/5536-43363-0012__3-115387-A-47__5db__clean.wav,3-115387-A-47,stationary,5,val
data/processed/val/174-168635-0011__5-197121-A-45__5db__noisy.wav,data/processed/val/174-168635-0011__5-197121-A-45__5db__clean.wav,5-197121-A-45,stationary,5,val
data/processed/val/174-84280-0009__1-43807-D-47__10db__noisy.wav,data/processed/val/174-84280-0009__1-43807-D-47__10db__clean.wav,1-43807-D-47,stationary,10,val
data/processed/val/174-50561-0012__4-195451-A-44__10db__noisy.wav,data/processed/val/174-50561-0012__4-195451-A-44__10db__clean.wav,4-195451-A-44,stationary,10,val
data/processed/val/5338-284437-0013__4-119648-B-48__10db__noisy.wav,data/processed/val/5338-284437-0013__4-119648-B-48__10db__clean.wav,4-119648-B-48,impulsive,10,val
data/processed/val/2277-149896-0010__239137__qubodup__artillery-gunfire__5db__noisy.wav,data/processed/val/2277-149896-0010__239137__qubodup__artillery-gunfire__5db__clean.wav,239137__qubodup__artillery-gunfire,impulsive,5,val
data/processed/val/174-84280-0004__5-235956-A-47__0db__noisy.wav,data/processed/val/174-84280-0004__5-235956-A-47__0db__clean.wav,5-235956-A-47,stationary,0,val
data/processed/val/7976-110124-0018__5-177957-A-40__10db__noisy.wav,data/processed/val/7976-110124-0018__5-177957-A-40__10db__clean.wav,5-177957-A-40,stationary,10,val
data/processed/val/2277-149897-0010__2-117615-B-48__neg5db__noisy.wav,data/processed/val/2277-149897-0010__2-117615-B-48__neg5db__clean.wav,2-117615-B-48,impulsive,-5,val
data/processed/val/5338-284437-0016__4-161105-A-47__5db__noisy.wav,data/processed/val/5338-284437-0016__4-161105-A-47__5db__clean.wav,4-161105-A-47,stationary,5,val
data/processed/val/2277-149896-0005__2-107228-A-44__5db__noisy.wav,data/processed/val/2277-149896-0005__2-107228-A-44__5db__clean.wav,2-107228-A-44,stationary,5,val
data/processed/val/5536-43358-0012__2-117615-C-48__0db__noisy.wav,data/processed/val/5536-43358-0012__2-117615-C-48__0db__clean.wav,2-117615-C-48,impulsive,0,val
data/processed/val/5338-284437-0007__3-143560-A-47__neg5db__noisy.wav,data/processed/val/5338-284437-0007__3-143560-A-47__neg5db__clean.wav,3-143560-A-47,stationary,-5,val
data/processed/val/2086-149220-0000__5-235956-A-47__10db__noisy.wav,data/processed/val/2086-149220-0000__5-235956-A-47__10db__clean.wav,5-235956-A-47,stationary,10,val
data/processed/val/174-168635-0006__2-117616-A-48__5db__noisy.wav,data/processed/val/174-168635-0006__2-117616-A-48__5db__clean.wav,2-117616-A-48,impulsive,5,val
data/processed/val/5536-43358-0013__3-115387-A-47__5db__noisy.wav,data/processed/val/5536-43358-0013__3-115387-A-47__5db__clean.wav,3-115387-A-47,stationary,5,val
data/processed/val/5536-43363-0005__4-186962-A-44__0db__noisy.wav,data/processed/val/5536-43363-0005__4-186962-A-44__0db__clean.wav,4-186962-A-44,stationary,0,val
data/processed/val/5338-284437-0019__4-169127-B-41__10db__noisy.wav,data/processed/val/5338-284437-0019__4-169127-B-41__10db__clean.wav,4-169127-B-41,stationary,10,val
data/processed/val/2277-149897-0000__4-195451-A-44__0db__noisy.wav,data/processed/val/2277-149897-0000__4-195451-A-44__0db__clean.wav,4-195451-A-44,stationary,0,val
data/processed/val/2277-149897-0024__2-117615-C-48__5db__noisy.wav,data/processed/val/2277-149897-0024__2-117615-C-48__5db__clean.wav,2-117615-C-48,impulsive,5,val
data/processed/val/174-50561-0010__1-11687-A-47__5db__noisy.wav,data/processed/val/174-50561-0010__1-11687-A-47__5db__clean.wav,1-11687-A-47,stationary,5,val
data/processed/val/2277-149897-0035__2-122067-A-45__0db__noisy.wav,data/processed/val/2277-149897-0035__2-122067-A-45__0db__clean.wav,2-122067-A-45,stationary,0,val
data/processed/val/5338-284437-0019__1-116765-A-41__neg5db__noisy.wav,data/processed/val/5338-284437-0019__1-116765-A-41__neg5db__clean.wav,1-116765-A-41,stationary,-5,val
data/processed/val/7976-110523-0005__3-115387-A-47__neg5db__noisy.wav,data/processed/val/7976-110523-0005__3-115387-A-47__neg5db__clean.wav,3-115387-A-47,stationary,-5,val
data/processed/val/5338-24615-0007__2-117615-C-48__neg5db__noisy.wav,data/processed/val/5338-24615-0007__2-117615-C-48__neg5db__clean.wav,2-117615-C-48,impulsive,-5,val
data/processed/val/2277-149897-0031__2-122067-A-45__10db__noisy.wav,data/processed/val/2277-149897-0031__2-122067-A-45__10db__clean.wav,2-122067-A-45,stationary,10,val
data/processed/val/2277-149874-0017__4-175000-C-40__neg5db__noisy.wav,data/processed/val/2277-149874-0017__4-175000-C-40__neg5db__clean.wav,4-175000-C-40,stationary,-5,val
data/processed/val/5338-284437-0028__2-122067-A-45__neg5db__noisy.wav,data/processed/val/5338-284437-0028__2-122067-A-45__neg5db__clean.wav,2-122067-A-45,stationary,-5,val
data/processed/val/2277-149874-0006__1-116765-A-41__5db__noisy.wav,data/processed/val/2277-149874-0006__1-116765-A-41__5db__clean.wav,1-116765-A-41,stationary,5,val
data/processed/val/7976-105575-0008__2-135649-B-45__5db__noisy.wav,data/processed/val/7976-105575-0008__2-135649-B-45__5db__clean.wav,2-135649-B-45,stationary,5,val
data/processed/val/5338-284437-0018__1-64473-A-45__0db__noisy.wav,data/processed/val/5338-284437-0018__1-64473-A-45__0db__clean.wav,1-64473-A-45,stationary,0,val
data/processed/val/2086-149220-0043__4-165791-A-45__5db__noisy.wav,data/processed/val/2086-149220-0043__4-165791-A-45__5db__clean.wav,4-165791-A-45,stationary,5,val
data/processed/val/174-168635-0019__1-22882-A-44__5db__noisy.wav,data/processed/val/174-168635-0019__1-22882-A-44__5db__clean.wav,1-22882-A-44,stationary,5,val
data/processed/test/2412-153947-0002__4-201988-A-44__5db__noisy.wav,data/processed/test/2412-153947-0002__4-201988-A-44__5db__clean.wav,4-201988-A-44,stationary,5,test
data/processed/test/3752-4944-0039__3-51731-B-42__5db__noisy.wav,data/processed/test/3752-4944-0039__3-51731-B-42__5db__clean.wav,3-51731-B-42,stationary,5,test
data/processed/test/6313-66125-0016__2-135649-A-45__10db__noisy.wav,data/processed/test/6313-66125-0016__2-135649-A-45__10db__clean.wav,2-135649-A-45,stationary,10,test
data/processed/test/3752-4943-0015__563015__florianreichelt__a-loud-gunshot-in-the-woods__neg5db__noisy.wav,data/processed/test/3752-4943-0015__563015__florianreichelt__a-loud-gunshot-in-the-woods__neg5db__clean.wav,563015__florianreichelt__a-loud-gunshot-in-the-woods,impulsive,-5,test
data/processed/test/6241-61943-0016__5-209992-B-44__5db__noisy.wav,data/processed/test/6241-61943-0016__5-209992-B-44__5db__clean.wav,5-209992-B-44,stationary,5,test
data/processed/test/1919-142785-0030__3-138212-A-45__10db__noisy.wav,data/processed/test/1919-142785-0030__3-138212-A-45__10db__clean.wav,3-138212-A-45,stationary,10,test
data/processed/test/6313-66129-0005__5-251957-A-47__0db__noisy.wav,data/processed/test/6313-66129-0005__5-251957-A-47__0db__clean.wav,5-251957-A-47,stationary,0,test
data/processed/test/1919-142785-0027__2-106486-A-44__5db__noisy.wav,data/processed/test/1919-142785-0027__2-106486-A-44__5db__clean.wav,2-106486-A-44,stationary,5,test
data/processed/test/3752-4944-0005__1-25781-A-48__neg5db__noisy.wav,data/processed/test/3752-4944-0005__1-25781-A-48__neg5db__clean.wav,1-25781-A-48,impulsive,-5,test
data/processed/test/6313-76958-0006__1-172649-E-40__5db__noisy.wav,data/processed/test/6313-76958-0006__1-172649-E-40__5db__clean.wav,1-172649-E-40,stationary,5,test
data/processed/test/6241-66616-0021__5-170338-B-41__neg5db__noisy.wav,data/processed/test/6241-66616-0021__5-170338-B-41__neg5db__clean.wav,5-170338-B-41,stationary,-5,test
data/processed/test/6241-66616-0005__2-106486-A-44__10db__noisy.wav,data/processed/test/6241-66616-0005__2-106486-A-44__10db__clean.wav,2-106486-A-44,stationary,10,test
data/processed/test/3752-4944-0005__3-154758-A-44__neg5db__noisy.wav,data/processed/test/3752-4944-0005__3-154758-A-44__neg5db__clean.wav,3-154758-A-44,stationary,-5,test
data/processed/test/3752-4943-0030__3-68630-C-40__neg5db__noisy.wav,data/processed/test/3752-4943-0030__3-68630-C-40__neg5db__clean.wav,3-68630-C-40,stationary,-5,test
data/processed/test/6241-61943-0016__2-135649-A-45__0db__noisy.wav,data/processed/test/6241-61943-0016__2-135649-A-45__0db__clean.wav,2-135649-A-45,stationary,0,test
data/processed/test/6345-64257-0020__854478__qubodup__120mm-mortar-shell-shot-2 (1)__5db__noisy.wav,data/processed/test/6345-64257-0020__854478__qubodup__120mm-mortar-shell-shot-2 (1)__5db__clean.wav,854478__qubodup__120mm-mortar-shell-shot-2 (1),impulsive,5,test
data/processed/test/6345-93306-0014__5-251962-A-47__neg5db__noisy.wav,data/processed/test/6345-93306-0014__5-251962-A-47__neg5db__clean.wav,5-251962-A-47,stationary,-5,test
data/processed/test/2412-153948-0015__5-170338-B-41__neg5db__noisy.wav,data/processed/test/2412-153948-0015__5-170338-B-41__neg5db__clean.wav,5-170338-B-41,stationary,-5,test
data/processed/test/3752-4944-0025__3-68630-B-40__neg5db__noisy.wav,data/processed/test/3752-4944-0025__3-68630-B-40__neg5db__clean.wav,3-68630-B-40,stationary,-5,test
data/processed/test/3752-4943-0006__5-243783-A-44__5db__noisy.wav,data/processed/test/3752-4943-0006__5-243783-A-44__5db__clean.wav,5-243783-A-44,stationary,5,test
data/processed/test/6313-66125-0027__1-25781-A-48__5db__noisy.wav,data/processed/test/6313-66125-0027__1-25781-A-48__5db__clean.wav,1-25781-A-48,impulsive,5,test
data/processed/test/6345-93302-0015__4-201988-A-44__10db__noisy.wav,data/processed/test/6345-93302-0015__4-201988-A-44__10db__clean.wav,4-201988-A-44,stationary,10,test
data/processed/test/6241-61946-0016__2-122067-B-45__neg5db__noisy.wav,data/processed/test/6241-61946-0016__2-122067-B-45__neg5db__clean.wav,2-122067-B-45,stationary,-5,test
data/processed/test/6313-76958-0004__3-157492-A-45__10db__noisy.wav,data/processed/test/6313-76958-0004__3-157492-A-45__10db__clean.wav,3-157492-A-45,stationary,10,test
data/processed/test/6241-66616-0018__4-186938-A-44__neg5db__noisy.wav,data/processed/test/6241-66616-0018__4-186938-A-44__neg5db__clean.wav,4-186938-A-44,stationary,-5,test
data/processed/test/1919-142785-0055__5-160614-C-48__5db__noisy.wav,data/processed/test/1919-142785-0055__5-160614-C-48__5db__clean.wav,5-160614-C-48,impulsive,5,test
data/processed/test/6345-93306-0013__2-188822-B-40__0db__noisy.wav,data/processed/test/6345-93306-0013__2-188822-B-40__0db__clean.wav,2-188822-B-40,stationary,0,test
data/processed/test/6345-93302-0020__2-70052-A-42__10db__noisy.wav,data/processed/test/6345-93302-0020__2-70052-A-42__10db__clean.wav,2-70052-A-42,stationary,10,test
data/processed/test/6313-66129-0033__0 (1)__0db__noisy.wav,data/processed/test/6313-66129-0033__0 (1)__0db__clean.wav,0 (1),impulsive,0,test
data/processed/test/6241-61946-0006__3-51376-A-42__neg5db__noisy.wav,data/processed/test/6241-61946-0006__3-51376-A-42__neg5db__clean.wav,3-51376-A-42,stationary,-5,test
data/processed/test/6313-66125-0010__2-122067-B-45__5db__noisy.wav,data/processed/test/6313-66125-0010__2-122067-B-45__5db__clean.wav,2-122067-B-45,stationary,5,test
data/processed/test/3752-4944-0039__3-157492-A-45__0db__noisy.wav,data/processed/test/3752-4944-0039__3-157492-A-45__0db__clean.wav,3-157492-A-45,stationary,0,test
data/processed/test/6313-66129-0022__2-106487-A-44__5db__noisy.wav,data/processed/test/6313-66129-0022__2-106487-A-44__5db__clean.wav,2-106487-A-44,stationary,5,test
data/processed/test/2412-153954-0008__2-106487-A-44__10db__noisy.wav,data/processed/test/2412-153954-0008__2-106487-A-44__10db__clean.wav,2-106487-A-44,stationary,10,test
data/processed/test/3752-4944-0034__4-201988-A-44__0db__noisy.wav,data/processed/test/3752-4944-0034__4-201988-A-44__0db__clean.wav,4-201988-A-44,stationary,0,test
data/processed/test/3752-4944-0012__1-172649-E-40__5db__noisy.wav,data/processed/test/3752-4944-0012__1-172649-E-40__5db__clean.wav,1-172649-E-40,stationary,5,test
data/processed/test/3752-4943-0001__4-175000-A-40__10db__noisy.wav,data/processed/test/3752-4943-0001__4-175000-A-40__10db__clean.wav,4-175000-A-40,stationary,10,test
data/processed/test/6241-61943-0000__4-201988-A-44__neg5db__noisy.wav,data/processed/test/6241-61943-0000__4-201988-A-44__neg5db__clean.wav,4-201988-A-44,stationary,-5,test
data/processed/test/6313-66129-0029__3-118658-A-41__neg5db__noisy.wav,data/processed/test/6313-66129-0029__3-118658-A-41__neg5db__clean.wav,3-118658-A-41,stationary,-5,test
data/processed/test/6241-66616-0022__3-118658-A-41__10db__noisy.wav,data/processed/test/6241-66616-0022__3-118658-A-41__10db__clean.wav,3-118658-A-41,stationary,10,test
data/processed/test/6241-61946-0003__3-154758-A-44__10db__noisy.wav,data/processed/test/6241-61946-0003__3-154758-A-44__10db__clean.wav,3-154758-A-44,stationary,10,test
data/processed/test/2412-153954-0005__4-175000-A-40__5db__noisy.wav,data/processed/test/2412-153954-0005__4-175000-A-40__5db__clean.wav,4-175000-A-40,stationary,5,test
data/processed/test/2412-153954-0011__2-107228-B-44__5db__noisy.wav,data/processed/test/2412-153954-0011__2-107228-B-44__5db__clean.wav,2-107228-B-44,stationary,5,test
data/processed/test/6313-66125-0002__3-51731-B-42__10db__noisy.wav,data/processed/test/6313-66125-0002__3-51731-B-42__10db__clean.wav,3-51731-B-42,stationary,10,test
data/processed/test/6345-64257-0014__2-106486-A-44__10db__noisy.wav,data/processed/test/6345-64257-0014__2-106486-A-44__10db__clean.wav,2-106486-A-44,stationary,10,test
data/processed/test/6313-66125-0002__4-251959-A-47__10db__noisy.wav,data/processed/test/6313-66125-0002__4-251959-A-47__10db__clean.wav,4-251959-A-47,stationary,10,test
data/processed/test/6345-93302-0025__5-197118-A-45__0db__noisy.wav,data/processed/test/6345-93302-0025__5-197118-A-45__0db__clean.wav,5-197118-A-45,stationary,0,test
data/processed/test/3752-4944-0034__1-54084-A-42__10db__noisy.wav,data/processed/test/3752-4944-0034__1-54084-A-42__10db__clean.wav,1-54084-A-42,stationary,10,test
data/processed/test/3752-4943-0008__2-106487-A-44__10db__noisy.wav,data/processed/test/3752-4943-0008__2-106487-A-44__10db__clean.wav,2-106487-A-44,stationary,10,test
data/processed/test/3752-4944-0023__854478__qubodup__120mm-mortar-shell-shot-2 (1)__neg5db__noisy.wav,data/processed/test/3752-4944-0023__854478__qubodup__120mm-mortar-shell-shot-2 (1)__neg5db__clean.wav,854478__qubodup__120mm-mortar-shell-shot-2 (1),impulsive,-5,test
data/processed/test/2412-153947-0002__5-209992-B-44__5db__noisy.wav,data/processed/test/2412-153947-0002__5-209992-B-44__5db__clean.wav,5-209992-B-44,stationary,5,test
data/processed/test/2412-153948-0011__3-136451-A-45__0db__noisy.wav,data/processed/test/2412-153948-0011__3-136451-A-45__0db__clean.wav,3-136451-A-45,stationary,0,test
data/processed/test/6313-66129-0011__2-188822-B-40__10db__noisy.wav,data/processed/test/6313-66129-0011__2-188822-B-40__10db__clean.wav,2-188822-B-40,stationary,10,test
data/processed/test/6345-64257-0011__3-157492-A-45__neg5db__noisy.wav,data/processed/test/6345-64257-0011__3-157492-A-45__neg5db__clean.wav,3-157492-A-45,stationary,-5,test
data/processed/test/2412-153954-0016__4-119647-B-48__0db__noisy.wav,data/processed/test/2412-153954-0016__4-119647-B-48__0db__clean.wav,4-119647-B-48,impulsive,0,test
data/processed/test/6241-61946-0019__3-136451-A-45__10db__noisy.wav,data/processed/test/6241-61946-0019__3-136451-A-45__10db__clean.wav,3-136451-A-45,stationary,10,test
data/processed/test/6241-61943-0006__3-68630-C-40__10db__noisy.wav,data/processed/test/6241-61943-0006__3-68630-C-40__10db__clean.wav,3-68630-C-40,stationary,10,test
data/processed/test/1919-142785-0034__0 (1)__neg5db__noisy.wav,data/processed/test/1919-142785-0034__0 (1)__neg5db__clean.wav,0 (1),impulsive,-5,test
data/processed/test/6345-93302-0017__2-72688-A-42__neg5db__noisy.wav,data/processed/test/6345-93302-0017__2-72688-A-42__neg5db__clean.wav,2-72688-A-42,stationary,-5,test
data/processed/test/1919-142785-0014__2-135649-A-45__5db__noisy.wav,data/processed/test/1919-142785-0014__2-135649-A-45__5db__clean.wav,2-135649-A-45,stationary,5,test
data/processed/test/3752-4944-0002__3-68630-B-40__5db__noisy.wav,data/processed/test/3752-4944-0002__3-68630-B-40__5db__clean.wav,3-68630-B-40,stationary,5,test
data/processed/test/6313-66125-0005__3-51909-B-42__10db__noisy.wav,data/processed/test/6313-66125-0005__3-51909-B-42__10db__clean.wav,3-51909-B-42,stationary,10,test
data/processed/test/6345-93302-0013__2-106487-A-44__neg5db__noisy.wav,data/processed/test/6345-93302-0013__2-106487-A-44__neg5db__clean.wav,2-106487-A-44,stationary,-5,test
data/processed/test/6313-66129-0018__4-201988-A-44__0db__noisy.wav,data/processed/test/6313-66129-0018__4-201988-A-44__0db__clean.wav,4-201988-A-44,stationary,0,test
data/processed/test/6345-93306-0006__2-70052-A-42__5db__noisy.wav,data/processed/test/6345-93306-0006__2-70052-A-42__5db__clean.wav,2-70052-A-42,stationary,5,test
data/processed/test/6241-61943-0006__1-172649-E-40__5db__noisy.wav,data/processed/test/6241-61943-0006__1-172649-E-40__5db__clean.wav,1-172649-E-40,stationary,5,test
data/processed/test/6241-61946-0014__4-186938-A-44__neg5db__noisy.wav,data/processed/test/6241-61946-0014__4-186938-A-44__neg5db__clean.wav,4-186938-A-44,stationary,-5,test
data/processed/test/1919-142785-0038__4-186938-A-44__5db__noisy.wav,data/processed/test/1919-142785-0038__4-186938-A-44__5db__clean.wav,4-186938-A-44,stationary,5,test
data/processed/test/6313-66125-0016__3-157492-A-45__5db__noisy.wav,data/processed/test/6313-66125-0016__3-157492-A-45__5db__clean.wav,3-157492-A-45,stationary,5,test
data/processed/test/6345-93306-0013__5-197118-A-45__10db__noisy.wav,data/processed/test/6345-93306-0013__5-197118-A-45__10db__clean.wav,5-197118-A-45,stationary,10,test
data/processed/test/3752-4944-0019__3-51376-A-42__5db__noisy.wav,data/processed/test/3752-4944-0019__3-51376-A-42__5db__clean.wav,3-51376-A-42,stationary,5,test
data/processed/test/3752-4943-0017__3-138212-A-45__10db__noisy.wav,data/processed/test/3752-4943-0017__3-138212-A-45__10db__clean.wav,3-138212-A-45,stationary,10,test
data/processed/test/3752-4943-0016__2-50668-A-41__10db__noisy.wav,data/processed/test/3752-4943-0016__2-50668-A-41__10db__clean.wav,2-50668-A-41,stationary,10,test
data/processed/test/6241-66616-0005__854478__qubodup__120mm-mortar-shell-shot-2 (1)__5db__noisy.wav,data/processed/test/6241-66616-0005__854478__qubodup__120mm-mortar-shell-shot-2 (1)__5db__clean.wav,854478__qubodup__120mm-mortar-shell-shot-2 (1),impulsive,5,test
data/processed/test/1919-142785-0023__2-135649-A-45__0db__noisy.wav,data/processed/test/1919-142785-0023__2-135649-A-45__0db__clean.wav,2-135649-A-45,stationary,0,test
data/processed/test/6241-66616-0006__2-70052-A-42__10db__noisy.wav,data/processed/test/6241-66616-0006__2-70052-A-42__10db__clean.wav,2-70052-A-42,stationary,10,test
data/processed/test/6313-66125-0000__2-37806-A-40__10db__noisy.wav,data/processed/test/6313-66125-0000__2-37806-A-40__10db__clean.wav,2-37806-A-40,stationary,10,test
data/processed/test/6345-93302-0011__2-107228-B-44__5db__noisy.wav,data/processed/test/6345-93302-0011__2-107228-B-44__5db__clean.wav,2-107228-B-44,stationary,5,test
data/processed/test/6345-93302-0006__1-25781-A-48__5db__noisy.wav,data/processed/test/6345-93302-0006__1-25781-A-48__5db__clean.wav,1-25781-A-48,impulsive,5,test
data/processed/test/3752-4944-0029__4-175000-A-40__5db__noisy.wav,data/processed/test/3752-4944-0029__4-175000-A-40__5db__clean.wav,4-175000-A-40,stationary,5,test
data/processed/test/1919-142785-0026__5-251962-A-47__neg5db__noisy.wav,data/processed/test/1919-142785-0026__5-251962-A-47__neg5db__clean.wav,5-251962-A-47,stationary,-5,test
data/processed/test/2412-153947-0014__854478__qubodup__120mm-mortar-shell-shot-2__0db__noisy.wav,data/processed/test/2412-153947-0014__854478__qubodup__120mm-mortar-shell-shot-2__0db__clean.wav,854478__qubodup__120mm-mortar-shell-shot-2,impulsive,0,test
data/processed/test/6313-76958-0025__0 (1)__neg5db__noisy.wav,data/processed/test/6313-76958-0025__0 (1)__neg5db__clean.wav,0 (1),impulsive,-5,test
data/processed/test/1919-142785-0038__2-37806-A-40__0db__noisy.wav,data/processed/test/1919-142785-0038__2-37806-A-40__0db__clean.wav,2-37806-A-40,stationary,0,test
data/processed/test/6345-93302-0024__3-51731-B-42__neg5db__noisy.wav,data/processed/test/6345-93302-0024__3-51731-B-42__neg5db__clean.wav,3-51731-B-42,stationary,-5,test
data/processed/test/6241-66616-0008__0 (1)__0db__noisy.wav,data/processed/test/6241-66616-0008__0 (1)__0db__clean.wav,0 (1),impulsive,0,test
data/processed/test/6345-93306-0022__3-51909-B-42__neg5db__noisy.wav,data/processed/test/6345-93306-0022__3-51909-B-42__neg5db__clean.wav,3-51909-B-42,stationary,-5,test
data/processed/test/3752-4944-0007__0 (1)__0db__noisy.wav,data/processed/test/3752-4944-0007__0 (1)__0db__clean.wav,0 (1),impulsive,0,test
data/processed/test/6345-93306-0003__4-175000-A-40__5db__noisy.wav,data/processed/test/6345-93306-0003__4-175000-A-40__5db__clean.wav,4-175000-A-40,stationary,5,test
data/processed/test/6241-61943-0019__4-251959-A-47__0db__noisy.wav,data/processed/test/6241-61943-0019__4-251959-A-47__0db__clean.wav,4-251959-A-47,stationary,0,test
data/processed/test/2412-153954-0021__0 (1)__neg5db__noisy.wav,data/processed/test/2412-153954-0021__0 (1)__neg5db__clean.wav,0 (1),impulsive,-5,test
data/processed/test/3752-4944-0055__3-136451-A-45__10db__noisy.wav,data/processed/test/3752-4944-0055__3-136451-A-45__10db__clean.wav,3-136451-A-45,stationary,10,test
data/processed/test/6241-66616-0004__4-201988-A-44__neg5db__noisy.wav,data/processed/test/6241-66616-0004__4-201988-A-44__neg5db__clean.wav,4-201988-A-44,stationary,-5,test
data/processed/test/6241-61943-0025__5-160614-C-48__10db__noisy.wav,data/processed/test/6241-61943-0025__5-160614-C-48__10db__clean.wav,5-160614-C-48,impulsive,10,test
data/processed/test/6345-93306-0014__4-175000-A-40__neg5db__noisy.wav,data/processed/test/6345-93306-0014__4-175000-A-40__neg5db__clean.wav,4-175000-A-40,stationary,-5,test
data/processed/test/6313-76958-0011__4-175000-A-40__neg5db__noisy.wav,data/processed/test/6313-76958-0011__4-175000-A-40__neg5db__clean.wav,4-175000-A-40,stationary,-5,test
data/processed/test/6241-61943-0004__3-138212-A-45__10db__noisy.wav,data/processed/test/6241-61943-0004__3-138212-A-45__10db__clean.wav,3-138212-A-45,stationary,10,test
data/processed/test/2412-153954-0015__3-157492-A-45__0db__noisy.wav,data/processed/test/2412-153954-0015__3-157492-A-45__0db__clean.wav,3-157492-A-45,stationary,0,test
data/processed/test/6345-93302-0027__5-170338-B-41__10db__noisy.wav,data/processed/test/6345-93302-0027__5-170338-B-41__10db__clean.wav,5-170338-B-41,stationary,10,test
data/processed/test/1919-142785-0025__2-188822-B-40__neg5db__noisy.wav,data/processed/test/1919-142785-0025__2-188822-B-40__neg5db__clean.wav,2-188822-B-40,stationary,-5,test
data/processed/test/1919-142785-0000__5-197118-A-45__neg5db__noisy.wav,data/processed/test/1919-142785-0000__5-197118-A-45__neg5db__clean.wav,5-197118-A-45,stationary,-5,test
data/processed/test/1919-142785-0019__2-188822-B-40__10db__noisy.wav,data/processed/test/1919-142785-0019__2-188822-B-40__10db__clean.wav,2-188822-B-40,stationary,10,test
data/processed/test/6345-64257-0002__5-160614-C-48__10db__noisy.wav,data/processed/test/6345-64257-0002__5-160614-C-48__10db__clean.wav,5-160614-C-48,impulsive,10,test
data/processed/test/6345-93302-0029__4-186938-A-44__neg5db__noisy.wav,data/processed/test/6345-93302-0029__4-186938-A-44__neg5db__clean.wav,4-186938-A-44,stationary,-5,test
data/processed/test/6241-61943-0001__5-205898-A-40__0db__noisy.wav,data/processed/test/6241-61943-0001__5-205898-A-40__0db__clean.wav,5-205898-A-40,stationary,0,test
data/processed/test/1919-142785-0046__3-51376-A-42__10db__noisy.wav,data/processed/test/1919-142785-0046__3-51376-A-42__10db__clean.wav,3-51376-A-42,stationary,10,test
data/processed/test/6313-76958-0012__2-188822-B-40__10db__noisy.wav,data/processed/test/6313-76958-0012__2-188822-B-40__10db__clean.wav,2-188822-B-40,stationary,10,test
data/processed/test/3752-4943-0000__1-25781-A-48__10db__noisy.wav,data/processed/test/3752-4943-0000__1-25781-A-48__10db__clean.wav,1-25781-A-48,impulsive,10,test
data/processed/test/2412-153947-0014__4-201988-A-44__0db__noisy.wav,data/processed/test/2412-153947-0014__4-201988-A-44__0db__clean.wav,4-201988-A-44,stationary,0,test
data/processed/test/3752-4943-0008__3-138212-A-45__0db__noisy.wav,data/processed/test/3752-4943-0008__3-138212-A-45__0db__clean.wav,3-138212-A-45,stationary,0,test
data/processed/test/3752-4943-0019__5-251962-A-47__10db__noisy.wav,data/processed/test/3752-4943-0019__5-251962-A-47__10db__clean.wav,5-251962-A-47,stationary,10,test
data/processed/test/6241-66616-0011__2-78781-A-47__0db__noisy.wav,data/processed/test/6241-66616-0011__2-78781-A-47__0db__clean.wav,2-78781-A-47,stationary,0,test
data/processed/test/3752-4944-0027__3-157492-A-45__0db__noisy.wav,data/processed/test/3752-4944-0027__3-157492-A-45__0db__clean.wav,3-157492-A-45,stationary,0,test
data/processed/test/6313-66129-0029__5-197118-A-45__5db__noisy.wav,data/processed/test/6313-66129-0029__5-197118-A-45__5db__clean.wav,5-197118-A-45,stationary,5,test
data/processed/test/6313-76958-0030__563015__florianreichelt__a-loud-gunshot-in-the-woods__5db__noisy.wav,data/processed/test/6313-76958-0030__563015__florianreichelt__a-loud-gunshot-in-the-woods__5db__clean.wav,563015__florianreichelt__a-loud-gunshot-in-the-woods,impulsive,5,test
data/processed/test/3752-4944-0054__3-118658-A-41__5db__noisy.wav,data/processed/test/3752-4944-0054__3-118658-A-41__5db__clean.wav,3-118658-A-41,stationary,5,test
data/processed/test/6313-76958-0006__5-170338-B-41__neg5db__noisy.wav,data/processed/test/6313-76958-0006__5-170338-B-41__neg5db__clean.wav,5-170338-B-41,stationary,-5,test
data/processed/test/3752-4944-0035__4-119647-B-48__0db__noisy.wav,data/processed/test/3752-4944-0035__4-119647-B-48__0db__clean.wav,4-119647-B-48,impulsive,0,test
data/processed/test/6345-64257-0009__3-118658-A-41__10db__noisy.wav,data/processed/test/6345-64257-0009__3-118658-A-41__10db__clean.wav,3-118658-A-41,stationary,10,test
data/processed/test/1919-142785-0048__2-106486-A-44__10db__noisy.wav,data/processed/test/1919-142785-0048__2-106486-A-44__10db__clean.wav,2-106486-A-44,stationary,10,test
data/processed/test/6241-66616-0012__1-25781-A-48__5db__noisy.wav,data/processed/test/6241-66616-0012__1-25781-A-48__5db__clean.wav,1-25781-A-48,impulsive,5,test
data/processed/test/2412-153948-0003__3-118658-A-41__5db__noisy.wav,data/processed/test/2412-153948-0003__3-118658-A-41__5db__clean.wav,3-118658-A-41,stationary,5,test
data/processed/test/3752-4943-0016__5-205898-A-40__0db__noisy.wav,data/processed/test/3752-4943-0016__5-205898-A-40__0db__clean.wav,5-205898-A-40,stationary,0,test
data/processed/test/2412-153954-0009__4-119647-B-48__0db__noisy.wav,data/processed/test/2412-153954-0009__4-119647-B-48__0db__clean.wav,4-119647-B-48,impulsive,0,test
data/processed/test/2412-153954-0022__2-135649-A-45__0db__noisy.wav,data/processed/test/2412-153954-0022__2-135649-A-45__0db__clean.wav,2-135649-A-45,stationary,0,test
data/processed/test/6241-61943-0024__2-188822-B-40__5db__noisy.wav,data/processed/test/6241-61943-0024__2-188822-B-40__5db__clean.wav,2-188822-B-40,stationary,5,test
data/processed/test/6345-64257-0005__5-160614-C-48__5db__noisy.wav,data/processed/test/6345-64257-0005__5-160614-C-48__5db__clean.wav,5-160614-C-48,impulsive,5,test
data/processed/test/3752-4944-0017__5-209992-B-44__10db__noisy.wav,data/processed/test/3752-4944-0017__5-209992-B-44__10db__clean.wav,5-209992-B-44,stationary,10,test
data/processed/test/6241-61943-0002__4-119647-B-48__5db__noisy.wav,data/processed/test/6241-61943-0002__4-119647-B-48__5db__clean.wav,4-119647-B-48,impulsive,5,test
data/processed/test/3752-4944-0021__5-243783-A-44__0db__noisy.wav,data/processed/test/3752-4944-0021__5-243783-A-44__0db__clean.wav,5-243783-A-44,stationary,0,test
data/processed/test/1919-142785-0012__3-68630-B-40__0db__noisy.wav,data/processed/test/1919-142785-0012__3-68630-B-40__0db__clean.wav,3-68630-B-40,stationary,0,test
data/processed/test/2412-153954-0004__3-68630-C-40__5db__noisy.wav,data/processed/test/2412-153954-0004__3-68630-C-40__5db__clean.wav,3-68630-C-40,stationary,5,test
data/processed/test/2412-153947-0001__5-160614-C-48__5db__noisy.wav,data/processed/test/2412-153947-0001__5-160614-C-48__5db__clean.wav,5-160614-C-48,impulsive,5,test
data/processed/test/1919-142785-0027__2-37806-A-40__0db__noisy.wav,data/processed/test/1919-142785-0027__2-37806-A-40__0db__clean.wav,2-37806-A-40,stationary,0,test
data/processed/test/2412-153948-0013__5-240671-A-44__5db__noisy.wav,data/processed/test/2412-153948-0013__5-240671-A-44__5db__clean.wav,5-240671-A-44,stationary,5,test
data/processed/test/6345-93306-0018__4-119647-B-48__neg5db__noisy.wav,data/processed/test/6345-93306-0018__4-119647-B-48__neg5db__clean.wav,4-119647-B-48,impulsive,-5,test
data/processed/test/1919-142785-0006__5-170338-B-41__5db__noisy.wav,data/processed/test/1919-142785-0006__5-170338-B-41__5db__clean.wav,5-170338-B-41,stationary,5,test
data/processed/test/2412-153954-0015__3-157492-A-45__5db__noisy.wav,data/processed/test/2412-153954-0015__3-157492-A-45__5db__clean.wav,3-157492-A-45,stationary,5,test
data/processed/test/6313-66129-0004__2-78781-A-47__10db__noisy.wav,data/processed/test/6313-66129-0004__2-78781-A-47__10db__clean.wav,2-78781-A-47,stationary,10,test
data/processed/test/2412-153948-0000__3-51731-B-42__0db__noisy.wav,data/processed/test/2412-153948-0000__3-51731-B-42__0db__clean.wav,3-51731-B-42,stationary,0,test
data/processed/test/6345-93302-0014__1-172649-E-40__0db__noisy.wav,data/processed/test/6345-93302-0014__1-172649-E-40__0db__clean.wav,1-172649-E-40,stationary,0,test
data/processed/test/2412-153948-0004__2-72688-A-42__10db__noisy.wav,data/processed/test/2412-153948-0004__2-72688-A-42__10db__clean.wav,2-72688-A-42,stationary,10,test
data/processed/test/6313-76958-0003__3-51909-B-42__5db__noisy.wav,data/processed/test/6313-76958-0003__3-51909-B-42__5db__clean.wav,3-51909-B-42,stationary,5,test
data/processed/test/3752-4944-0018__3-157492-A-45__10db__noisy.wav,data/processed/test/3752-4944-0018__3-157492-A-45__10db__clean.wav,3-157492-A-45,stationary,10,test
data/processed/test/3752-4944-0028__2-122067-B-45__neg5db__noisy.wav,data/processed/test/3752-4944-0028__2-122067-B-45__neg5db__clean.wav,2-122067-B-45,stationary,-5,test
data/processed/test/6313-76958-0001__4-186938-A-44__5db__noisy.wav,data/processed/test/6313-76958-0001__4-186938-A-44__5db__clean.wav,4-186938-A-44,stationary,5,test
data/processed/test/6313-66125-0008__3-138212-A-45__0db__noisy.wav,data/processed/test/6313-66125-0008__3-138212-A-45__0db__clean.wav,3-138212-A-45,stationary,0,test
data/processed/test/2412-153947-0007__4-186938-A-44__neg5db__noisy.wav,data/processed/test/2412-153947-0007__4-186938-A-44__neg5db__clean.wav,4-186938-A-44,stationary,-5,test
data/processed/test/1919-142785-0041__1-54084-A-42__10db__noisy.wav,data/processed/test/1919-142785-0041__1-54084-A-42__10db__clean.wav,1-54084-A-42,stationary,10,test
data/processed/test/6345-64257-0002__2-50668-A-41__5db__noisy.wav,data/processed/test/6345-64257-0002__2-50668-A-41__5db__clean.wav,2-50668-A-41,stationary,5,test
data/processed/test/6345-93306-0025__2-37806-A-40__10db__noisy.wav,data/processed/test/6345-93306-0025__2-37806-A-40__10db__clean.wav,2-37806-A-40,stationary,10,test
data/processed/test/2412-153954-0006__3-136451-A-45__neg5db__noisy.wav,data/processed/test/2412-153954-0006__3-136451-A-45__neg5db__clean.wav,3-136451-A-45,stationary,-5,test
data/processed/test/1919-142785-0040__2-72688-A-42__10db__noisy.wav,data/processed/test/1919-142785-0040__2-72688-A-42__10db__clean.wav,2-72688-A-42,stationary,10,test
data/processed/test/6313-66129-0034__5-197118-A-45__5db__noisy.wav,data/processed/test/6313-66129-0034__5-197118-A-45__5db__clean.wav,5-197118-A-45,stationary,5,test
data/processed/test/2412-153947-0002__2-72688-A-42__10db__noisy.wav,data/processed/test/2412-153947-0002__2-72688-A-42__10db__clean.wav,2-72688-A-42,stationary,10,test
data/processed/test/6313-66129-0011__3-51731-B-42__neg5db__noisy.wav,data/processed/test/6313-66129-0011__3-51731-B-42__neg5db__clean.wav,3-51731-B-42,stationary,-5,test
data/processed/test/6241-61946-0011__2-37806-A-40__neg5db__noisy.wav,data/processed/test/6241-61946-0011__2-37806-A-40__neg5db__clean.wav,2-37806-A-40,stationary,-5,test
data/processed/test/3752-4944-0014__3-51376-A-42__neg5db__noisy.wav,data/processed/test/3752-4944-0014__3-51376-A-42__neg5db__clean.wav,3-51376-A-42,stationary,-5,test
data/processed/test/3752-4943-0030__5-209992-B-44__0db__noisy.wav,data/processed/test/3752-4943-0030__5-209992-B-44__0db__clean.wav,5-209992-B-44,stationary,0,test
data/processed/test/6313-66125-0005__2-122067-B-45__0db__noisy.wav,data/processed/test/6313-66125-0005__2-122067-B-45__0db__clean.wav,2-122067-B-45,stationary,0,test
data/processed/test/6313-66129-0016__854478__qubodup__120mm-mortar-shell-shot-2 (1)__neg5db__noisy.wav,data/processed/test/6313-66129-0016__854478__qubodup__120mm-mortar-shell-shot-2 (1)__neg5db__clean.wav,854478__qubodup__120mm-mortar-shell-shot-2 (1),impulsive,-5,test
data/processed/test/6313-66125-0014__3-51731-B-42__10db__noisy.wav,data/processed/test/6313-66125-0014__3-51731-B-42__10db__clean.wav,3-51731-B-42,stationary,10,test
data/processed/test/6345-64257-0018__5-160614-C-48__5db__noisy.wav,data/processed/test/6345-64257-0018__5-160614-C-48__5db__clean.wav,5-160614-C-48,impulsive,5,test
data/processed/test/3752-4943-0006__2-106486-A-44__5db__noisy.wav,data/processed/test/3752-4943-0006__2-106486-A-44__5db__clean.wav,2-106486-A-44,stationary,5,test
data/processed/test/6345-93306-0004__5-209992-B-44__neg5db__noisy.wav,data/processed/test/6345-93306-0004__5-209992-B-44__neg5db__clean.wav,5-209992-B-44,stationary,-5,test
data/processed/test/3752-4943-0017__5-170338-B-41__neg5db__noisy.wav,data/processed/test/3752-4943-0017__5-170338-B-41__neg5db__clean.wav,5-170338-B-41,stationary,-5,test
data/processed/test/6345-64257-0017__2-188822-B-40__0db__noisy.wav,data/processed/test/6345-64257-0017__2-188822-B-40__0db__clean.wav,2-188822-B-40,stationary,0,test
data/processed/test/6313-66125-0006__2-106486-A-44__10db__noisy.wav,data/processed/test/6313-66125-0006__2-106486-A-44__10db__clean.wav,2-106486-A-44,stationary,10,test
data/processed/test/1919-142785-0050__2-135649-A-45__0db__noisy.wav,data/processed/test/1919-142785-0050__2-135649-A-45__0db__clean.wav,2-135649-A-45,stationary,0,test
data/processed/test/6345-64257-0002__854478__qubodup__120mm-mortar-shell-shot-2__0db__noisy.wav,data/processed/test/6345-64257-0002__854478__qubodup__120mm-mortar-shell-shot-2__0db__clean.wav,854478__qubodup__120mm-mortar-shell-shot-2,impulsive,0,test
data/processed/test/1919-142785-0061__3-138212-A-45__5db__noisy.wav,data/processed/test/1919-142785-0061__3-138212-A-45__5db__clean.wav,3-138212-A-45,stationary,5,test
data/processed/test/6313-76958-0015__1-54084-A-42__0db__noisy.wav,data/processed/test/6313-76958-0015__1-54084-A-42__0db__clean.wav,1-54084-A-42,stationary,0,test
data/processed/test/6345-93302-0028__2-135649-A-45__10db__noisy.wav,data/processed/test/6345-93302-0028__2-135649-A-45__10db__clean.wav,2-135649-A-45,stationary,10,test
data/processed/test/3752-4944-0015__3-51909-B-42__neg5db__noisy.wav,data/processed/test/3752-4944-0015__3-51909-B-42__neg5db__clean.wav,3-51909-B-42,stationary,-5,test
data/processed/test/6313-66125-0017__2-70052-A-42__5db__noisy.wav,data/processed/test/6313-66125-0017__2-70052-A-42__5db__clean.wav,2-70052-A-42,stationary,5,test
data/processed/test/3752-4943-0006__854478__qubodup__120mm-mortar-shell-shot-2 (1)__0db__noisy.wav,data/processed/test/3752-4943-0006__854478__qubodup__120mm-mortar-shell-shot-2 (1)__0db__clean.wav,854478__qubodup__120mm-mortar-shell-shot-2 (1),impulsive,0,test
data/processed/test/2412-153954-0021__3-68630-B-40__10db__noisy.wav,data/processed/test/2412-153954-0021__3-68630-B-40__10db__clean.wav,3-68630-B-40,stationary,10,test
data/processed/test/6345-93302-0016__854478__qubodup__120mm-mortar-shell-shot-2 (1)__0db__noisy.wav,data/processed/test/6345-93302-0016__854478__qubodup__120mm-mortar-shell-shot-2 (1)__0db__clean.wav,854478__qubodup__120mm-mortar-shell-shot-2 (1),impulsive,0,test
data/processed/test/3752-4944-0042__2-106486-A-44__0db__noisy.wav,data/processed/test/3752-4944-0042__2-106486-A-44__0db__clean.wav,2-106486-A-44,stationary,0,test
data/processed/test/6241-61943-0024__4-186938-A-44__0db__noisy.wav,data/processed/test/6241-61943-0024__4-186938-A-44__0db__clean.wav,4-186938-A-44,stationary,0,test
data/processed/test/6313-66129-0018__5-251962-A-47__10db__noisy.wav,data/processed/test/6313-66129-0018__5-251962-A-47__10db__clean.wav,5-251962-A-47,stationary,10,test
data/processed/test/6313-66125-0023__2-37806-A-40__0db__noisy.wav,data/processed/test/6313-66125-0023__2-37806-A-40__0db__clean.wav,2-37806-A-40,stationary,0,test
data/processed/test/3752-4944-0042__1-25781-A-48__0db__noisy.wav,data/processed/test/3752-4944-0042__1-25781-A-48__0db__clean.wav,1-25781-A-48,impulsive,0,test
data/processed/test/3752-4944-0033__2-50668-A-41__10db__noisy.wav,data/processed/test/3752-4944-0033__2-50668-A-41__10db__clean.wav,2-50668-A-41,stationary,10,test
data/processed/test/6313-76958-0005__2-37806-A-40__0db__noisy.wav,data/processed/test/6313-76958-0005__2-37806-A-40__0db__clean.wav,2-37806-A-40,stationary,0,test
data/processed/test/6313-76958-0022__854478__qubodup__120mm-mortar-shell-shot-2 (1)__5db__noisy.wav,data/processed/test/6313-76958-0022__854478__qubodup__120mm-mortar-shell-shot-2 (1)__5db__clean.wav,854478__qubodup__120mm-mortar-shell-shot-2 (1),impulsive,5,test
data/processed/test/6241-61943-0013__3-154758-A-44__neg5db__noisy.wav,data/processed/test/6241-61943-0013__3-154758-A-44__neg5db__clean.wav,3-154758-A-44,stationary,-5,test
data/processed/test/6241-61943-0018__5-240671-A-44__10db__noisy.wav,data/processed/test/6241-61943-0018__5-240671-A-44__10db__clean.wav,5-240671-A-44,stationary,10,test
data/processed/test/6313-76958-0014__3-154758-A-44__0db__noisy.wav,data/processed/test/6313-76958-0014__3-154758-A-44__0db__clean.wav,3-154758-A-44,stationary,0,test
data/processed/test/6345-64257-0017__3-51376-A-42__5db__noisy.wav,data/processed/test/6345-64257-0017__3-51376-A-42__5db__clean.wav,3-51376-A-42,stationary,5,test
data/processed/test/2412-153954-0003__2-135649-A-45__10db__noisy.wav,data/processed/test/2412-153954-0003__2-135649-A-45__10db__clean.wav,2-135649-A-45,stationary,10,test
data/processed/test/3752-4943-0018__1-54084-A-42__5db__noisy.wav,data/processed/test/3752-4943-0018__1-54084-A-42__5db__clean.wav,1-54084-A-42,stationary,5,test
data/processed/test/1919-142785-0003__2-37806-A-40__0db__noisy.wav,data/processed/test/1919-142785-0003__2-37806-A-40__0db__clean.wav,2-37806-A-40,stationary,0,test
data/processed/test/6241-61946-0002__3-136451-A-45__0db__noisy.wav,data/processed/test/6241-61946-0002__3-136451-A-45__0db__clean.wav,3-136451-A-45,stationary,0,test
data/processed/test/1919-142785-0012__2-72688-A-42__0db__noisy.wav,data/processed/test/1919-142785-0012__2-72688-A-42__0db__clean.wav,2-72688-A-42,stationary,0,test
data/processed/test/3752-4943-0024__3-68630-C-40__0db__noisy.wav,data/processed/test/3752-4943-0024__3-68630-C-40__0db__clean.wav,3-68630-C-40,stationary,0,test
data/processed/test/1919-142785-0023__2-50668-A-41__10db__noisy.wav,data/processed/test/1919-142785-0023__2-50668-A-41__10db__clean.wav,2-50668-A-41,stationary,10,test
data/processed/test/6313-66125-0026__3-138212-A-45__neg5db__noisy.wav,data/processed/test/6313-66125-0026__3-138212-A-45__neg5db__clean.wav,3-138212-A-45,stationary,-5,test
data/processed/test/2412-153954-0022__4-186938-A-44__5db__noisy.wav,data/processed/test/2412-153954-0022__4-186938-A-44__5db__clean.wav,4-186938-A-44,stationary,5,test
data/processed/test/3752-4944-0007__5-209992-B-44__5db__noisy.wav,data/processed/test/3752-4944-0007__5-209992-B-44__5db__clean.wav,5-209992-B-44,stationary,5,test
data/processed/test/6313-76958-0023__2-72688-A-42__neg5db__noisy.wav,data/processed/test/6313-76958-0023__2-72688-A-42__neg5db__clean.wav,2-72688-A-42,stationary,-5,test
data/processed/test/3752-4944-0062__5-251962-A-47__neg5db__noisy.wav,data/processed/test/3752-4944-0062__5-251962-A-47__neg5db__clean.wav,5-251962-A-47,stationary,-5,test
data/processed/test/3752-4943-0003__5-240671-A-44__neg5db__noisy.wav,data/processed/test/3752-4943-0003__5-240671-A-44__neg5db__clean.wav,5-240671-A-44,stationary,-5,test
data/processed/test/2412-153954-0009__4-175000-A-40__neg5db__noisy.wav,data/processed/test/2412-153954-0009__4-175000-A-40__neg5db__clean.wav,4-175000-A-40,stationary,-5,test
data/processed/test/3752-4943-0025__2-70052-A-42__0db__noisy.wav,data/processed/test/3752-4943-0025__2-70052-A-42__0db__clean.wav,2-70052-A-42,stationary,0,test
data/processed/test/6345-93306-0016__3-51731-B-42__0db__noisy.wav,data/processed/test/6345-93306-0016__3-51731-B-42__0db__clean.wav,3-51731-B-42,stationary,0,test
data/processed/test/2412-153947-0015__5-243783-A-44__neg5db__noisy.wav,data/processed/test/2412-153947-0015__5-243783-A-44__neg5db__clean.wav,5-243783-A-44,stationary,-5,test
data/processed/test/6345-93306-0024__4-201988-A-44__neg5db__noisy.wav,data/processed/test/6345-93306-0024__4-201988-A-44__neg5db__clean.wav,4-201988-A-44,stationary,-5,test
data/processed/test/6313-66129-0030__5-243783-A-44__10db__noisy.wav,data/processed/test/6313-66129-0030__5-243783-A-44__10db__clean.wav,5-243783-A-44,stationary,10,test
data/processed/test/2412-153954-0009__2-122067-B-45__0db__noisy.wav,data/processed/test/2412-153954-0009__2-122067-B-45__0db__clean.wav,2-122067-B-45,stationary,0,test
data/processed/test/3752-4944-0027__2-70052-A-42__5db__noisy.wav,data/processed/test/3752-4944-0027__2-70052-A-42__5db__clean.wav,2-70052-A-42,stationary,5,test
data/processed/test/2412-153948-0008__854478__qubodup__120mm-mortar-shell-shot-2__0db__noisy.wav,data/processed/test/2412-153948-0008__854478__qubodup__120mm-mortar-shell-shot-2__0db__clean.wav,854478__qubodup__120mm-mortar-shell-shot-2,impulsive,0,test
data/processed/test/6241-61946-0003__2-122067-B-45__5db__noisy.wav,data/processed/test/6241-61946-0003__2-122067-B-45__5db__clean.wav,2-122067-B-45,stationary,5,test
data/processed/test/3752-4944-0051__563015__florianreichelt__a-loud-gunshot-in-the-woods__10db__noisy.wav,data/processed/test/3752-4944-0051__563015__florianreichelt__a-loud-gunshot-in-the-woods__10db__clean.wav,563015__florianreichelt__a-loud-gunshot-in-the-woods,impulsive,10,test
data/processed/test/3752-4943-0029__3-68630-C-40__neg5db__noisy.wav,data/processed/test/3752-4943-0029__3-68630-C-40__neg5db__clean.wav,3-68630-C-40,stationary,-5,test
data/processed/test/6345-93302-0015__2-70052-A-42__5db__noisy.wav,data/processed/test/6345-93302-0015__2-70052-A-42__5db__clean.wav,2-70052-A-42,stationary,5,test
data/processed/test/6313-76958-0003__2-72688-A-42__neg5db__noisy.wav,data/processed/test/6313-76958-0003__2-72688-A-42__neg5db__clean.wav,2-72688-A-42,stationary,-5,test
data/processed/test/1919-142785-0027__4-186938-A-44__0db__noisy.wav,data/processed/test/1919-142785-0027__4-186938-A-44__0db__clean.wav,4-186938-A-44,stationary,0,test
data/processed/test/2412-153947-0009__1-172649-E-40__0db__noisy.wav,data/processed/test/2412-153947-0009__1-172649-E-40__0db__clean.wav,1-172649-E-40,stationary,0,test
data/processed/test/6313-76958-0022__5-160614-C-48__10db__noisy.wav,data/processed/test/6313-76958-0022__5-160614-C-48__10db__clean.wav,5-160614-C-48,impulsive,10,test
data/processed/test/6345-93306-0016__2-70052-A-42__10db__noisy.wav,data/processed/test/6345-93306-0016__2-70052-A-42__10db__clean.wav,2-70052-A-42,stationary,10,test
data/processed/test/1919-142785-0013__5-197118-A-45__neg5db__noisy.wav,data/processed/test/1919-142785-0013__5-197118-A-45__neg5db__clean.wav,5-197118-A-45,stationary,-5,test
data/processed/test/2412-153954-0018__5-240671-A-44__10db__noisy.wav,data/processed/test/2412-153954-0018__5-240671-A-44__10db__clean.wav,5-240671-A-44,stationary,10,test
data/processed/test/6313-76958-0001__5-170338-B-41__neg5db__noisy.wav,data/processed/test/6313-76958-0001__5-170338-B-41__neg5db__clean.wav,5-170338-B-41,stationary,-5,test
data/processed/test/6313-66129-0018__5-197118-A-45__10db__noisy.wav,data/processed/test/6313-66129-0018__5-197118-A-45__10db__clean.wav,5-197118-A-45,stationary,10,test
data/processed/test/6345-64257-0009__3-51731-B-42__10db__noisy.wav,data/processed/test/6345-64257-0009__3-51731-B-42__10db__clean.wav,3-51731-B-42,stationary,10,test
data/processed/test/6241-61946-0013__5-170338-B-41__0db__noisy.wav,data/processed/test/6241-61946-0013__5-170338-B-41__0db__clean.wav,5-170338-B-41,stationary,0,test
data/processed/test/6241-61946-0011__5-251957-A-47__neg5db__noisy.wav,data/processed/test/6241-61946-0011__5-251957-A-47__neg5db__clean.wav,5-251957-A-47,stationary,-5,test
data/processed/test/6241-61943-0013__3-157492-A-45__10db__noisy.wav,data/processed/test/6241-61943-0013__3-157492-A-45__10db__clean.wav,3-157492-A-45,stationary,10,test
data/processed/test/3752-4944-0043__2-72688-A-42__5db__noisy.wav,data/processed/test/3752-4944-0043__2-72688-A-42__5db__clean.wav,2-72688-A-42,stationary,5,test
data/processed/test/6313-76958-0024__563015__florianreichelt__a-loud-gunshot-in-the-woods__neg5db__noisy.wav,data/processed/test/6313-76958-0024__563015__florianreichelt__a-loud-gunshot-in-the-woods__neg5db__clean.wav,563015__florianreichelt__a-loud-gunshot-in-the-woods,impulsive,-5,test
data/processed/test/3752-4944-0017__854478__qubodup__120mm-mortar-shell-shot-2 (1)__0db__noisy.wav,data/processed/test/3752-4944-0017__854478__qubodup__120mm-mortar-shell-shot-2 (1)__0db__clean.wav,854478__qubodup__120mm-mortar-shell-shot-2 (1),impulsive,0,test
data/processed/test/2412-153947-0015__3-154758-A-44__10db__noisy.wav,data/processed/test/2412-153947-0015__3-154758-A-44__10db__clean.wav,3-154758-A-44,stationary,10,test
data/processed/test/6345-93302-0028__5-205898-A-40__0db__noisy.wav,data/processed/test/6345-93302-0028__5-205898-A-40__0db__clean.wav,5-205898-A-40,stationary,0,test
data/processed/test/3752-4944-0048__4-175000-A-40__neg5db__noisy.wav,data/processed/test/3752-4944-0048__4-175000-A-40__neg5db__clean.wav,4-175000-A-40,stationary,-5,test
data/processed/test/6241-61943-0021__2-72688-A-42__neg5db__noisy.wav,data/processed/test/6241-61943-0021__2-72688-A-42__neg5db__clean.wav,2-72688-A-42,stationary,-5,test
data/processed/test/6345-93306-0020__5-205898-A-40__5db__noisy.wav,data/processed/test/6345-93306-0020__5-205898-A-40__5db__clean.wav,5-205898-A-40,stationary,5,test
data/processed/test/6241-61943-0025__2-122067-B-45__5db__noisy.wav,data/processed/test/6241-61943-0025__2-122067-B-45__5db__clean.wav,2-122067-B-45,stationary,5,test
data/processed/test/6345-93306-0015__5-170338-A-41__5db__noisy.wav,data/processed/test/6345-93306-0015__5-170338-A-41__5db__clean.wav,5-170338-A-41,stationary,5,test
data/processed/test/6241-61943-0021__4-186938-A-44__5db__noisy.wav,data/processed/test/6241-61943-0021__4-186938-A-44__5db__clean.wav,4-186938-A-44,stationary,5,test
data/processed/test/6241-61946-0014__5-251962-A-47__0db__noisy.wav,data/processed/test/6241-61946-0014__5-251962-A-47__0db__clean.wav,5-251962-A-47,stationary,0,test
data/processed/test/1919-142785-0007__1-54084-A-42__0db__noisy.wav,data/processed/test/1919-142785-0007__1-54084-A-42__0db__clean.wav,1-54084-A-42,stationary,0,test
data/processed/test/3752-4943-0024__563015__florianreichelt__a-loud-gunshot-in-the-woods__neg5db__noisy.wav,data/processed/test/3752-4943-0024__563015__florianreichelt__a-loud-gunshot-in-the-woods__neg5db__clean.wav,563015__florianreichelt__a-loud-gunshot-in-the-woods,impulsive,-5,test
data/processed/test/6345-93302-0003__1-172649-E-40__neg5db__noisy.wav,data/processed/test/6345-93302-0003__1-172649-E-40__neg5db__clean.wav,1-172649-E-40,stationary,-5,test
data/processed/test/6313-76958-0026__5-197118-A-45__0db__noisy.wav,data/processed/test/6313-76958-0026__5-197118-A-45__0db__clean.wav,5-197118-A-45,stationary,0,test
data/processed/test/6241-61943-0022__4-175000-A-40__10db__noisy.wav,data/processed/test/6241-61943-0022__4-175000-A-40__10db__clean.wav,4-175000-A-40,stationary,10,test
data/processed/test/6313-66125-0019__2-135649-A-45__5db__noisy.wav,data/processed/test/6313-66125-0019__2-135649-A-45__5db__clean.wav,2-135649-A-45,stationary,5,test
data/processed/test/3752-4944-0044__3-68630-B-40__5db__noisy.wav,data/processed/test/3752-4944-0044__3-68630-B-40__5db__clean.wav,3-68630-B-40,stationary,5,test
data/processed/test/3752-4944-0038__2-188822-B-40__0db__noisy.wav,data/processed/test/3752-4944-0038__2-188822-B-40__0db__clean.wav,2-188822-B-40,stationary,0,test
data/processed/test/6313-66129-0028__2-37806-A-40__10db__noisy.wav,data/processed/test/6313-66129-0028__2-37806-A-40__10db__clean.wav,2-37806-A-40,stationary,10,test
data/processed/test/6345-64257-0015__3-68630-C-40__5db__noisy.wav,data/processed/test/6345-64257-0015__3-68630-C-40__5db__clean.wav,3-68630-C-40,stationary,5,test
data/processed/test/3752-4944-0037__2-50668-A-41__0db__noisy.wav,data/processed/test/3752-4944-0037__2-50668-A-41__0db__clean.wav,2-50668-A-41,stationary,0,test
data/processed/test/2412-153948-0010__854478__qubodup__120mm-mortar-shell-shot-2 (1)__neg5db__noisy.wav,data/processed/test/2412-153948-0010__854478__qubodup__120mm-mortar-shell-shot-2 (1)__neg5db__clean.wav,854478__qubodup__120mm-mortar-shell-shot-2 (1),impulsive,-5,test
data/processed/test/6241-61943-0005__5-240671-A-44__5db__noisy.wav,data/processed/test/6241-61943-0005__5-240671-A-44__5db__clean.wav,5-240671-A-44,stationary,5,test
data/processed/test/2412-153947-0003__563015__florianreichelt__a-loud-gunshot-in-the-woods__neg5db__noisy.wav,data/processed/test/2412-153947-0003__563015__florianreichelt__a-loud-gunshot-in-the-woods__neg5db__clean.wav,563015__florianreichelt__a-loud-gunshot-in-the-woods,impulsive,-5,test
data/processed/test/3752-4943-0025__3-68630-B-40__5db__noisy.wav,data/processed/test/3752-4943-0025__3-68630-B-40__5db__clean.wav,3-68630-B-40,stationary,5,test
data/processed/test/1919-142785-0055__5-240671-A-44__neg5db__noisy.wav,data/processed/test/1919-142785-0055__5-240671-A-44__neg5db__clean.wav,5-240671-A-44,stationary,-5,test
data/processed/test/3752-4943-0005__3-118658-A-41__5db__noisy.wav,data/processed/test/3752-4943-0005__3-118658-A-41__5db__clean.wav,3-118658-A-41,stationary,5,test
data/processed/test/2412-153948-0015__3-51731-B-42__0db__noisy.wav,data/processed/test/2412-153948-0015__3-51731-B-42__0db__clean.wav,3-51731-B-42,stationary,0,test
data/processed/test/6345-93306-0023__5-240671-A-44__0db__noisy.wav,data/processed/test/6345-93306-0023__5-240671-A-44__0db__clean.wav,5-240671-A-44,stationary,0,test
data/processed/test/3752-4944-0008__5-205898-A-40__10db__noisy.wav,data/processed/test/3752-4944-0008__5-205898-A-40__10db__clean.wav,5-205898-A-40,stationary,10,test
data/processed/test/6313-66129-0027__3-68630-C-40__5db__noisy.wav,data/processed/test/6313-66129-0027__3-68630-C-40__5db__clean.wav,3-68630-C-40,stationary,5,test
data/processed/test/6313-66129-0002__4-201988-A-44__5db__noisy.wav,data/processed/test/6313-66129-0002__4-201988-A-44__5db__clean.wav,4-201988-A-44,stationary,5,test
data/processed/test/2412-153948-0011__2-78781-A-47__10db__noisy.wav,data/processed/test/2412-153948-0011__2-78781-A-47__10db__clean.wav,2-78781-A-47,stationary,10,test
data/processed/test/2412-153947-0000__2-188822-B-40__0db__noisy.wav,data/processed/test/2412-153947-0000__2-188822-B-40__0db__clean.wav,2-188822-B-40,stationary,0,test
data/processed/test/3752-4944-0022__4-201988-A-44__neg5db__noisy.wav,data/processed/test/3752-4944-0022__4-201988-A-44__neg5db__clean.wav,4-201988-A-44,stationary,-5,test
data/processed/test/6345-93302-0027__5-209992-B-44__5db__noisy.wav,data/processed/test/6345-93302-0027__5-209992-B-44__5db__clean.wav,5-209992-B-44,stationary,5,test
data/processed/test/3752-4943-0011__0 (1)__0db__noisy.wav,data/processed/test/3752-4943-0011__0 (1)__0db__clean.wav,0 (1),impulsive,0,test
data/processed/test/6241-61943-0002__5-197118-A-45__10db__noisy.wav,data/processed/test/6241-61943-0002__5-197118-A-45__10db__clean.wav,5-197118-A-45,stationary,10,test
data/processed/test/2412-153948-0010__854478__qubodup__120mm-mortar-shell-shot-2__neg5db__noisy.wav,data/processed/test/2412-153948-0010__854478__qubodup__120mm-mortar-shell-shot-2__neg5db__clean.wav,854478__qubodup__120mm-mortar-shell-shot-2,impulsive,-5,test
data/processed/test/6313-66125-0020__5-170338-B-41__10db__noisy.wav,data/processed/test/6313-66125-0020__5-170338-B-41__10db__clean.wav,5-170338-B-41,stationary,10,test
data/processed/test/3752-4944-0033__3-51731-B-42__0db__noisy.wav,data/processed/test/3752-4944-0033__3-51731-B-42__0db__clean.wav,3-51731-B-42,stationary,0,test
data/processed/test/1919-142785-0031__5-197118-A-45__neg5db__noisy.wav,data/processed/test/1919-142785-0031__5-197118-A-45__neg5db__clean.wav,5-197118-A-45,stationary,-5,test
data/processed/test/6345-93302-0001__3-118658-A-41__0db__noisy.wav,data/processed/test/6345-93302-0001__3-118658-A-41__0db__clean.wav,3-118658-A-41,stationary,0,test
data/processed/test/6313-66125-0020__2-135649-A-45__0db__noisy.wav,data/processed/test/6313-66125-0020__2-135649-A-45__0db__clean.wav,2-135649-A-45,stationary,0,test
data/processed/test/6241-61943-0023__2-122067-B-45__neg5db__noisy.wav,data/processed/test/6241-61943-0023__2-122067-B-45__neg5db__clean.wav,2-122067-B-45,stationary,-5,test
data/processed/test/1919-142785-0027__563015__florianreichelt__a-loud-gunshot-in-the-woods__5db__noisy.wav,data/processed/test/1919-142785-0027__563015__florianreichelt__a-loud-gunshot-in-the-woods__5db__clean.wav,563015__florianreichelt__a-loud-gunshot-in-the-woods,impulsive,5,test
data/processed/test/6241-61943-0017__3-51909-B-42__5db__noisy.wav,data/processed/test/6241-61943-0017__3-51909-B-42__5db__clean.wav,3-51909-B-42,stationary,5,test
data/processed/test/3752-4944-0039__5-170338-B-41__neg5db__noisy.wav,data/processed/test/3752-4944-0039__5-170338-B-41__neg5db__clean.wav,5-170338-B-41,stationary,-5,test
data/processed/test/6241-61946-0015__2-122067-B-45__neg5db__noisy.wav,data/processed/test/6241-61946-0015__2-122067-B-45__neg5db__clean.wav,2-122067-B-45,stationary,-5,test
data/processed/test/6241-66616-0014__4-119647-B-48__5db__noisy.wav,data/processed/test/6241-66616-0014__4-119647-B-48__5db__clean.wav,4-119647-B-48,impulsive,5,test
data/processed/test/6313-66129-0004__5-251957-A-47__0db__noisy.wav,data/processed/test/6313-66129-0004__5-251957-A-47__0db__clean.wav,5-251957-A-47,stationary,0,test
data/processed/test/2412-153954-0021__563015__florianreichelt__a-loud-gunshot-in-the-woods__0db__noisy.wav,data/processed/test/2412-153954-0021__563015__florianreichelt__a-loud-gunshot-in-the-woods__0db__clean.wav,563015__florianreichelt__a-loud-gunshot-in-the-woods,impulsive,0,test
data/processed/test/6345-93306-0003__5-243783-A-44__0db__noisy.wav,data/processed/test/6345-93306-0003__5-243783-A-44__0db__clean.wav,5-243783-A-44,stationary,0,test
data/processed/test/6241-61943-0012__5-240671-A-44__0db__noisy.wav,data/processed/test/6241-61943-0012__5-240671-A-44__0db__clean.wav,5-240671-A-44,stationary,0,test
data/processed/test/2412-153954-0005__3-51376-A-42__neg5db__noisy.wav,data/processed/test/2412-153954-0005__3-51376-A-42__neg5db__clean.wav,3-51376-A-42,stationary,-5,test
data/processed/test/6313-76958-0005__2-78781-A-47__5db__noisy.wav,data/processed/test/6313-76958-0005__2-78781-A-47__5db__clean.wav,2-78781-A-47,stationary,5,test
data/processed/test/1919-142785-0053__5-243783-A-44__5db__noisy.wav,data/processed/test/1919-142785-0053__5-243783-A-44__5db__clean.wav,5-243783-A-44,stationary,5,test
data/processed/test/3752-4944-0049__2-70052-A-42__0db__noisy.wav,data/processed/test/3752-4944-0049__2-70052-A-42__0db__clean.wav,2-70052-A-42,stationary,0,test
data/processed/test/6241-61943-0018__5-170338-A-41__5db__noisy.wav,data/processed/test/6241-61943-0018__5-170338-A-41__5db__clean.wav,5-170338-A-41,stationary,5,test
data/processed/test/6345-64257-0006__1-25781-A-48__5db__noisy.wav,data/processed/test/6345-64257-0006__1-25781-A-48__5db__clean.wav,1-25781-A-48,impulsive,5,test
data/processed/test/2412-153948-0004__2-70052-A-42__0db__noisy.wav,data/processed/test/2412-153948-0004__2-70052-A-42__0db__clean.wav,2-70052-A-42,stationary,0,test
data/processed/test/3752-4944-0051__5-160614-C-48__neg5db__noisy.wav,data/processed/test/3752-4944-0051__5-160614-C-48__neg5db__clean.wav,5-160614-C-48,impulsive,-5,test
data/processed/test/2412-153954-0000__2-37806-A-40__5db__noisy.wav,data/processed/test/2412-153954-0000__2-37806-A-40__5db__clean.wav,2-37806-A-40,stationary,5,test
data/processed/test/1919-142785-0024__5-209992-B-44__0db__noisy.wav,data/processed/test/1919-142785-0024__5-209992-B-44__0db__clean.wav,5-209992-B-44,stationary,0,test
data/processed/test/6241-61946-0005__3-51376-A-42__5db__noisy.wav,data/processed/test/6241-61946-0005__3-51376-A-42__5db__clean.wav,3-51376-A-42,stationary,5,test
data/processed/test/6241-61943-0006__5-243783-A-44__neg5db__noisy.wav,data/processed/test/6241-61943-0006__5-243783-A-44__neg5db__clean.wav,5-243783-A-44,stationary,-5,test
data/processed/test/6345-64257-0004__563015__florianreichelt__a-loud-gunshot-in-the-woods__neg5db__noisy.wav,data/processed/test/6345-64257-0004__563015__florianreichelt__a-loud-gunshot-in-the-woods__neg5db__clean.wav,563015__florianreichelt__a-loud-gunshot-in-the-woods,impulsive,-5,test
data/processed/test/6313-66125-0027__3-138212-A-45__10db__noisy.wav,data/processed/test/6313-66125-0027__3-138212-A-45__10db__clean.wav,3-138212-A-45,stationary,10,test
data/processed/test/1919-142785-0049__5-170338-B-41__5db__noisy.wav,data/processed/test/1919-142785-0049__5-170338-B-41__5db__clean.wav,5-170338-B-41,stationary,5,test
data/processed/test/6345-64257-0000__3-157492-A-45__neg5db__noisy.wav,data/processed/test/6345-64257-0000__3-157492-A-45__neg5db__clean.wav,3-157492-A-45,stationary,-5,test
data/processed/test/1919-142785-0040__4-251959-A-47__10db__noisy.wav,data/processed/test/1919-142785-0040__4-251959-A-47__10db__clean.wav,4-251959-A-47,stationary,10,test
data/processed/test/6313-66125-0012__854478__qubodup__120mm-mortar-shell-shot-2 (1)__neg5db__noisy.wav,data/processed/test/6313-66125-0012__854478__qubodup__120mm-mortar-shell-shot-2 (1)__neg5db__clean.wav,854478__qubodup__120mm-mortar-shell-shot-2 (1),impulsive,-5,test
data/processed/test/6241-66616-0004__3-157492-A-45__5db__noisy.wav,data/processed/test/6241-66616-0004__3-157492-A-45__5db__clean.wav,3-157492-A-45,stationary,5,test
data/processed/test/1919-142785-0063__3-136451-A-45__0db__noisy.wav,data/processed/test/1919-142785-0063__3-136451-A-45__0db__clean.wav,3-136451-A-45,stationary,0,test
data/processed/test/6313-66129-0003__2-188822-B-40__neg5db__noisy.wav,data/processed/test/6313-66129-0003__2-188822-B-40__neg5db__clean.wav,2-188822-B-40,stationary,-5,test
data/processed/test/1919-142785-0032__2-50668-A-41__10db__noisy.wav,data/processed/test/1919-142785-0032__2-50668-A-41__10db__clean.wav,2-50668-A-41,stationary,10,test
data/processed/test/2412-153948-0013__4-251959-A-47__0db__noisy.wav,data/processed/test/2412-153948-0013__4-251959-A-47__0db__clean.wav,4-251959-A-47,stationary,0,test
data/processed/test/3752-4944-0043__2-70052-A-42__0db__noisy.wav,data/processed/test/3752-4944-0043__2-70052-A-42__0db__clean.wav,2-70052-A-42,stationary,0,test
data/processed/test/6241-61943-0009__5-251957-A-47__0db__noisy.wav,data/processed/test/6241-61943-0009__5-251957-A-47__0db__clean.wav,5-251957-A-47,stationary,0,test
data/processed/test/6345-93306-0006__2-106486-A-44__10db__noisy.wav,data/processed/test/6345-93306-0006__2-106486-A-44__10db__clean.wav,2-106486-A-44,stationary,10,test
data/processed/test/6345-93302-0022__563015__florianreichelt__a-loud-gunshot-in-the-woods__10db__noisy.wav,data/processed/test/6345-93302-0022__563015__florianreichelt__a-loud-gunshot-in-the-woods__10db__clean.wav,563015__florianreichelt__a-loud-gunshot-in-the-woods,impulsive,10,test
data/processed/test/1919-142785-0019__3-68630-C-40__10db__noisy.wav,data/processed/test/1919-142785-0019__3-68630-C-40__10db__clean.wav,3-68630-C-40,stationary,10,test
data/processed/test/6313-76958-0020__5-251962-A-47__5db__noisy.wav,data/processed/test/6313-76958-0020__5-251962-A-47__5db__clean.wav,5-251962-A-47,stationary,5,test
data/processed/test/1919-142785-0004__5-170338-B-41__neg5db__noisy.wav,data/processed/test/1919-142785-0004__5-170338-B-41__neg5db__clean.wav,5-170338-B-41,stationary,-5,test
data/processed/test/6313-66125-0003__3-51731-B-42__neg5db__noisy.wav,data/processed/test/6313-66125-0003__3-51731-B-42__neg5db__clean.wav,3-51731-B-42,stationary,-5,test
data/processed/test/6345-93306-0011__3-68630-B-40__10db__noisy.wav,data/processed/test/6345-93306-0011__3-68630-B-40__10db__clean.wav,3-68630-B-40,stationary,10,test
data/processed/test/1919-142785-0053__2-135649-A-45__neg5db__noisy.wav,data/processed/test/1919-142785-0053__2-135649-A-45__neg5db__clean.wav,2-135649-A-45,stationary,-5,test
data/processed/test/6345-93302-0017__5-251962-A-47__5db__noisy.wav,data/processed/test/6345-93302-0017__5-251962-A-47__5db__clean.wav,5-251962-A-47,stationary,5,test
data/processed/test/6345-93302-0017__2-188822-B-40__0db__noisy.wav,data/processed/test/6345-93302-0017__2-188822-B-40__0db__clean.wav,2-188822-B-40,stationary,0,test
data/processed/test/1919-142785-0058__2-106487-A-44__neg5db__noisy.wav,data/processed/test/1919-142785-0058__2-106487-A-44__neg5db__clean.wav,2-106487-A-44,stationary,-5,test
data/processed/test/6345-64257-0015__3-136451-A-45__0db__noisy.wav,data/processed/test/6345-64257-0015__3-136451-A-45__0db__clean.wav,3-136451-A-45,stationary,0,test
data/processed/test/6241-66616-0000__854478__qubodup__120mm-mortar-shell-shot-2 (1)__10db__noisy.wav,data/processed/test/6241-66616-0000__854478__qubodup__120mm-mortar-shell-shot-2 (1)__10db__clean.wav,854478__qubodup__120mm-mortar-shell-shot-2 (1),impulsive,10,test
data/processed/test/3752-4944-0009__2-106487-A-44__10db__noisy.wav,data/processed/test/3752-4944-0009__2-106487-A-44__10db__clean.wav,2-106487-A-44,stationary,10,test
data/processed/test/6241-61946-0019__3-154758-A-44__10db__noisy.wav,data/processed/test/6241-61946-0019__3-154758-A-44__10db__clean.wav,3-154758-A-44,stationary,10,test
data/processed/test/6313-66125-0008__2-50668-A-41__0db__noisy.wav,data/processed/test/6313-66125-0008__2-50668-A-41__0db__clean.wav,2-50668-A-41,stationary,0,test
data/processed/test/3752-4943-0030__3-138212-A-45__5db__noisy.wav,data/processed/test/3752-4943-0030__3-138212-A-45__5db__clean.wav,3-138212-A-45,stationary,5,test
data/processed/test/6313-66125-0025__2-122067-B-45__neg5db__noisy.wav,data/processed/test/6313-66125-0025__2-122067-B-45__neg5db__clean.wav,2-122067-B-45,stationary,-5,test
data/processed/test/6345-64257-0010__3-136451-A-45__10db__noisy.wav,data/processed/test/6345-64257-0010__3-136451-A-45__10db__clean.wav,3-136451-A-45,stationary,10,test
data/processed/test/6313-66125-0023__5-243783-A-44__5db__noisy.wav,data/processed/test/6313-66125-0023__5-243783-A-44__5db__clean.wav,5-243783-A-44,stationary,5,test
data/processed/test/6345-93302-0008__3-154758-A-44__0db__noisy.wav,data/processed/test/6345-93302-0008__3-154758-A-44__0db__clean.wav,3-154758-A-44,stationary,0,test
data/processed/test/2412-153947-0008__1-54084-A-42__5db__noisy.wav,data/processed/test/2412-153947-0008__1-54084-A-42__5db__clean.wav,1-54084-A-42,stationary,5,test
data/processed/test/2412-153947-0005__5-251957-A-47__neg5db__noisy.wav,data/processed/test/2412-153947-0005__5-251957-A-47__neg5db__clean.wav,5-251957-A-47,stationary,-5,test
data/processed/test/1919-142785-0033__3-157492-A-45__0db__noisy.wav,data/processed/test/1919-142785-0033__3-157492-A-45__0db__clean.wav,3-157492-A-45,stationary,0,test
data/processed/test/1919-142785-0000__4-201988-A-44__neg5db__noisy.wav,data/processed/test/1919-142785-0000__4-201988-A-44__neg5db__clean.wav,4-201988-A-44,stationary,-5,test
data/processed/test/6345-93306-0003__854478__qubodup__120mm-mortar-shell-shot-2 (1)__neg5db__noisy.wav,data/processed/test/6345-93306-0003__854478__qubodup__120mm-mortar-shell-shot-2 (1)__neg5db__clean.wav,854478__qubodup__120mm-mortar-shell-shot-2 (1),impulsive,-5,test
data/processed/test/3752-4944-0015__5-197118-A-45__10db__noisy.wav,data/processed/test/3752-4944-0015__5-197118-A-45__10db__clean.wav,5-197118-A-45,stationary,10,test
data/processed/test/3752-4943-0017__2-135649-A-45__10db__noisy.wav,data/processed/test/3752-4943-0017__2-135649-A-45__10db__clean.wav,2-135649-A-45,stationary,10,test
data/processed/test/6345-64257-0007__4-201988-A-44__10db__noisy.wav,data/processed/test/6345-64257-0007__4-201988-A-44__10db__clean.wav,4-201988-A-44,stationary,10,test
data/processed/test/6241-66616-0020__3-68630-C-40__neg5db__noisy.wav,data/processed/test/6241-66616-0020__3-68630-C-40__neg5db__clean.wav,3-68630-C-40,stationary,-5,test
data/processed/test/3752-4944-0031__5-170338-B-41__10db__noisy.wav,data/processed/test/3752-4944-0031__5-170338-B-41__10db__clean.wav,5-170338-B-41,stationary,10,test
data/processed/test/3752-4943-0029__2-72688-A-42__0db__noisy.wav,data/processed/test/3752-4943-0029__2-72688-A-42__0db__clean.wav,2-72688-A-42,stationary,0,test
data/processed/test/6345-64257-0004__3-51376-A-42__0db__noisy.wav,data/processed/test/6345-64257-0004__3-51376-A-42__0db__clean.wav,3-51376-A-42,stationary,0,test
data/processed/test/6241-66616-0007__4-201988-A-44__neg5db__noisy.wav,data/processed/test/6241-66616-0007__4-201988-A-44__neg5db__clean.wav,4-201988-A-44,stationary,-5,test
data/processed/test/6241-66616-0020__5-205898-A-40__neg5db__noisy.wav,data/processed/test/6241-66616-0020__5-205898-A-40__neg5db__clean.wav,5-205898-A-40,stationary,-5,test
data/processed/test/6241-61943-0004__3-51909-B-42__0db__noisy.wav,data/processed/test/6241-61943-0004__3-51909-B-42__0db__clean.wav,3-51909-B-42,stationary,0,test
data/processed/test/6345-93306-0023__1-54084-A-42__0db__noisy.wav,data/processed/test/6345-93306-0023__1-54084-A-42__0db__clean.wav,1-54084-A-42,stationary,0,test
data/processed/test/1919-142785-0060__4-201988-A-44__10db__noisy.wav,data/processed/test/1919-142785-0060__4-201988-A-44__10db__clean.wav,4-201988-A-44,stationary,10,test
data/processed/test/3752-4943-0006__5-160614-C-48__0db__noisy.wav,data/processed/test/3752-4943-0006__5-160614-C-48__0db__clean.wav,5-160614-C-48,impulsive,0,test
data/processed/test/2412-153954-0006__5-170338-A-41__neg5db__noisy.wav,data/processed/test/2412-153954-0006__5-170338-A-41__neg5db__clean.wav,5-170338-A-41,stationary,-5,test
data/processed/test/6241-61946-0004__3-51909-B-42__10db__noisy.wav,data/processed/test/6241-61946-0004__3-51909-B-42__10db__clean.wav,3-51909-B-42,stationary,10,test
data/processed/test/6345-64257-0006__3-138212-A-45__10db__noisy.wav,data/processed/test/6345-64257-0006__3-138212-A-45__10db__clean.wav,3-138212-A-45,stationary,10,test
data/processed/test/3752-4943-0026__3-157492-A-45__5db__noisy.wav,data/processed/test/3752-4943-0026__3-157492-A-45__5db__clean.wav,3-157492-A-45,stationary,5,test
data/processed/test/6313-76958-0025__4-119647-B-48__10db__noisy.wav,data/processed/test/6313-76958-0025__4-119647-B-48__10db__clean.wav,4-119647-B-48,impulsive,10,test
data/processed/test/3752-4944-0003__4-251959-A-47__neg5db__noisy.wav,data/processed/test/3752-4944-0003__4-251959-A-47__neg5db__clean.wav,4-251959-A-47,stationary,-5,test
data/processed/test/6241-61946-0015__2-122067-B-45__0db__noisy.wav,data/processed/test/6241-61946-0015__2-122067-B-45__0db__clean.wav,2-122067-B-45,stationary,0,test
data/processed/test/1919-142785-0044__2-72688-A-42__5db__noisy.wav,data/processed/test/1919-142785-0044__2-72688-A-42__5db__clean.wav,2-72688-A-42,stationary,5,test
data/processed/test/6241-61943-0001__3-154758-A-44__5db__noisy.wav,data/processed/test/6241-61943-0001__3-154758-A-44__5db__clean.wav,3-154758-A-44,stationary,5,test
data/processed/test/6241-61943-0021__2-107228-B-44__5db__noisy.wav,data/processed/test/6241-61943-0021__2-107228-B-44__5db__clean.wav,2-107228-B-44,stationary,5,test
data/processed/test/3752-4944-0011__1-54084-A-42__5db__noisy.wav,data/processed/test/3752-4944-0011__1-54084-A-42__5db__clean.wav,1-54084-A-42,stationary,5,test
data/processed/test/3752-4944-0013__5-251962-A-47__neg5db__noisy.wav,data/processed/test/3752-4944-0013__5-251962-A-47__neg5db__clean.wav,5-251962-A-47,stationary,-5,test
data/processed/test/2412-153948-0006__3-118658-A-41__0db__noisy.wav,data/processed/test/2412-153948-0006__3-118658-A-41__0db__clean.wav,3-118658-A-41,stationary,0,test
data/processed/test/6313-66125-0009__5-251962-A-47__5db__noisy.wav,data/processed/test/6313-66125-0009__5-251962-A-47__5db__clean.wav,5-251962-A-47,stationary,5,test
data/processed/test/2412-153954-0005__2-78781-A-47__neg5db__noisy.wav,data/processed/test/2412-153954-0005__2-78781-A-47__neg5db__clean.wav,2-78781-A-47,stationary,-5,test
data/processed/test/6241-66616-0013__3-154758-A-44__neg5db__noisy.wav,data/processed/test/6241-66616-0013__3-154758-A-44__neg5db__clean.wav,3-154758-A-44,stationary,-5,test
data/processed/test/1919-142785-0026__4-186938-A-44__0db__noisy.wav,data/processed/test/1919-142785-0026__4-186938-A-44__0db__clean.wav,4-186938-A-44,stationary,0,test
data/processed/test/6241-61943-0001__3-51909-B-42__0db__noisy.wav,data/processed/test/6241-61943-0001__3-51909-B-42__0db__clean.wav,3-51909-B-42,stationary,0,test
data/processed/test/6313-66129-0029__854478__qubodup__120mm-mortar-shell-shot-2 (1)__neg5db__noisy.wav,data/processed/test/6313-66129-0029__854478__qubodup__120mm-mortar-shell-shot-2 (1)__neg5db__clean.wav,854478__qubodup__120mm-mortar-shell-shot-2 (1),impulsive,-5,test
data/processed/test/6241-66616-0005__2-107228-B-44__5db__noisy.wav,data/processed/test/6241-66616-0005__2-107228-B-44__5db__clean.wav,2-107228-B-44,stationary,5,test
data/processed/test/6345-93302-0016__2-135649-A-45__0db__noisy.wav,data/processed/test/6345-93302-0016__2-135649-A-45__0db__clean.wav,2-135649-A-45,stationary,0,test
data/processed/test/6241-61943-0024__5-243783-A-44__neg5db__noisy.wav,data/processed/test/6241-61943-0024__5-243783-A-44__neg5db__clean.wav,5-243783-A-44,stationary,-5,test
data/processed/test/6241-61943-0003__3-68630-C-40__5db__noisy.wav,data/processed/test/6241-61943-0003__3-68630-C-40__5db__clean.wav,3-68630-C-40,stationary,5,test
data/processed/test/6241-66616-0002__3-68630-B-40__10db__noisy.wav,data/processed/test/6241-66616-0002__3-68630-B-40__10db__clean.wav,3-68630-B-40,stationary,10,test
data/processed/test/6313-76958-0006__5-197118-A-45__neg5db__noisy.wav,data/processed/test/6313-76958-0006__5-197118-A-45__neg5db__clean.wav,5-197118-A-45,stationary,-5,test
data/processed/test/3752-4944-0010__5-240671-A-44__5db__noisy.wav,data/processed/test/3752-4944-0010__5-240671-A-44__5db__clean.wav,5-240671-A-44,stationary,5,test
data/processed/test/6313-66125-0026__3-51376-A-42__5db__noisy.wav,data/processed/test/6313-66125-0026__3-51376-A-42__5db__clean.wav,3-51376-A-42,stationary,5,test
data/processed/test/3752-4943-0006__2-122067-B-45__5db__noisy.wav,data/processed/test/3752-4943-0006__2-122067-B-45__5db__clean.wav,2-122067-B-45,stationary,5,test
data/processed/test/1919-142785-0017__3-118658-A-41__5db__noisy.wav,data/processed/test/1919-142785-0017__3-118658-A-41__5db__clean.wav,3-118658-A-41,stationary,5,test
data/processed/test/2412-153947-0013__1-172649-E-40__10db__noisy.wav,data/processed/test/2412-153947-0013__1-172649-E-40__10db__clean.wav,1-172649-E-40,stationary,10,test
data/processed/test/1919-142785-0061__2-37806-A-40__5db__noisy.wav,data/processed/test/1919-142785-0061__2-37806-A-40__5db__clean.wav,2-37806-A-40,stationary,5,test
data/processed/test/2412-153948-0011__854478__qubodup__120mm-mortar-shell-shot-2__10db__noisy.wav,data/processed/test/2412-153948-0011__854478__qubodup__120mm-mortar-shell-shot-2__10db__clean.wav,854478__qubodup__120mm-mortar-shell-shot-2,impulsive,10,test
data/processed/test/1919-142785-0014__2-106486-A-44__5db__noisy.wav,data/processed/test/1919-142785-0014__2-106486-A-44__5db__clean.wav,2-106486-A-44,stationary,5,test
data/processed/test/6313-66125-0005__5-205898-A-40__neg5db__noisy.wav,data/processed/test/6313-66125-0005__5-205898-A-40__neg5db__clean.wav,5-205898-A-40,stationary,-5,test
data/processed/test/3752-4944-0058__3-51909-B-42__5db__noisy.wav,data/processed/test/3752-4944-0058__3-51909-B-42__5db__clean.wav,3-51909-B-42,stationary,5,test
data/processed/test/6313-76958-0019__5-170338-A-41__5db__noisy.wav,data/processed/test/6313-76958-0019__5-170338-A-41__5db__clean.wav,5-170338-A-41,stationary,5,test
data/processed/test/3752-4944-0019__3-157492-A-45__5db__noisy.wav,data/processed/test/3752-4944-0019__3-157492-A-45__5db__clean.wav,3-157492-A-45,stationary,5,test
data/processed/test/3752-4944-0032__5-205898-A-40__10db__noisy.wav,data/processed/test/3752-4944-0032__5-205898-A-40__10db__clean.wav,5-205898-A-40,stationary,10,test
data/processed/test/6313-66125-0020__2-107228-B-44__10db__noisy.wav,data/processed/test/6313-66125-0020__2-107228-B-44__10db__clean.wav,2-107228-B-44,stationary,10,test
data/processed/test/6241-61946-0015__3-51376-A-42__0db__noisy.wav,data/processed/test/6241-61946-0015__3-51376-A-42__0db__clean.wav,3-51376-A-42,stationary,0,test
data/processed/test/1919-142785-0003__5-170338-B-41__10db__noisy.wav,data/processed/test/1919-142785-0003__5-170338-B-41__10db__clean.wav,5-170338-B-41,stationary,10,test
data/processed/test/1919-142785-0009__5-240671-A-44__5db__noisy.wav,data/processed/test/1919-142785-0009__5-240671-A-44__5db__clean.wav,5-240671-A-44,stationary,5,test
data/processed/test/2412-153954-0007__3-68630-B-40__0db__noisy.wav,data/processed/test/2412-153954-0007__3-68630-B-40__0db__clean.wav,3-68630-B-40,stationary,0,test
data/processed/test/6241-66616-0020__1-25781-A-48__neg5db__noisy.wav,data/processed/test/6241-66616-0020__1-25781-A-48__neg5db__clean.wav,1-25781-A-48,impulsive,-5,test
data/processed/test/6241-61946-0011__5-251957-A-47__5db__noisy.wav,data/processed/test/6241-61946-0011__5-251957-A-47__5db__clean.wav,5-251957-A-47,stationary,5,test
data/processed/test/2412-153947-0006__854478__qubodup__120mm-mortar-shell-shot-2 (1)__0db__noisy.wav,data/processed/test/2412-153947-0006__854478__qubodup__120mm-mortar-shell-shot-2 (1)__0db__clean.wav,854478__qubodup__120mm-mortar-shell-shot-2 (1),impulsive,0,test
data/processed/test/1919-142785-0019__563015__florianreichelt__a-loud-gunshot-in-the-woods__0db__noisy.wav,data/processed/test/1919-142785-0019__563015__florianreichelt__a-loud-gunshot-in-the-woods__0db__clean.wav,563015__florianreichelt__a-loud-gunshot-in-the-woods,impulsive,0,test
data/processed/test/3752-4944-0062__854478__qubodup__120mm-mortar-shell-shot-2__neg5db__noisy.wav,data/processed/test/3752-4944-0062__854478__qubodup__120mm-mortar-shell-shot-2__neg5db__clean.wav,854478__qubodup__120mm-mortar-shell-shot-2,impulsive,-5,test
data/processed/test/6241-61946-0006__1-54084-A-42__0db__noisy.wav,data/processed/test/6241-61946-0006__1-54084-A-42__0db__clean.wav,1-54084-A-42,stationary,0,test
data/processed/test/3752-4943-0021__563015__florianreichelt__a-loud-gunshot-in-the-woods__neg5db__noisy.wav,data/processed/test/3752-4943-0021__563015__florianreichelt__a-loud-gunshot-in-the-woods__neg5db__clean.wav,563015__florianreichelt__a-loud-gunshot-in-the-woods,impulsive,-5,test
data/processed/test/1919-142785-0033__5-243783-A-44__5db__noisy.wav,data/processed/test/1919-142785-0033__5-243783-A-44__5db__clean.wav,5-243783-A-44,stationary,5,test
data/processed/test/3752-4944-0024__5-251957-A-47__5db__noisy.wav,data/processed/test/3752-4944-0024__5-251957-A-47__5db__clean.wav,5-251957-A-47,stationary,5,test
data/processed/test/6345-64257-0002__5-160614-C-48__neg5db__noisy.wav,data/processed/test/6345-64257-0002__5-160614-C-48__neg5db__clean.wav,5-160614-C-48,impulsive,-5,test
data/processed/test/2412-153948-0009__3-118658-A-41__neg5db__noisy.wav,data/processed/test/2412-153948-0009__3-118658-A-41__neg5db__clean.wav,3-118658-A-41,stationary,-5,test
data/processed/test/2412-153954-0018__5-251957-A-47__5db__noisy.wav,data/processed/test/2412-153954-0018__5-251957-A-47__5db__clean.wav,5-251957-A-47,stationary,5,test
data/processed/test/6313-66129-0011__5-170338-B-41__10db__noisy.wav,data/processed/test/6313-66129-0011__5-170338-B-41__10db__clean.wav,5-170338-B-41,stationary,10,test
data/processed/test/2412-153947-0016__2-72688-A-42__neg5db__noisy.wav,data/processed/test/2412-153947-0016__2-72688-A-42__neg5db__clean.wav,2-72688-A-42,stationary,-5,test
data/processed/test/3752-4944-0069__2-37806-A-40__neg5db__noisy.wav,data/processed/test/3752-4944-0069__2-37806-A-40__neg5db__clean.wav,2-37806-A-40,stationary,-5,test
data/processed/test/1919-142785-0009__2-107228-B-44__0db__noisy.wav,data/processed/test/1919-142785-0009__2-107228-B-44__0db__clean.wav,2-107228-B-44,stationary,0,test
data/processed/test/6313-66125-0006__3-51909-B-42__neg5db__noisy.wav,data/processed/test/6313-66125-0006__3-51909-B-42__neg5db__clean.wav,3-51909-B-42,stationary,-5,test
data/processed/test/6313-66129-0030__5-205898-A-40__5db__noisy.wav,data/processed/test/6313-66129-0030__5-205898-A-40__5db__clean.wav,5-205898-A-40,stationary,5,test
data/processed/test/6241-61943-0006__2-37806-A-40__neg5db__noisy.wav,data/processed/test/6241-61943-0006__2-37806-A-40__neg5db__clean.wav,2-37806-A-40,stationary,-5,test
data/processed/test/6313-76958-0024__854478__qubodup__120mm-mortar-shell-shot-2 (1)__5db__noisy.wav,data/processed/test/6313-76958-0024__854478__qubodup__120mm-mortar-shell-shot-2 (1)__5db__clean.wav,854478__qubodup__120mm-mortar-shell-shot-2 (1),impulsive,5,test
data/processed/test/6345-93306-0015__3-157492-A-45__10db__noisy.wav,data/processed/test/6345-93306-0015__3-157492-A-45__10db__clean.wav,3-157492-A-45,stationary,10,test
data/processed/test/6241-61943-0019__2-135649-A-45__10db__noisy.wav,data/processed/test/6241-61943-0019__2-135649-A-45__10db__clean.wav,2-135649-A-45,stationary,10,test
data/processed/test/6313-66125-0020__563015__florianreichelt__a-loud-gunshot-in-the-woods__10db__noisy.wav,data/processed/test/6313-66125-0020__563015__florianreichelt__a-loud-gunshot-in-the-woods__10db__clean.wav,563015__florianreichelt__a-loud-gunshot-in-the-woods,impulsive,10,test
data/processed/test/2412-153954-0000__854478__qubodup__120mm-mortar-shell-shot-2__10db__noisy.wav,data/processed/test/2412-153954-0000__854478__qubodup__120mm-mortar-shell-shot-2__10db__clean.wav,854478__qubodup__120mm-mortar-shell-shot-2,impulsive,10,test
data/processed/test/6313-76958-0000__3-68630-C-40__10db__noisy.wav,data/processed/test/6313-76958-0000__3-68630-C-40__10db__clean.wav,3-68630-C-40,stationary,10,test
data/processed/test/1919-142785-0006__563015__florianreichelt__a-loud-gunshot-in-the-woods__5db__noisy.wav,data/processed/test/1919-142785-0006__563015__florianreichelt__a-loud-gunshot-in-the-woods__5db__clean.wav,563015__florianreichelt__a-loud-gunshot-in-the-woods,impulsive,5,test
data/processed/test/3752-4944-0034__3-68630-C-40__neg5db__noisy.wav,data/processed/test/3752-4944-0034__3-68630-C-40__neg5db__clean.wav,3-68630-C-40,stationary,-5,test
data/processed/test/6313-66129-0033__2-122067-B-45__10db__noisy.wav,data/processed/test/6313-66129-0033__2-122067-B-45__10db__clean.wav,2-122067-B-45,stationary,10,test
data/processed/test/6313-76958-0002__2-106487-A-44__0db__noisy.wav,data/processed/test/6313-76958-0002__2-106487-A-44__0db__clean.wav,2-106487-A-44,stationary,0,test
data/processed/test/6241-66616-0012__3-68630-B-40__0db__noisy.wav,data/processed/test/6241-66616-0012__3-68630-B-40__0db__clean.wav,3-68630-B-40,stationary,0,test
data/processed/test/3752-4943-0002__2-50668-A-41__0db__noisy.wav,data/processed/test/3752-4943-0002__2-50668-A-41__0db__clean.wav,2-50668-A-41,stationary,0,test
data/processed/test/6241-66616-0019__3-136451-A-45__neg5db__noisy.wav,data/processed/test/6241-66616-0019__3-136451-A-45__neg5db__clean.wav,3-136451-A-45,stationary,-5,test
data/processed/test/3752-4944-0043__4-119647-B-48__neg5db__noisy.wav,data/processed/test/3752-4944-0043__4-119647-B-48__neg5db__clean.wav,4-119647-B-48,impulsive,-5,test
data/processed/test/1919-142785-0052__2-107228-B-44__neg5db__noisy.wav,data/processed/test/1919-142785-0052__2-107228-B-44__neg5db__clean.wav,2-107228-B-44,stationary,-5,test
data/processed/test/3752-4943-0023__5-197118-A-45__neg5db__noisy.wav,data/processed/test/3752-4943-0023__5-197118-A-45__neg5db__clean.wav,5-197118-A-45,stationary,-5,test
data/processed/test/6313-66129-0028__3-51731-B-42__0db__noisy.wav,data/processed/test/6313-66129-0028__3-51731-B-42__0db__clean.wav,3-51731-B-42,stationary,0,test
data/processed/test/2412-153947-0013__0 (1)__neg5db__noisy.wav,data/processed/test/2412-153947-0013__0 (1)__neg5db__clean.wav,0 (1),impulsive,-5,test
data/processed/test/1919-142785-0032__5-197118-A-45__neg5db__noisy.wav,data/processed/test/1919-142785-0032__5-197118-A-45__neg5db__clean.wav,5-197118-A-45,stationary,-5,test
data/processed/test/3752-4944-0018__5-240671-A-44__neg5db__noisy.wav,data/processed/test/3752-4944-0018__5-240671-A-44__neg5db__clean.wav,5-240671-A-44,stationary,-5,test
data/processed/test/6313-66125-0016__2-70052-A-42__neg5db__noisy.wav,data/processed/test/6313-66125-0016__2-70052-A-42__neg5db__clean.wav,2-70052-A-42,stationary,-5,test
data/processed/test/6313-76958-0002__1-172649-E-40__10db__noisy.wav,data/processed/test/6313-76958-0002__1-172649-E-40__10db__clean.wav,1-172649-E-40,stationary,10,test
data/processed/test/2412-153947-0009__5-205898-A-40__5db__noisy.wav,data/processed/test/2412-153947-0009__5-205898-A-40__5db__clean.wav,5-205898-A-40,stationary,5,test
data/processed/test/1919-142785-0028__3-138212-A-45__0db__noisy.wav,data/processed/test/1919-142785-0028__3-138212-A-45__0db__clean.wav,3-138212-A-45,stationary,0,test
data/processed/test/1919-142785-0060__5-243783-A-44__0db__noisy.wav,data/processed/test/1919-142785-0060__5-243783-A-44__0db__clean.wav,5-243783-A-44,stationary,0,test
data/processed/test/6345-64257-0009__2-122067-B-45__10db__noisy.wav,data/processed/test/6345-64257-0009__2-122067-B-45__10db__clean.wav,2-122067-B-45,stationary,10,test
data/processed/test/1919-142785-0030__3-51731-B-42__neg5db__noisy.wav,data/processed/test/1919-142785-0030__3-51731-B-42__neg5db__clean.wav,3-51731-B-42,stationary,-5,test
data/processed/test/6313-66125-0020__5-209992-B-44__5db__noisy.wav,data/processed/test/6313-66125-0020__5-209992-B-44__5db__clean.wav,5-209992-B-44,stationary,5,test
data/processed/test/6241-61943-0003__4-119647-B-48__5db__noisy.wav,data/processed/test/6241-61943-0003__4-119647-B-48__5db__clean.wav,4-119647-B-48,impulsive,5,test
data/processed/test/3752-4943-0016__3-51376-A-42__10db__noisy.wav,data/processed/test/3752-4943-0016__3-51376-A-42__10db__clean.wav,3-51376-A-42,stationary,10,test
data/processed/test/6313-76958-0027__563015__florianreichelt__a-loud-gunshot-in-the-woods__0db__noisy.wav,data/processed/test/6313-76958-0027__563015__florianreichelt__a-loud-gunshot-in-the-woods__0db__clean.wav,563015__florianreichelt__a-loud-gunshot-in-the-woods,impulsive,0,test
data/processed/test/3752-4943-0011__5-170338-B-41__neg5db__noisy.wav,data/processed/test/3752-4943-0011__5-170338-B-41__neg5db__clean.wav,5-170338-B-41,stationary,-5,test
data/processed/test/6313-66129-0010__2-37806-A-40__10db__noisy.wav,data/processed/test/6313-66129-0010__2-37806-A-40__10db__clean.wav,2-37806-A-40,stationary,10,test
data/processed/test/3752-4943-0011__2-188822-B-40__10db__noisy.wav,data/processed/test/3752-4943-0011__2-188822-B-40__10db__clean.wav,2-188822-B-40,stationary,10,test
data/processed/test/3752-4944-0058__5-170338-A-41__5db__noisy.wav,data/processed/test/3752-4944-0058__5-170338-A-41__5db__clean.wav,5-170338-A-41,stationary,5,test
data/processed/test/3752-4944-0032__5-209992-B-44__10db__noisy.wav,data/processed/test/3752-4944-0032__5-209992-B-44__10db__clean.wav,5-209992-B-44,stationary,10,test
data/processed/test/6345-93302-0028__1-25781-A-48__10db__noisy.wav,data/processed/test/6345-93302-0028__1-25781-A-48__10db__clean.wav,1-25781-A-48,impulsive,10,test
data/processed/test/6345-93302-0011__2-106487-A-44__5db__noisy.wav,data/processed/test/6345-93302-0011__2-106487-A-44__5db__clean.wav,2-106487-A-44,stationary,5,test
data/processed/test/1919-142785-0011__4-175000-A-40__neg5db__noisy.wav,data/processed/test/1919-142785-0011__4-175000-A-40__neg5db__clean.wav,4-175000-A-40,stationary,-5,test
data/processed/test/1919-142785-0046__2-122067-B-45__neg5db__noisy.wav,data/processed/test/1919-142785-0046__2-122067-B-45__neg5db__clean.wav,2-122067-B-45,stationary,-5,test
data/processed/test/2412-153954-0014__2-106487-A-44__0db__noisy.wav,data/processed/test/2412-153954-0014__2-106487-A-44__0db__clean.wav,2-106487-A-44,stationary,0,test
data/processed/test/6241-66616-0003__5-243783-A-44__0db__noisy.wav,data/processed/test/6241-66616-0003__5-243783-A-44__0db__clean.wav,5-243783-A-44,stationary,0,test
data/processed/test/3752-4944-0019__4-201988-A-44__neg5db__noisy.wav,data/processed/test/3752-4944-0019__4-201988-A-44__neg5db__clean.wav,4-201988-A-44,stationary,-5,test
data/processed/test/6313-66129-0030__3-68630-B-40__10db__noisy.wav,data/processed/test/6313-66129-0030__3-68630-B-40__10db__clean.wav,3-68630-B-40,stationary,10,test
data/processed/test/6313-66129-0026__2-188822-B-40__5db__noisy.wav,data/processed/test/6313-66129-0026__2-188822-B-40__5db__clean.wav,2-188822-B-40,stationary,5,test
data/processed/test/1919-142785-0032__5-251962-A-47__5db__noisy.wav,data/processed/test/1919-142785-0032__5-251962-A-47__5db__clean.wav,5-251962-A-47,stationary,5,test
data/processed/test/1919-142785-0000__2-78781-A-47__5db__noisy.wav,data/processed/test/1919-142785-0000__2-78781-A-47__5db__clean.wav,2-78781-A-47,stationary,5,test
data/processed/test/3752-4944-0051__4-175000-A-40__10db__noisy.wav,data/processed/test/3752-4944-0051__4-175000-A-40__10db__clean.wav,4-175000-A-40,stationary,10,test
data/processed/test/6313-76958-0019__2-107228-B-44__0db__noisy.wav,data/processed/test/6313-76958-0019__2-107228-B-44__0db__clean.wav,2-107228-B-44,stationary,0,test
data/processed/test/6345-93306-0007__3-51376-A-42__neg5db__noisy.wav,data/processed/test/6345-93306-0007__3-51376-A-42__neg5db__clean.wav,3-51376-A-42,stationary,-5,test
data/processed/test/3752-4943-0014__2-50668-A-41__10db__noisy.wav,data/processed/test/3752-4943-0014__2-50668-A-41__10db__clean.wav,2-50668-A-41,stationary,10,test
data/processed/test/3752-4944-0038__2-106486-A-44__5db__noisy.wav,data/processed/test/3752-4944-0038__2-106486-A-44__5db__clean.wav,2-106486-A-44,stationary,5,test
data/processed/test/2412-153954-0013__3-118658-A-41__neg5db__noisy.wav,data/processed/test/2412-153954-0013__3-118658-A-41__neg5db__clean.wav,3-118658-A-41,stationary,-5,test
data/processed/test/6313-66129-0010__3-51909-B-42__0db__noisy.wav,data/processed/test/6313-66129-0010__3-51909-B-42__0db__clean.wav,3-51909-B-42,stationary,0,test
data/processed/test/6241-66616-0020__2-135649-A-45__neg5db__noisy.wav,data/processed/test/6241-66616-0020__2-135649-A-45__neg5db__clean.wav,2-135649-A-45,stationary,-5,test
data/processed/test/1919-142785-0030__5-170338-B-41__neg5db__noisy.wav,data/processed/test/1919-142785-0030__5-170338-B-41__neg5db__clean.wav,5-170338-B-41,stationary,-5,test
data/processed/test/6345-93306-0022__3-138212-A-45__neg5db__noisy.wav,data/processed/test/6345-93306-0022__3-138212-A-45__neg5db__clean.wav,3-138212-A-45,stationary,-5,test
data/processed/test/1919-142785-0024__0 (1)__0db__noisy.wav,data/processed/test/1919-142785-0024__0 (1)__0db__clean.wav,0 (1),impulsive,0,test
data/processed/test/1919-142785-0053__5-170338-A-41__10db__noisy.wav,data/processed/test/1919-142785-0053__5-170338-A-41__10db__clean.wav,5-170338-A-41,stationary,10,test
data/processed/test/6345-64257-0001__2-72688-A-42__neg5db__noisy.wav,data/processed/test/6345-64257-0001__2-72688-A-42__neg5db__clean.wav,2-72688-A-42,stationary,-5,test
data/processed/test/1919-142785-0000__5-170338-B-41__0db__noisy.wav,data/processed/test/1919-142785-0000__5-170338-B-41__0db__clean.wav,5-170338-B-41,stationary,0,test
data/processed/test/2412-153954-0009__2-50668-A-41__5db__noisy.wav,data/processed/test/2412-153954-0009__2-50668-A-41__5db__clean.wav,2-50668-A-41,stationary,5,test
data/processed/test/6345-93302-0021__4-119647-B-48__10db__noisy.wav,data/processed/test/6345-93302-0021__4-119647-B-48__10db__clean.wav,4-119647-B-48,impulsive,10,test
data/processed/test/1919-142785-0046__5-197118-A-45__0db__noisy.wav,data/processed/test/1919-142785-0046__5-197118-A-45__0db__clean.wav,5-197118-A-45,stationary,0,test
data/processed/test/6345-93302-0006__3-51376-A-42__0db__noisy.wav,data/processed/test/6345-93302-0006__3-51376-A-42__0db__clean.wav,3-51376-A-42,stationary,0,test
data/processed/test/3752-4944-0047__2-37806-A-40__0db__noisy.wav,data/processed/test/3752-4944-0047__2-37806-A-40__0db__clean.wav,2-37806-A-40,stationary,0,test
data/processed/test/3752-4943-0012__0 (1)__0db__noisy.wav,data/processed/test/3752-4943-0012__0 (1)__0db__clean.wav,0 (1),impulsive,0,test
data/processed/test/6345-93302-0016__5-160614-C-48__0db__noisy.wav,data/processed/test/6345-93302-0016__5-160614-C-48__0db__clean.wav,5-160614-C-48,impulsive,0,test
data/processed/test/6345-93302-0012__2-135649-A-45__5db__noisy.wav,data/processed/test/6345-93302-0012__2-135649-A-45__5db__clean.wav,2-135649-A-45,stationary,5,test
data/processed/test/1919-142785-0024__1-54084-A-42__5db__noisy.wav,data/processed/test/1919-142785-0024__1-54084-A-42__5db__clean.wav,1-54084-A-42,stationary,5,test
data/processed/test/2412-153947-0009__2-106486-A-44__0db__noisy.wav,data/processed/test/2412-153947-0009__2-106486-A-44__0db__clean.wav,2-106486-A-44,stationary,0,test
data/processed/test/3752-4944-0015__3-154758-A-44__10db__noisy.wav,data/processed/test/3752-4944-0015__3-154758-A-44__10db__clean.wav,3-154758-A-44,stationary,10,test
data/processed/test/2412-153954-0020__5-251957-A-47__5db__noisy.wav,data/processed/test/2412-153954-0020__5-251957-A-47__5db__clean.wav,5-251957-A-47,stationary,5,test
data/processed/test/6241-61943-0024__4-201988-A-44__neg5db__noisy.wav,data/processed/test/6241-61943-0024__4-201988-A-44__neg5db__clean.wav,4-201988-A-44,stationary,-5,test
data/processed/test/1919-142785-0058__3-157492-A-45__5db__noisy.wav,data/processed/test/1919-142785-0058__3-157492-A-45__5db__clean.wav,3-157492-A-45,stationary,5,test
data/processed/test/6241-61946-0018__3-118658-A-41__neg5db__noisy.wav,data/processed/test/6241-61946-0018__3-118658-A-41__neg5db__clean.wav,3-118658-A-41,stationary,-5,test
data/processed/test/6313-66129-0032__2-135649-A-45__0db__noisy.wav,data/processed/test/6313-66129-0032__2-135649-A-45__0db__clean.wav,2-135649-A-45,stationary,0,test
data/processed/test/6313-66129-0023__5-170338-B-41__10db__noisy.wav,data/processed/test/6313-66129-0023__5-170338-B-41__10db__clean.wav,5-170338-B-41,stationary,10,test
data/processed/test/6345-93306-0017__3-157492-A-45__neg5db__noisy.wav,data/processed/test/6345-93306-0017__3-157492-A-45__neg5db__clean.wav,3-157492-A-45,stationary,-5,test
data/processed/test/3752-4944-0045__2-50668-A-41__neg5db__noisy.wav,data/processed/test/3752-4944-0045__2-50668-A-41__neg5db__clean.wav,2-50668-A-41,stationary,-5,test
data/processed/test/3752-4943-0028__3-68630-C-40__5db__noisy.wav,data/processed/test/3752-4943-0028__3-68630-C-40__5db__clean.wav,3-68630-C-40,stationary,5,test
data/processed/test/6241-61946-0011__854478__qubodup__120mm-mortar-shell-shot-2 (1)__neg5db__noisy.wav,data/processed/test/6241-61946-0011__854478__qubodup__120mm-mortar-shell-shot-2 (1)__neg5db__clean.wav,854478__qubodup__120mm-mortar-shell-shot-2 (1),impulsive,-5,test
data/processed/test/6313-66125-0020__2-78781-A-47__10db__noisy.wav,data/processed/test/6313-66125-0020__2-78781-A-47__10db__clean.wav,2-78781-A-47,stationary,10,test
data/processed/test/6313-66125-0013__2-122067-B-45__0db__noisy.wav,data/processed/test/6313-66125-0013__2-122067-B-45__0db__clean.wav,2-122067-B-45,stationary,0,test
data/processed/test/6313-66129-0025__2-188822-B-40__neg5db__noisy.wav,data/processed/test/6313-66129-0025__2-188822-B-40__neg5db__clean.wav,2-188822-B-40,stationary,-5,test
data/processed/test/1919-142785-0004__5-251957-A-47__0db__noisy.wav,data/processed/test/1919-142785-0004__5-251957-A-47__0db__clean.wav,5-251957-A-47,stationary,0,test
data/processed/test/3752-4944-0039__1-25781-A-48__neg5db__noisy.wav,data/processed/test/3752-4944-0039__1-25781-A-48__neg5db__clean.wav,1-25781-A-48,impulsive,-5,test
data/processed/test/1919-142785-0036__4-201988-A-44__neg5db__noisy.wav,data/processed/test/1919-142785-0036__4-201988-A-44__neg5db__clean.wav,4-201988-A-44,stationary,-5,test
data/processed/test/6345-64257-0000__3-68630-B-40__10db__noisy.wav,data/processed/test/6345-64257-0000__3-68630-B-40__10db__clean.wav,3-68630-B-40,stationary,10,test
data/processed/test/1919-142785-0034__4-201988-A-44__10db__noisy.wav,data/processed/test/1919-142785-0034__4-201988-A-44__10db__clean.wav,4-201988-A-44,stationary,10,test
data/processed/test/3752-4943-0007__5-170338-B-41__0db__noisy.wav,data/processed/test/3752-4943-0007__5-170338-B-41__0db__clean.wav,5-170338-B-41,stationary,0,test
data/processed/test/1919-142785-0040__3-51909-B-42__neg5db__noisy.wav,data/processed/test/1919-142785-0040__3-51909-B-42__neg5db__clean.wav,3-51909-B-42,stationary,-5,test
data/processed/test/6345-93306-0013__4-201988-A-44__0db__noisy.wav,data/processed/test/6345-93306-0013__4-201988-A-44__0db__clean.wav,4-201988-A-44,stationary,0,test
data/processed/test/3752-4944-0013__5-170338-B-41__neg5db__noisy.wav,data/processed/test/3752-4944-0013__5-170338-B-41__neg5db__clean.wav,5-170338-B-41,stationary,-5,test
data/processed/test/6241-61946-0000__5-205898-A-40__0db__noisy.wav,data/processed/test/6241-61946-0000__5-205898-A-40__0db__clean.wav,5-205898-A-40,stationary,0,test
data/processed/test/3752-4944-0065__3-118658-A-41__10db__noisy.wav,data/processed/test/3752-4944-0065__3-118658-A-41__10db__clean.wav,3-118658-A-41,stationary,10,test
data/processed/test/3752-4944-0032__1-172649-E-40__neg5db__noisy.wav,data/processed/test/3752-4944-0032__1-172649-E-40__neg5db__clean.wav,1-172649-E-40,stationary,-5,test
data/processed/test/6345-93302-0006__2-106487-A-44__neg5db__noisy.wav,data/processed/test/6345-93302-0006__2-106487-A-44__neg5db__clean.wav,2-106487-A-44,stationary,-5,test
data/processed/test/2412-153948-0007__3-118658-A-41__5db__noisy.wav,data/processed/test/2412-153948-0007__3-118658-A-41__5db__clean.wav,3-118658-A-41,stationary,5,test
data/processed/test/3752-4943-0002__3-118658-A-41__neg5db__noisy.wav,data/processed/test/3752-4943-0002__3-118658-A-41__neg5db__clean.wav,3-118658-A-41,stationary,-5,test
data/processed/test/6345-93306-0019__5-251957-A-47__neg5db__noisy.wav,data/processed/test/6345-93306-0019__5-251957-A-47__neg5db__clean.wav,5-251957-A-47,stationary,-5,test
data/processed/test/3752-4943-0022__854478__qubodup__120mm-mortar-shell-shot-2__neg5db__noisy.wav,data/processed/test/3752-4943-0022__854478__qubodup__120mm-mortar-shell-shot-2__neg5db__clean.wav,854478__qubodup__120mm-mortar-shell-shot-2,impulsive,-5,test
data/processed/test/1919-142785-0020__2-106487-A-44__0db__noisy.wav,data/processed/test/1919-142785-0020__2-106487-A-44__0db__clean.wav,2-106487-A-44,stationary,0,test
data/processed/test/6241-61946-0022__854478__qubodup__120mm-mortar-shell-shot-2__10db__noisy.wav,data/processed/test/6241-61946-0022__854478__qubodup__120mm-mortar-shell-shot-2__10db__clean.wav,854478__qubodup__120mm-mortar-shell-shot-2,impulsive,10,test
data/processed/test/6241-66616-0004__4-119647-B-48__5db__noisy.wav,data/processed/test/6241-66616-0004__4-119647-B-48__5db__clean.wav,4-119647-B-48,impulsive,5,test
data/processed/test/6241-66616-0008__4-186938-A-44__neg5db__noisy.wav,data/processed/test/6241-66616-0008__4-186938-A-44__neg5db__clean.wav,4-186938-A-44,stationary,-5,test
data/processed/test/3752-4944-0020__2-188822-B-40__0db__noisy.wav,data/processed/test/3752-4944-0020__2-188822-B-40__0db__clean.wav,2-188822-B-40,stationary,0,test
data/processed/test/2412-153947-0005__3-51376-A-42__0db__noisy.wav,data/processed/test/2412-153947-0005__3-51376-A-42__0db__clean.wav,3-51376-A-42,stationary,0,test
data/processed/test/2412-153947-0007__2-106486-A-44__10db__noisy.wav,data/processed/test/2412-153947-0007__2-106486-A-44__10db__clean.wav,2-106486-A-44,stationary,10,test
data/processed/test/6241-61946-0019__3-154758-A-44__5db__noisy.wav,data/processed/test/6241-61946-0019__3-154758-A-44__5db__clean.wav,3-154758-A-44,stationary,5,test
data/processed/test/1919-142785-0013__2-78781-A-47__neg5db__noisy.wav,data/processed/test/1919-142785-0013__2-78781-A-47__neg5db__clean.wav,2-78781-A-47,stationary,-5,test
data/processed/test/6241-66616-0015__2-50668-A-41__neg5db__noisy.wav,data/processed/test/6241-66616-0015__2-50668-A-41__neg5db__clean.wav,2-50668-A-41,stationary,-5,test
data/processed/test/1919-142785-0036__4-186938-A-44__neg5db__noisy.wav,data/processed/test/1919-142785-0036__4-186938-A-44__neg5db__clean.wav,4-186938-A-44,stationary,-5,test
data/processed/test/2412-153954-0009__4-201988-A-44__0db__noisy.wav,data/processed/test/2412-153954-0009__4-201988-A-44__0db__clean.wav,4-201988-A-44,stationary,0,test
data/processed/test/3752-4944-0011__1-25781-A-48__0db__noisy.wav,data/processed/test/3752-4944-0011__1-25781-A-48__0db__clean.wav,1-25781-A-48,impulsive,0,test
data/processed/test/3752-4944-0029__3-118658-A-41__neg5db__noisy.wav,data/processed/test/3752-4944-0029__3-118658-A-41__neg5db__clean.wav,3-118658-A-41,stationary,-5,test
data/processed/test/3752-4944-0027__563015__florianreichelt__a-loud-gunshot-in-the-woods__0db__noisy.wav,data/processed/test/3752-4944-0027__563015__florianreichelt__a-loud-gunshot-in-the-woods__0db__clean.wav,563015__florianreichelt__a-loud-gunshot-in-the-woods,impulsive,0,test
data/processed/test/1919-142785-0029__5-209992-B-44__5db__noisy.wav,data/processed/test/1919-142785-0029__5-209992-B-44__5db__clean.wav,5-209992-B-44,stationary,5,test
data/processed/test/3752-4944-0008__3-51376-A-42__10db__noisy.wav,data/processed/test/3752-4944-0008__3-51376-A-42__10db__clean.wav,3-51376-A-42,stationary,10,test
data/processed/test/2412-153954-0010__5-251962-A-47__5db__noisy.wav,data/processed/test/2412-153954-0010__5-251962-A-47__5db__clean.wav,5-251962-A-47,stationary,5,test
data/processed/test/1919-142785-0055__5-251957-A-47__0db__noisy.wav,data/processed/test/1919-142785-0055__5-251957-A-47__0db__clean.wav,5-251957-A-47,stationary,0,test
data/processed/test/2412-153954-0010__2-107228-B-44__0db__noisy.wav,data/processed/test/2412-153954-0010__2-107228-B-44__0db__clean.wav,2-107228-B-44,stationary,0,test
data/processed/test/6313-66125-0019__2-70052-A-42__0db__noisy.wav,data/processed/test/6313-66125-0019__2-70052-A-42__0db__clean.wav,2-70052-A-42,stationary,0,test
data/processed/test/6241-61943-0002__2-107228-B-44__neg5db__noisy.wav,data/processed/test/6241-61943-0002__2-107228-B-44__neg5db__clean.wav,2-107228-B-44,stationary,-5,test
data/processed/test/3752-4943-0029__5-209992-B-44__neg5db__noisy.wav,data/processed/test/3752-4943-0029__5-209992-B-44__neg5db__clean.wav,5-209992-B-44,stationary,-5,test
data/processed/test/6345-64257-0009__5-251962-A-47__10db__noisy.wav,data/processed/test/6345-64257-0009__5-251962-A-47__10db__clean.wav,5-251962-A-47,stationary,10,test
data/processed/test/6345-64257-0005__1-25781-A-48__0db__noisy.wav,data/processed/test/6345-64257-0005__1-25781-A-48__0db__clean.wav,1-25781-A-48,impulsive,0,test
data/processed/test/6313-66129-0017__854478__qubodup__120mm-mortar-shell-shot-2__0db__noisy.wav,data/processed/test/6313-66129-0017__854478__qubodup__120mm-mortar-shell-shot-2__0db__clean.wav,854478__qubodup__120mm-mortar-shell-shot-2,impulsive,0,test
data/processed/test/2412-153954-0010__1-172649-E-40__0db__noisy.wav,data/processed/test/2412-153954-0010__1-172649-E-40__0db__clean.wav,1-172649-E-40,stationary,0,test
data/processed/test/2412-153954-0021__5-240671-A-44__10db__noisy.wav,data/processed/test/2412-153954-0021__5-240671-A-44__10db__clean.wav,5-240671-A-44,stationary,10,test
data/processed/test/2412-153948-0005__2-106486-A-44__10db__noisy.wav,data/processed/test/2412-153948-0005__2-106486-A-44__10db__clean.wav,2-106486-A-44,stationary,10,test
data/processed/test/3752-4943-0010__5-209992-B-44__5db__noisy.wav,data/processed/test/3752-4943-0010__5-209992-B-44__5db__clean.wav,5-209992-B-44,stationary,5,test
data/processed/test/6241-66616-0018__2-107228-B-44__0db__noisy.wav,data/processed/test/6241-66616-0018__2-107228-B-44__0db__clean.wav,2-107228-B-44,stationary,0,test
data/processed/test/6241-61946-0023__3-118658-A-41__neg5db__noisy.wav,data/processed/test/6241-61946-0023__3-118658-A-41__neg5db__clean.wav,3-118658-A-41,stationary,-5,test
data/processed/test/6345-93302-0025__1-54084-A-42__neg5db__noisy.wav,data/processed/test/6345-93302-0025__1-54084-A-42__neg5db__clean.wav,1-54084-A-42,stationary,-5,test
data/processed/test/2412-153954-0000__3-68630-C-40__0db__noisy.wav,data/processed/test/2412-153954-0000__3-68630-C-40__0db__clean.wav,3-68630-C-40,stationary,0,test
data/processed/test/6313-66129-0033__4-251959-A-47__neg5db__noisy.wav,data/processed/test/6313-66129-0033__4-251959-A-47__neg5db__clean.wav,4-251959-A-47,stationary,-5,test
data/processed/test/2412-153954-0001__4-201988-A-44__0db__noisy.wav,data/processed/test/2412-153954-0001__4-201988-A-44__0db__clean.wav,4-201988-A-44,stationary,0,test
data/processed/test/1919-142785-0056__2-135649-A-45__0db__noisy.wav,data/processed/test/1919-142785-0056__2-135649-A-45__0db__clean.wav,2-135649-A-45,stationary,0,test
data/processed/test/6313-66129-0027__3-138212-A-45__0db__noisy.wav,data/processed/test/6313-66129-0027__3-138212-A-45__0db__clean.wav,3-138212-A-45,stationary,0,test
data/processed/test/2412-153954-0014__2-188822-B-40__5db__noisy.wav,data/processed/test/2412-153954-0014__2-188822-B-40__5db__clean.wav,2-188822-B-40,stationary,5,test
data/processed/test/6345-64257-0006__1-172649-E-40__10db__noisy.wav,data/processed/test/6345-64257-0006__1-172649-E-40__10db__clean.wav,1-172649-E-40,stationary,10,test
data/processed/test/3752-4944-0026__2-107228-B-44__neg5db__noisy.wav,data/processed/test/3752-4944-0026__2-107228-B-44__neg5db__clean.wav,2-107228-B-44,stationary,-5,test
data/processed/test/2412-153948-0000__4-119647-B-48__10db__noisy.wav,data/processed/test/2412-153948-0000__4-119647-B-48__10db__clean.wav,4-119647-B-48,impulsive,10,test
data/processed/test/6313-66125-0013__2-78781-A-47__0db__noisy.wav,data/processed/test/6313-66125-0013__2-78781-A-47__0db__clean.wav,2-78781-A-47,stationary,0,test
data/processed/test/2412-153948-0004__4-251959-A-47__10db__noisy.wav,data/processed/test/2412-153948-0004__4-251959-A-47__10db__clean.wav,4-251959-A-47,stationary,10,test
data/processed/test/6241-61946-0012__2-106486-A-44__10db__noisy.wav,data/processed/test/6241-61946-0012__2-106486-A-44__10db__clean.wav,2-106486-A-44,stationary,10,test
data/processed/test/3752-4943-0021__5-160614-C-48__0db__noisy.wav,data/processed/test/3752-4943-0021__5-160614-C-48__0db__clean.wav,5-160614-C-48,impulsive,0,test
data/processed/test/1919-142785-0018__3-51376-A-42__10db__noisy.wav,data/processed/test/1919-142785-0018__3-51376-A-42__10db__clean.wav,3-51376-A-42,stationary,10,test
data/processed/test/6313-66125-0021__1-172649-E-40__0db__noisy.wav,data/processed/test/6313-66125-0021__1-172649-E-40__0db__clean.wav,1-172649-E-40,stationary,0,test
data/processed/test/2412-153948-0015__2-70052-A-42__10db__noisy.wav,data/processed/test/2412-153948-0015__2-70052-A-42__10db__clean.wav,2-70052-A-42,stationary,10,test
data/processed/test/6345-93306-0021__2-106486-A-44__5db__noisy.wav,data/processed/test/6345-93306-0021__2-106486-A-44__5db__clean.wav,2-106486-A-44,stationary,5,test
data/processed/test/2412-153954-0020__2-37806-A-40__neg5db__noisy.wav,data/processed/test/2412-153954-0020__2-37806-A-40__neg5db__clean.wav,2-37806-A-40,stationary,-5,test
data/processed/test/6345-64257-0012__3-51909-B-42__10db__noisy.wav,data/processed/test/6345-64257-0012__3-51909-B-42__10db__clean.wav,3-51909-B-42,stationary,10,test
data/processed/test/6241-66616-0005__3-51731-B-42__5db__noisy.wav,data/processed/test/6241-66616-0005__3-51731-B-42__5db__clean.wav,3-51731-B-42,stationary,5,test
data/processed/test/6241-66616-0010__2-106486-A-44__10db__noisy.wav,data/processed/test/6241-66616-0010__2-106486-A-44__10db__clean.wav,2-106486-A-44,stationary,10,test
data/processed/test/1919-142785-0013__4-201988-A-44__5db__noisy.wav,data/processed/test/1919-142785-0013__4-201988-A-44__5db__clean.wav,4-201988-A-44,stationary,5,test
data/processed/test/6241-66616-0016__2-106486-A-44__0db__noisy.wav,data/processed/test/6241-66616-0016__2-106486-A-44__0db__clean.wav,2-106486-A-44,stationary,0,test
data/processed/test/6313-66125-0025__3-154758-A-44__neg5db__noisy.wav,data/processed/test/6313-66125-0025__3-154758-A-44__neg5db__clean.wav,3-154758-A-44,stationary,-5,test
data/processed/test/3752-4943-0026__563015__florianreichelt__a-loud-gunshot-in-the-woods__10db__noisy.wav,data/processed/test/3752-4943-0026__563015__florianreichelt__a-loud-gunshot-in-the-woods__10db__clean.wav,563015__florianreichelt__a-loud-gunshot-in-the-woods,impulsive,10,test
data/processed/test/2412-153947-0010__4-201988-A-44__10db__noisy.wav,data/processed/test/2412-153947-0010__4-201988-A-44__10db__clean.wav,4-201988-A-44,stationary,10,test
data/processed/test/6313-66129-0027__5-197118-A-45__neg5db__noisy.wav,data/processed/test/6313-66129-0027__5-197118-A-45__neg5db__clean.wav,5-197118-A-45,stationary,-5,test
data/processed/test/3752-4944-0057__2-107228-B-44__neg5db__noisy.wav,data/processed/test/3752-4944-0057__2-107228-B-44__neg5db__clean.wav,2-107228-B-44,stationary,-5,test
data/processed/test/6313-66129-0012__5-160614-C-48__5db__noisy.wav,data/processed/test/6313-66129-0012__5-160614-C-48__5db__clean.wav,5-160614-C-48,impulsive,5,test
data/processed/test/6313-66129-0002__2-50668-A-41__5db__noisy.wav,data/processed/test/6313-66129-0002__2-50668-A-41__5db__clean.wav,2-50668-A-41,stationary,5,test
data/processed/test/6345-93306-0021__5-205898-A-40__neg5db__noisy.wav,data/processed/test/6345-93306-0021__5-205898-A-40__neg5db__clean.wav,5-205898-A-40,stationary,-5,test
data/processed/test/6241-66616-0025__2-106487-A-44__0db__noisy.wav,data/processed/test/6241-66616-0025__2-106487-A-44__0db__clean.wav,2-106487-A-44,stationary,0,test
data/processed/test/6241-66616-0009__3-138212-A-45__0db__noisy.wav,data/processed/test/6241-66616-0009__3-138212-A-45__0db__clean.wav,3-138212-A-45,stationary,0,test
data/processed/test/2412-153954-0018__2-37806-A-40__neg5db__noisy.wav,data/processed/test/2412-153954-0018__2-37806-A-40__neg5db__clean.wav,2-37806-A-40,stationary,-5,test
data/processed/test/1919-142785-0047__5-170338-B-41__neg5db__noisy.wav,data/processed/test/1919-142785-0047__5-170338-B-41__neg5db__clean.wav,5-170338-B-41,stationary,-5,test
data/processed/test/6313-76958-0005__5-170338-A-41__5db__noisy.wav,data/processed/test/6313-76958-0005__5-170338-A-41__5db__clean.wav,5-170338-A-41,stationary,5,test
data/processed/test/6345-93306-0004__0 (1)__5db__noisy.wav,data/processed/test/6345-93306-0004__0 (1)__5db__clean.wav,0 (1),impulsive,5,test
data/processed/test/6345-64257-0003__1-25781-A-48__0db__noisy.wav,data/processed/test/6345-64257-0003__1-25781-A-48__0db__clean.wav,1-25781-A-48,impulsive,0,test
data/processed/test/6345-93306-0015__3-51376-A-42__10db__noisy.wav,data/processed/test/6345-93306-0015__3-51376-A-42__10db__clean.wav,3-51376-A-42,stationary,10,test
data/processed/test/3752-4944-0022__5-170338-B-41__0db__noisy.wav,data/processed/test/3752-4944-0022__5-170338-B-41__0db__clean.wav,5-170338-B-41,stationary,0,test
data/processed/test/6241-61943-0025__3-118658-A-41__0db__noisy.wav,data/processed/test/6241-61943-0025__3-118658-A-41__0db__clean.wav,3-118658-A-41,stationary,0,test
data/processed/test/1919-142785-0027__854478__qubodup__120mm-mortar-shell-shot-2 (1)__0db__noisy.wav,data/processed/test/1919-142785-0027__854478__qubodup__120mm-mortar-shell-shot-2 (1)__0db__clean.wav,854478__qubodup__120mm-mortar-shell-shot-2 (1),impulsive,0,test
data/processed/test/2412-153954-0017__3-68630-B-40__10db__noisy.wav,data/processed/test/2412-153954-0017__3-68630-B-40__10db__clean.wav,3-68630-B-40,stationary,10,test
data/processed/test/6345-64257-0005__5-251957-A-47__5db__noisy.wav,data/processed/test/6345-64257-0005__5-251957-A-47__5db__clean.wav,5-251957-A-47,stationary,5,test
data/processed/test/1919-142785-0031__5-251957-A-47__10db__noisy.wav,data/processed/test/1919-142785-0031__5-251957-A-47__10db__clean.wav,5-251957-A-47,stationary,10,test
data/processed/test/6313-76958-0021__2-107228-B-44__0db__noisy.wav,data/processed/test/6313-76958-0021__2-107228-B-44__0db__clean.wav,2-107228-B-44,stationary,0,test
data/processed/test/2412-153954-0007__2-72688-A-42__5db__noisy.wav,data/processed/test/2412-153954-0007__2-72688-A-42__5db__clean.wav,2-72688-A-42,stationary,5,test
data/processed/test/3752-4944-0011__4-251959-A-47__0db__noisy.wav,data/processed/test/3752-4944-0011__4-251959-A-47__0db__clean.wav,4-251959-A-47,stationary,0,test
data/processed/test/6313-66129-0033__2-135649-A-45__0db__noisy.wav,data/processed/test/6313-66129-0033__2-135649-A-45__0db__clean.wav,2-135649-A-45,stationary,0,test
data/processed/test/6345-93306-0012__5-170338-A-41__5db__noisy.wav,data/processed/test/6345-93306-0012__5-170338-A-41__5db__clean.wav,5-170338-A-41,stationary,5,test
data/processed/test/6345-93306-0012__5-251962-A-47__0db__noisy.wav,data/processed/test/6345-93306-0012__5-251962-A-47__0db__clean.wav,5-251962-A-47,stationary,0,test
data/processed/test/6345-93302-0020__3-138212-A-45__10db__noisy.wav,data/processed/test/6345-93302-0020__3-138212-A-45__10db__clean.wav,3-138212-A-45,stationary,10,test
data/processed/test/3752-4944-0056__3-51731-B-42__0db__noisy.wav,data/processed/test/3752-4944-0056__3-51731-B-42__0db__clean.wav,3-51731-B-42,stationary,0,test
data/processed/test/6313-76958-0008__5-251962-A-47__5db__noisy.wav,data/processed/test/6313-76958-0008__5-251962-A-47__5db__clean.wav,5-251962-A-47,stationary,5,test
data/processed/test/6345-93306-0005__5-251962-A-47__neg5db__noisy.wav,data/processed/test/6345-93306-0005__5-251962-A-47__neg5db__clean.wav,5-251962-A-47,stationary,-5,test
data/processed/test/3752-4943-0023__1-172649-E-40__0db__noisy.wav,data/processed/test/3752-4943-0023__1-172649-E-40__0db__clean.wav,1-172649-E-40,stationary,0,test
data/processed/test/6313-76958-0008__3-68630-B-40__neg5db__noisy.wav,data/processed/test/6313-76958-0008__3-68630-B-40__neg5db__clean.wav,3-68630-B-40,stationary,-5,test
data/processed/test/6241-66616-0012__2-78781-A-47__neg5db__noisy.wav,data/processed/test/6241-66616-0012__2-78781-A-47__neg5db__clean.wav,2-78781-A-47,stationary,-5,test
data/processed/test/6345-64257-0010__4-201988-A-44__10db__noisy.wav,data/processed/test/6345-64257-0010__4-201988-A-44__10db__clean.wav,4-201988-A-44,stationary,10,test
data/processed/test/6313-76958-0015__5-251962-A-47__10db__noisy.wav,data/processed/test/6313-76958-0015__5-251962-A-47__10db__clean.wav,5-251962-A-47,stationary,10,test
data/processed/test/3752-4944-0023__2-70052-A-42__10db__noisy.wav,data/processed/test/3752-4944-0023__2-70052-A-42__10db__clean.wav,2-70052-A-42,stationary,10,test
data/processed/test/6241-61943-0004__854478__qubodup__120mm-mortar-shell-shot-2 (1)__10db__noisy.wav,data/processed/test/6241-61943-0004__854478__qubodup__120mm-mortar-shell-shot-2 (1)__10db__clean.wav,854478__qubodup__120mm-mortar-shell-shot-2 (1),impulsive,10,test
data/processed/test/2412-153947-0006__1-54084-A-42__5db__noisy.wav,data/processed/test/2412-153947-0006__1-54084-A-42__5db__clean.wav,1-54084-A-42,stationary,5,test
data/processed/test/6345-64257-0015__5-170338-A-41__5db__noisy.wav,data/processed/test/6345-64257-0015__5-170338-A-41__5db__clean.wav,5-170338-A-41,stationary,5,test
data/processed/test/6241-66616-0009__5-160614-C-48__0db__noisy.wav,data/processed/test/6241-66616-0009__5-160614-C-48__0db__clean.wav,5-160614-C-48,impulsive,0,test
data/processed/test/6313-66129-0011__2-188822-B-40__0db__noisy.wav,data/processed/test/6313-66129-0011__2-188822-B-40__0db__clean.wav,2-188822-B-40,stationary,0,test
data/processed/test/6241-61943-0027__1-54084-A-42__0db__noisy.wav,data/processed/test/6241-61943-0027__1-54084-A-42__0db__clean.wav,1-54084-A-42,stationary,0,test
data/processed/test/3752-4944-0063__4-175000-A-40__10db__noisy.wav,data/processed/test/3752-4944-0063__4-175000-A-40__10db__clean.wav,4-175000-A-40,stationary,10,test
data/processed/test/6345-64257-0015__5-240671-A-44__0db__noisy.wav,data/processed/test/6345-64257-0015__5-240671-A-44__0db__clean.wav,5-240671-A-44,stationary,0,test
data/processed/test/2412-153954-0011__3-51731-B-42__neg5db__noisy.wav,data/processed/test/2412-153954-0011__3-51731-B-42__neg5db__clean.wav,3-51731-B-42,stationary,-5,test
data/processed/test/6241-61946-0010__3-157492-A-45__neg5db__noisy.wav,data/processed/test/6241-61946-0010__3-157492-A-45__neg5db__clean.wav,3-157492-A-45,stationary,-5,test
data/processed/test/3752-4944-0057__2-106486-A-44__5db__noisy.wav,data/processed/test/3752-4944-0057__2-106486-A-44__5db__clean.wav,2-106486-A-44,stationary,5,test
data/processed/test/3752-4944-0037__2-106487-A-44__5db__noisy.wav,data/processed/test/3752-4944-0037__2-106487-A-44__5db__clean.wav,2-106487-A-44,stationary,5,test
data/processed/test/2412-153954-0009__2-37806-A-40__neg5db__noisy.wav,data/processed/test/2412-153954-0009__2-37806-A-40__neg5db__clean.wav,2-37806-A-40,stationary,-5,test
data/processed/test/6345-64257-0006__2-135649-A-45__5db__noisy.wav,data/processed/test/6345-64257-0006__2-135649-A-45__5db__clean.wav,2-135649-A-45,stationary,5,test
data/processed/test/3752-4944-0019__5-197118-A-45__0db__noisy.wav,data/processed/test/3752-4944-0019__5-197118-A-45__0db__clean.wav,5-197118-A-45,stationary,0,test
data/processed/test/6345-93306-0016__854478__qubodup__120mm-mortar-shell-shot-2 (1)__5db__noisy.wav,data/processed/test/6345-93306-0016__854478__qubodup__120mm-mortar-shell-shot-2 (1)__5db__clean.wav,854478__qubodup__120mm-mortar-shell-shot-2 (1),impulsive,5,test
data/processed/test/1919-142785-0000__3-68630-C-40__10db__noisy.wav,data/processed/test/1919-142785-0000__3-68630-C-40__10db__clean.wav,3-68630-C-40,stationary,10,test
data/processed/test/1919-142785-0000__854478__qubodup__120mm-mortar-shell-shot-2__neg5db__noisy.wav,data/processed/test/1919-142785-0000__854478__qubodup__120mm-mortar-shell-shot-2__neg5db__clean.wav,854478__qubodup__120mm-mortar-shell-shot-2,impulsive,-5,test
data/processed/test/3752-4944-0059__4-251959-A-47__neg5db__noisy.wav,data/processed/test/3752-4944-0059__4-251959-A-47__neg5db__clean.wav,4-251959-A-47,stationary,-5,test
data/processed/test/3752-4944-0029__5-240671-A-44__0db__noisy.wav,data/processed/test/3752-4944-0029__5-240671-A-44__0db__clean.wav,5-240671-A-44,stationary,0,test
data/processed/test/6313-66125-0024__1-54084-A-42__neg5db__noisy.wav,data/processed/test/6313-66125-0024__1-54084-A-42__neg5db__clean.wav,1-54084-A-42,stationary,-5,test
data/processed/test/1919-142785-0016__2-106487-A-44__10db__noisy.wav,data/processed/test/1919-142785-0016__2-106487-A-44__10db__clean.wav,2-106487-A-44,stationary,10,test
data/processed/test/1919-142785-0044__1-54084-A-42__10db__noisy.wav,data/processed/test/1919-142785-0044__1-54084-A-42__10db__clean.wav,1-54084-A-42,stationary,10,test
data/processed/test/3752-4944-0009__4-175000-A-40__0db__noisy.wav,data/processed/test/3752-4944-0009__4-175000-A-40__0db__clean.wav,4-175000-A-40,stationary,0,test
data/processed/test/6313-66125-0017__2-50668-A-41__10db__noisy.wav,data/processed/test/6313-66125-0017__2-50668-A-41__10db__clean.wav,2-50668-A-41,stationary,10,test
data/processed/test/1919-142785-0021__4-175000-A-40__10db__noisy.wav,data/processed/test/1919-142785-0021__4-175000-A-40__10db__clean.wav,4-175000-A-40,stationary,10,test
data/processed/test/1919-142785-0054__4-119647-B-48__neg5db__noisy.wav,data/processed/test/1919-142785-0054__4-119647-B-48__neg5db__clean.wav,4-119647-B-48,impulsive,-5,test
data/processed/test/6313-66125-0004__3-51731-B-42__0db__noisy.wav,data/processed/test/6313-66125-0004__3-51731-B-42__0db__clean.wav,3-51731-B-42,stationary,0,test
data/processed/test/1919-142785-0044__4-119647-B-48__neg5db__noisy.wav,data/processed/test/1919-142785-0044__4-119647-B-48__neg5db__clean.wav,4-119647-B-48,impulsive,-5,test
data/processed/test/3752-4944-0066__3-157492-A-45__0db__noisy.wav,data/processed/test/3752-4944-0066__3-157492-A-45__0db__clean.wav,3-157492-A-45,stationary,0,test
data/processed/test/6345-93302-0022__0 (1)__0db__noisy.wav,data/processed/test/6345-93302-0022__0 (1)__0db__clean.wav,0 (1),impulsive,0,test
data/processed/test/2412-153947-0012__5-240671-A-44__5db__noisy.wav,data/processed/test/2412-153947-0012__5-240671-A-44__5db__clean.wav,5-240671-A-44,stationary,5,test
data/processed/test/6345-93302-0019__2-50668-A-41__neg5db__noisy.wav,data/processed/test/6345-93302-0019__2-50668-A-41__neg5db__clean.wav,2-50668-A-41,stationary,-5,test
data/processed/test/6241-61943-0015__3-136451-A-45__10db__noisy.wav,data/processed/test/6241-61943-0015__3-136451-A-45__10db__clean.wav,3-136451-A-45,stationary,10,test
data/processed/test/1919-142785-0057__4-251959-A-47__10db__noisy.wav,data/processed/test/1919-142785-0057__4-251959-A-47__10db__clean.wav,4-251959-A-47,stationary,10,test
data/processed/test/1919-142785-0045__2-106487-A-44__10db__noisy.wav,data/processed/test/1919-142785-0045__2-106487-A-44__10db__clean.wav,2-106487-A-44,stationary,10,test
data/processed/test/3752-4944-0067__3-68630-B-40__0db__noisy.wav,data/processed/test/3752-4944-0067__3-68630-B-40__0db__clean.wav,3-68630-B-40,stationary,0,test
data/processed/test/6313-66129-0029__3-157492-A-45__neg5db__noisy.wav,data/processed/test/6313-66129-0029__3-157492-A-45__neg5db__clean.wav,3-157492-A-45,stationary,-5,test
data/processed/test/6345-93306-0006__4-201988-A-44__5db__noisy.wav,data/processed/test/6345-93306-0006__4-201988-A-44__5db__clean.wav,4-201988-A-44,stationary,5,test
data/processed/test/6241-61943-0005__3-51909-B-42__neg5db__noisy.wav,data/processed/test/6241-61943-0005__3-51909-B-42__neg5db__clean.wav,3-51909-B-42,stationary,-5,test
data/processed/test/6241-61946-0009__2-50668-A-41__neg5db__noisy.wav,data/processed/test/6241-61946-0009__2-50668-A-41__neg5db__clean.wav,2-50668-A-41,stationary,-5,test
data/processed/test/3752-4944-0028__4-186938-A-44__5db__noisy.wav,data/processed/test/3752-4944-0028__4-186938-A-44__5db__clean.wav,4-186938-A-44,stationary,5,test
data/processed/test/2412-153954-0021__3-136451-A-45__0db__noisy.wav,data/processed/test/2412-153954-0021__3-136451-A-45__0db__clean.wav,3-136451-A-45,stationary,0,test
data/processed/test/1919-142785-0019__2-106487-A-44__5db__noisy.wav,data/processed/test/1919-142785-0019__2-106487-A-44__5db__clean.wav,2-106487-A-44,stationary,5,test
data/processed/test/3752-4943-0026__3-138212-A-45__5db__noisy.wav,data/processed/test/3752-4943-0026__3-138212-A-45__5db__clean.wav,3-138212-A-45,stationary,5,test
data/processed/test/2412-153954-0003__4-251959-A-47__neg5db__noisy.wav,data/processed/test/2412-153954-0003__4-251959-A-47__neg5db__clean.wav,4-251959-A-47,stationary,-5,test
data/processed/test/2412-153954-0014__3-51909-B-42__10db__noisy.wav,data/processed/test/2412-153954-0014__3-51909-B-42__10db__clean.wav,3-51909-B-42,stationary,10,test
data/processed/test/2412-153948-0004__1-172649-E-40__10db__noisy.wav,data/processed/test/2412-153948-0004__1-172649-E-40__10db__clean.wav,1-172649-E-40,stationary,10,test
data/processed/test/1919-142785-0035__5-240671-A-44__neg5db__noisy.wav,data/processed/test/1919-142785-0035__5-240671-A-44__neg5db__clean.wav,5-240671-A-44,stationary,-5,test
data/processed/test/6241-61946-0006__5-251957-A-47__neg5db__noisy.wav,data/processed/test/6241-61946-0006__5-251957-A-47__neg5db__clean.wav,5-251957-A-47,stationary,-5,test
data/processed/test/2412-153954-0016__563015__florianreichelt__a-loud-gunshot-in-the-woods__neg5db__noisy.wav,data/processed/test/2412-153954-0016__563015__florianreichelt__a-loud-gunshot-in-the-woods__neg5db__clean.wav,563015__florianreichelt__a-loud-gunshot-in-the-woods,impulsive,-5,test
data/processed/test/2412-153948-0008__2-72688-A-42__0db__noisy.wav,data/processed/test/2412-153948-0008__2-72688-A-42__0db__clean.wav,2-72688-A-42,stationary,0,test
data/processed/test/1919-142785-0006__1-25781-A-48__neg5db__noisy.wav,data/processed/test/1919-142785-0006__1-25781-A-48__neg5db__clean.wav,1-25781-A-48,impulsive,-5,test
data/processed/test/3752-4944-0054__5-197118-A-45__5db__noisy.wav,data/processed/test/3752-4944-0054__5-197118-A-45__5db__clean.wav,5-197118-A-45,stationary,5,test
data/processed/test/2412-153954-0023__3-51376-A-42__neg5db__noisy.wav,data/processed/test/2412-153954-0023__3-51376-A-42__neg5db__clean.wav,3-51376-A-42,stationary,-5,test
data/processed/test/2412-153954-0016__3-51731-B-42__5db__noisy.wav,data/processed/test/2412-153954-0016__3-51731-B-42__5db__clean.wav,3-51731-B-42,stationary,5,test
data/processed/test/3752-4944-0051__3-68630-B-40__neg5db__noisy.wav,data/processed/test/3752-4944-0051__3-68630-B-40__neg5db__clean.wav,3-68630-B-40,stationary,-5,test
data/processed/test/1919-142785-0035__1-172649-E-40__neg5db__noisy.wav,data/processed/test/1919-142785-0035__1-172649-E-40__neg5db__clean.wav,1-172649-E-40,stationary,-5,test
data/processed/test/6313-66125-0000__2-107228-B-44__0db__noisy.wav,data/processed/test/6313-66125-0000__2-107228-B-44__0db__clean.wav,2-107228-B-44,stationary,0,test
data/processed/test/3752-4943-0004__1-172649-E-40__10db__noisy.wav,data/processed/test/3752-4943-0004__1-172649-E-40__10db__clean.wav,1-172649-E-40,stationary,10,test
data/processed/test/3752-4944-0041__5-209992-B-44__5db__noisy.wav,data/processed/test/3752-4944-0041__5-209992-B-44__5db__clean.wav,5-209992-B-44,stationary,5,test
data/processed/test/1919-142785-0056__3-154758-A-44__0db__noisy.wav,data/processed/test/1919-142785-0056__3-154758-A-44__0db__clean.wav,3-154758-A-44,stationary,0,test
data/processed/test/6313-76958-0012__2-37806-A-40__5db__noisy.wav,data/processed/test/6313-76958-0012__2-37806-A-40__5db__clean.wav,2-37806-A-40,stationary,5,test
data/processed/test/1919-142785-0042__4-251959-A-47__neg5db__noisy.wav,data/processed/test/1919-142785-0042__4-251959-A-47__neg5db__clean.wav,4-251959-A-47,stationary,-5,test
data/processed/test/6241-61943-0012__3-138212-A-45__5db__noisy.wav,data/processed/test/6241-61943-0012__3-138212-A-45__5db__clean.wav,3-138212-A-45,stationary,5,test
data/processed/test/2412-153954-0021__2-37806-A-40__10db__noisy.wav,data/processed/test/2412-153954-0021__2-37806-A-40__10db__clean.wav,2-37806-A-40,stationary,10,test
data/processed/test/6241-61946-0018__854478__qubodup__120mm-mortar-shell-shot-2 (1)__10db__noisy.wav,data/processed/test/6241-61946-0018__854478__qubodup__120mm-mortar-shell-shot-2 (1)__10db__clean.wav,854478__qubodup__120mm-mortar-shell-shot-2 (1),impulsive,10,test
data/processed/test/6241-61946-0020__3-51376-A-42__neg5db__noisy.wav,data/processed/test/6241-61946-0020__3-51376-A-42__neg5db__clean.wav,3-51376-A-42,stationary,-5,test
data/processed/test/6313-76958-0009__5-251957-A-47__10db__noisy.wav,data/processed/test/6313-76958-0009__5-251957-A-47__10db__clean.wav,5-251957-A-47,stationary,10,test
data/processed/test/6345-93306-0023__4-251959-A-47__5db__noisy.wav,data/processed/test/6345-93306-0023__4-251959-A-47__5db__clean.wav,4-251959-A-47,stationary,5,test
data/processed/test/6345-93302-0022__3-138212-A-45__neg5db__noisy.wav,data/processed/test/6345-93302-0022__3-138212-A-45__neg5db__clean.wav,3-138212-A-45,stationary,-5,test
data/processed/test/6313-76958-0024__5-251957-A-47__10db__noisy.wav,data/processed/test/6313-76958-0024__5-251957-A-47__10db__clean.wav,5-251957-A-47,stationary,10,test
data/processed/test/6345-93302-0026__3-51731-B-42__neg5db__noisy.wav,data/processed/test/6345-93302-0026__3-51731-B-42__neg5db__clean.wav,3-51731-B-42,stationary,-5,test
data/processed/test/2412-153948-0013__3-154758-A-44__neg5db__noisy.wav,data/processed/test/2412-153948-0013__3-154758-A-44__neg5db__clean.wav,3-154758-A-44,stationary,-5,test
data/processed/test/6241-66616-0006__4-186938-A-44__neg5db__noisy.wav,data/processed/test/6241-66616-0006__4-186938-A-44__neg5db__clean.wav,4-186938-A-44,stationary,-5,test
data/processed/test/6241-61946-0018__4-175000-A-40__0db__noisy.wav,data/processed/test/6241-61946-0018__4-175000-A-40__0db__clean.wav,4-175000-A-40,stationary,0,test
data/processed/test/3752-4944-0020__3-157492-A-45__neg5db__noisy.wav,data/processed/test/3752-4944-0020__3-157492-A-45__neg5db__clean.wav,3-157492-A-45,stationary,-5,test
data/processed/test/3752-4943-0008__2-106486-A-44__10db__noisy.wav,data/processed/test/3752-4943-0008__2-106486-A-44__10db__clean.wav,2-106486-A-44,stationary,10,test
data/processed/test/3752-4944-0000__3-51731-B-42__0db__noisy.wav,data/processed/test/3752-4944-0000__3-51731-B-42__0db__clean.wav,3-51731-B-42,stationary,0,test
data/processed/test/6313-76958-0024__5-251962-A-47__10db__noisy.wav,data/processed/test/6313-76958-0024__5-251962-A-47__10db__clean.wav,5-251962-A-47,stationary,10,test
data/processed/test/3752-4944-0037__4-201988-A-44__0db__noisy.wav,data/processed/test/3752-4944-0037__4-201988-A-44__0db__clean.wav,4-201988-A-44,stationary,0,test
data/processed/test/6345-93302-0017__5-197118-A-45__5db__noisy.wav,data/processed/test/6345-93302-0017__5-197118-A-45__5db__clean.wav,5-197118-A-45,stationary,5,test
data/processed/test/6241-61946-0023__2-72688-A-42__0db__noisy.wav,data/processed/test/6241-61946-0023__2-72688-A-42__0db__clean.wav,2-72688-A-42,stationary,0,test
data/processed/test/2412-153954-0003__4-119647-B-48__10db__noisy.wav,data/processed/test/2412-153954-0003__4-119647-B-48__10db__clean.wav,4-119647-B-48,impulsive,10,test
data/processed/test/2412-153947-0002__2-106487-A-44__5db__noisy.wav,data/processed/test/2412-153947-0002__2-106487-A-44__5db__clean.wav,2-106487-A-44,stationary,5,test
data/processed/test/6241-61946-0006__5-170338-A-41__10db__noisy.wav,data/processed/test/6241-61946-0006__5-170338-A-41__10db__clean.wav,5-170338-A-41,stationary,10,test
data/processed/test/6241-66616-0024__2-72688-A-42__10db__noisy.wav,data/processed/test/6241-66616-0024__2-72688-A-42__10db__clean.wav,2-72688-A-42,stationary,10,test
data/processed/test/2412-153954-0015__5-170338-B-41__neg5db__noisy.wav,data/processed/test/2412-153954-0015__5-170338-B-41__neg5db__clean.wav,5-170338-B-41,stationary,-5,test
data/processed/test/6345-93302-0008__5-205898-A-40__0db__noisy.wav,data/processed/test/6345-93302-0008__5-205898-A-40__0db__clean.wav,5-205898-A-40,stationary,0,test
data/processed/test/6313-66129-0008__5-160614-C-48__5db__noisy.wav,data/processed/test/6313-66129-0008__5-160614-C-48__5db__clean.wav,5-160614-C-48,impulsive,5,test
data/processed/test/6241-61943-0014__2-188822-B-40__neg5db__noisy.wav,data/processed/test/6241-61943-0014__2-188822-B-40__neg5db__clean.wav,2-188822-B-40,stationary,-5,test
data/processed/test/2412-153954-0015__4-119647-B-48__neg5db__noisy.wav,data/processed/test/2412-153954-0015__4-119647-B-48__neg5db__clean.wav,4-119647-B-48,impulsive,-5,test
data/processed/test/1919-142785-0044__5-170338-A-41__10db__noisy.wav,data/processed/test/1919-142785-0044__5-170338-A-41__10db__clean.wav,5-170338-A-41,stationary,10,test
data/processed/test/6345-93306-0022__1-54084-A-42__5db__noisy.wav,data/processed/test/6345-93306-0022__1-54084-A-42__5db__clean.wav,1-54084-A-42,stationary,5,test
data/processed/test/2412-153954-0020__1-54084-A-42__0db__noisy.wav,data/processed/test/2412-153954-0020__1-54084-A-42__0db__clean.wav,1-54084-A-42,stationary,0,test
data/processed/test/6241-66616-0004__5-251957-A-47__5db__noisy.wav,data/processed/test/6241-66616-0004__5-251957-A-47__5db__clean.wav,5-251957-A-47,stationary,5,test
data/processed/test/6241-61943-0027__4-251959-A-47__0db__noisy.wav,data/processed/test/6241-61943-0027__4-251959-A-47__0db__clean.wav,4-251959-A-47,stationary,0,test
data/processed/test/6313-66129-0004__2-70052-A-42__5db__noisy.wav,data/processed/test/6313-66129-0004__2-70052-A-42__5db__clean.wav,2-70052-A-42,stationary,5,test
data/processed/test/6241-61943-0024__5-170338-B-41__5db__noisy.wav,data/processed/test/6241-61943-0024__5-170338-B-41__5db__clean.wav,5-170338-B-41,stationary,5,test
data/processed/test/6313-76958-0017__5-197118-A-45__0db__noisy.wav,data/processed/test/6313-76958-0017__5-197118-A-45__0db__clean.wav,5-197118-A-45,stationary,0,test
data/processed/test/1919-142785-0047__2-37806-A-40__neg5db__noisy.wav,data/processed/test/1919-142785-0047__2-37806-A-40__neg5db__clean.wav,2-37806-A-40,stationary,-5,test
data/processed/test/2412-153954-0002__3-136451-A-45__10db__noisy.wav,data/processed/test/2412-153954-0002__3-136451-A-45__10db__clean.wav,3-136451-A-45,stationary,10,test
data/processed/test/3752-4943-0009__3-51376-A-42__neg5db__noisy.wav,data/processed/test/3752-4943-0009__3-51376-A-42__neg5db__clean.wav,3-51376-A-42,stationary,-5,test
data/processed/test/3752-4944-0005__3-68630-B-40__0db__noisy.wav,data/processed/test/3752-4944-0005__3-68630-B-40__0db__clean.wav,3-68630-B-40,stationary,0,test
data/processed/test/3752-4944-0007__3-154758-A-44__neg5db__noisy.wav,data/processed/test/3752-4944-0007__3-154758-A-44__neg5db__clean.wav,3-154758-A-44,stationary,-5,test
data/processed/test/6345-93302-0020__3-136451-A-45__10db__noisy.wav,data/processed/test/6345-93302-0020__3-136451-A-45__10db__clean.wav,3-136451-A-45,stationary,10,test
data/processed/test/6313-66125-0015__2-122067-B-45__5db__noisy.wav,data/processed/test/6313-66125-0015__2-122067-B-45__5db__clean.wav,2-122067-B-45,stationary,5,test
data/processed/test/3752-4944-0039__5-251962-A-47__5db__noisy.wav,data/processed/test/3752-4944-0039__5-251962-A-47__5db__clean.wav,5-251962-A-47,stationary,5,test
data/processed/test/6313-76958-0016__1-25781-A-48__neg5db__noisy.wav,data/processed/test/6313-76958-0016__1-25781-A-48__neg5db__clean.wav,1-25781-A-48,impulsive,-5,test
data/processed/test/6345-93306-0000__854478__qubodup__120mm-mortar-shell-shot-2 (1)__5db__noisy.wav,data/processed/test/6345-93306-0000__854478__qubodup__120mm-mortar-shell-shot-2 (1)__5db__clean.wav,854478__qubodup__120mm-mortar-shell-shot-2 (1),impulsive,5,test
data/processed/test/6241-61943-0023__3-118658-A-41__10db__noisy.wav,data/processed/test/6241-61943-0023__3-118658-A-41__10db__clean.wav,3-118658-A-41,stationary,10,test
data/processed/test/6241-61943-0022__2-122067-B-45__5db__noisy.wav,data/processed/test/6241-61943-0022__2-122067-B-45__5db__clean.wav,2-122067-B-45,stationary,5,test
data/processed/test/6241-61943-0009__2-37806-A-40__10db__noisy.wav,data/processed/test/6241-61943-0009__2-37806-A-40__10db__clean.wav,2-37806-A-40,stationary,10,test
data/processed/test/6241-66616-0002__4-186938-A-44__0db__noisy.wav,data/processed/test/6241-66616-0002__4-186938-A-44__0db__clean.wav,4-186938-A-44,stationary,0,test
data/processed/test/6345-93302-0014__2-106487-A-44__5db__noisy.wav,data/processed/test/6345-93302-0014__2-106487-A-44__5db__clean.wav,2-106487-A-44,stationary,5,test
data/processed/test/3752-4944-0063__5-243783-A-44__neg5db__noisy.wav,data/processed/test/3752-4944-0063__5-243783-A-44__neg5db__clean.wav,5-243783-A-44,stationary,-5,test
data/processed/test/6345-93302-0002__4-186938-A-44__5db__noisy.wav,data/processed/test/6345-93302-0002__4-186938-A-44__5db__clean.wav,4-186938-A-44,stationary,5,test
data/processed/test/6345-64257-0001__5-251957-A-47__0db__noisy.wav,data/processed/test/6345-64257-0001__5-251957-A-47__0db__clean.wav,5-251957-A-47,stationary,0,test
data/processed/test/6345-93302-0014__5-197118-A-45__0db__noisy.wav,data/processed/test/6345-93302-0014__5-197118-A-45__0db__clean.wav,5-197118-A-45,stationary,0,test
data/processed/test/1919-142785-0023__2-135649-A-45__neg5db__noisy.wav,data/processed/test/1919-142785-0023__2-135649-A-45__neg5db__clean.wav,2-135649-A-45,stationary,-5,test
data/processed/test/3752-4944-0034__2-78781-A-47__10db__noisy.wav,data/processed/test/3752-4944-0034__2-78781-A-47__10db__clean.wav,2-78781-A-47,stationary,10,test
data/processed/test/2412-153948-0000__1-54084-A-42__10db__noisy.wav,data/processed/test/2412-153948-0000__1-54084-A-42__10db__clean.wav,1-54084-A-42,stationary,10,test
data/processed/test/6313-66129-0010__2-78781-A-47__10db__noisy.wav,data/processed/test/6313-66129-0010__2-78781-A-47__10db__clean.wav,2-78781-A-47,stationary,10,test
data/processed/test/6345-93302-0014__2-50668-A-41__neg5db__noisy.wav,data/processed/test/6345-93302-0014__2-50668-A-41__neg5db__clean.wav,2-50668-A-41,stationary,-5,test
data/processed/test/2412-153954-0014__3-68630-B-40__10db__noisy.wav,data/processed/test/2412-153954-0014__3-68630-B-40__10db__clean.wav,3-68630-B-40,stationary,10,test
data/processed/test/3752-4943-0001__0 (1)__10db__noisy.wav,data/processed/test/3752-4943-0001__0 (1)__10db__clean.wav,0 (1),impulsive,10,test
data/processed/test/6345-93306-0021__4-186938-A-44__neg5db__noisy.wav,data/processed/test/6345-93306-0021__4-186938-A-44__neg5db__clean.wav,4-186938-A-44,stationary,-5,test
data/processed/test/6313-66125-0010__5-160614-C-48__neg5db__noisy.wav,data/processed/test/6313-66125-0010__5-160614-C-48__neg5db__clean.wav,5-160614-C-48,impulsive,-5,test
data/processed/test/3752-4944-0012__2-37806-A-40__10db__noisy.wav,data/processed/test/3752-4944-0012__2-37806-A-40__10db__clean.wav,2-37806-A-40,stationary,10,test
data/processed/test/3752-4943-0000__1-172649-E-40__0db__noisy.wav,data/processed/test/3752-4943-0000__1-172649-E-40__0db__clean.wav,1-172649-E-40,stationary,0,test
data/processed/test/3752-4944-0038__5-197118-A-45__5db__noisy.wav,data/processed/test/3752-4944-0038__5-197118-A-45__5db__clean.wav,5-197118-A-45,stationary,5,test
data/processed/test/3752-4944-0061__4-201988-A-44__0db__noisy.wav,data/processed/test/3752-4944-0061__4-201988-A-44__0db__clean.wav,4-201988-A-44,stationary,0,test
data/processed/test/6345-93302-0010__2-106486-A-44__10db__noisy.wav,data/processed/test/6345-93302-0010__2-106486-A-44__10db__clean.wav,2-106486-A-44,stationary,10,test
data/processed/test/3752-4944-0045__2-106487-A-44__neg5db__noisy.wav,data/processed/test/3752-4944-0045__2-106487-A-44__neg5db__clean.wav,2-106487-A-44,stationary,-5,test
data/processed/test/6241-61943-0004__5-170338-B-41__10db__noisy.wav,data/processed/test/6241-61943-0004__5-170338-B-41__10db__clean.wav,5-170338-B-41,stationary,10,test
data/processed/test/6313-66125-0008__2-107228-B-44__0db__noisy.wav,data/processed/test/6313-66125-0008__2-107228-B-44__0db__clean.wav,2-107228-B-44,stationary,0,test
data/processed/test/3752-4943-0009__3-68630-B-40__10db__noisy.wav,data/processed/test/3752-4943-0009__3-68630-B-40__10db__clean.wav,3-68630-B-40,stationary,10,test
data/processed/test/3752-4944-0011__2-106487-A-44__neg5db__noisy.wav,data/processed/test/3752-4944-0011__2-106487-A-44__neg5db__clean.wav,2-106487-A-44,stationary,-5,test
data/processed/test/6345-64257-0008__2-72688-A-42__10db__noisy.wav,data/processed/test/6345-64257-0008__2-72688-A-42__10db__clean.wav,2-72688-A-42,stationary,10,test
data/processed/test/6313-76958-0013__3-68630-C-40__10db__noisy.wav,data/processed/test/6313-76958-0013__3-68630-C-40__10db__clean.wav,3-68630-C-40,stationary,10,test
data/processed/test/6241-61946-0011__2-37806-A-40__0db__noisy.wav,data/processed/test/6241-61946-0011__2-37806-A-40__0db__clean.wav,2-37806-A-40,stationary,0,test
data/processed/test/6345-93302-0019__2-122067-B-45__10db__noisy.wav,data/processed/test/6345-93302-0019__2-122067-B-45__10db__clean.wav,2-122067-B-45,stationary,10,test
data/processed/test/6241-61943-0016__3-138212-A-45__5db__noisy.wav,data/processed/test/6241-61943-0016__3-138212-A-45__5db__clean.wav,3-138212-A-45,stationary,5,test
data/processed/test/6313-66129-0034__563015__florianreichelt__a-loud-gunshot-in-the-woods__neg5db__noisy.wav,data/processed/test/6313-66129-0034__563015__florianreichelt__a-loud-gunshot-in-the-woods__neg5db__clean.wav,563015__florianreichelt__a-loud-gunshot-in-the-woods,impulsive,-5,test
data/processed/test/3752-4943-0025__4-175000-A-40__10db__noisy.wav,data/processed/test/3752-4943-0025__4-175000-A-40__10db__clean.wav,4-175000-A-40,stationary,10,test
data/processed/test/2412-153954-0010__3-157492-A-45__neg5db__noisy.wav,data/processed/test/2412-153954-0010__3-157492-A-45__neg5db__clean.wav,3-157492-A-45,stationary,-5,test
data/processed/test/6313-66129-0019__5-170338-B-41__5db__noisy.wav,data/processed/test/6313-66129-0019__5-170338-B-41__5db__clean.wav,5-170338-B-41,stationary,5,test
data/processed/test/6241-61946-0015__2-107228-B-44__neg5db__noisy.wav,data/processed/test/6241-61946-0015__2-107228-B-44__neg5db__clean.wav,2-107228-B-44,stationary,-5,test
data/processed/test/2412-153948-0010__3-157492-A-45__10db__noisy.wav,data/processed/test/2412-153948-0010__3-157492-A-45__10db__clean.wav,3-157492-A-45,stationary,10,test
data/processed/test/1919-142785-0063__563015__florianreichelt__a-loud-gunshot-in-the-woods__0db__noisy.wav,data/processed/test/1919-142785-0063__563015__florianreichelt__a-loud-gunshot-in-the-woods__0db__clean.wav,563015__florianreichelt__a-loud-gunshot-in-the-woods,impulsive,0,test
data/processed/test/6345-93302-0021__563015__florianreichelt__a-loud-gunshot-in-the-woods__5db__noisy.wav,data/processed/test/6345-93302-0021__563015__florianreichelt__a-loud-gunshot-in-the-woods__5db__clean.wav,563015__florianreichelt__a-loud-gunshot-in-the-woods,impulsive,5,test
data/processed/test/3752-4944-0000__4-119647-B-48__0db__noisy.wav,data/processed/test/3752-4944-0000__4-119647-B-48__0db__clean.wav,4-119647-B-48,impulsive,0,test
data/processed/test/6313-66129-0026__854478__qubodup__120mm-mortar-shell-shot-2 (1)__10db__noisy.wav,data/processed/test/6313-66129-0026__854478__qubodup__120mm-mortar-shell-shot-2 (1)__10db__clean.wav,854478__qubodup__120mm-mortar-shell-shot-2 (1),impulsive,10,test
data/processed/test/2412-153947-0016__5-251957-A-47__10db__noisy.wav,data/processed/test/2412-153947-0016__5-251957-A-47__10db__clean.wav,5-251957-A-47,stationary,10,test
data/processed/test/6241-61946-0002__5-170338-B-41__10db__noisy.wav,data/processed/test/6241-61946-0002__5-170338-B-41__10db__clean.wav,5-170338-B-41,stationary,10,test
data/processed/test/2412-153954-0007__3-154758-A-44__5db__noisy.wav,data/processed/test/2412-153954-0007__3-154758-A-44__5db__clean.wav,3-154758-A-44,stationary,5,test
data/processed/test/6241-61943-0017__5-240671-A-44__5db__noisy.wav,data/processed/test/6241-61943-0017__5-240671-A-44__5db__clean.wav,5-240671-A-44,stationary,5,test
data/processed/test/6345-93302-0021__5-160614-C-48__10db__noisy.wav,data/processed/test/6345-93302-0021__5-160614-C-48__10db__clean.wav,5-160614-C-48,impulsive,10,test
data/processed/test/3752-4944-0021__0 (1)__10db__noisy.wav,data/processed/test/3752-4944-0021__0 (1)__10db__clean.wav,0 (1),impulsive,10,test
data/processed/test/6313-66125-0020__4-175000-A-40__5db__noisy.wav,data/processed/test/6313-66125-0020__4-175000-A-40__5db__clean.wav,4-175000-A-40,stationary,5,test
data/processed/test/1919-142785-0013__2-78781-A-47__5db__noisy.wav,data/processed/test/1919-142785-0013__2-78781-A-47__5db__clean.wav,2-78781-A-47,stationary,5,test
data/processed/test/6313-66125-0011__3-157492-A-45__0db__noisy.wav,data/processed/test/6313-66125-0011__3-157492-A-45__0db__clean.wav,3-157492-A-45,stationary,0,test
data/processed/test/3752-4944-0062__4-175000-A-40__5db__noisy.wav,data/processed/test/3752-4944-0062__4-175000-A-40__5db__clean.wav,4-175000-A-40,stationary,5,test
data/processed/test/6345-93302-0027__4-201988-A-44__neg5db__noisy.wav,data/processed/test/6345-93302-0027__4-201988-A-44__neg5db__clean.wav,4-201988-A-44,stationary,-5,test
data/processed/test/1919-142785-0055__5-205898-A-40__5db__noisy.wav,data/processed/test/1919-142785-0055__5-205898-A-40__5db__clean.wav,5-205898-A-40,stationary,5,test
data/processed/test/2412-153954-0018__2-106486-A-44__neg5db__noisy.wav,data/processed/test/2412-153954-0018__2-106486-A-44__neg5db__clean.wav,2-106486-A-44,stationary,-5,test
data/processed/test/1919-142785-0061__3-51731-B-42__0db__noisy.wav,data/processed/test/1919-142785-0061__3-51731-B-42__0db__clean.wav,3-51731-B-42,stationary,0,test
data/processed/test/6313-66125-0025__1-54084-A-42__0db__noisy.wav,data/processed/test/6313-66125-0025__1-54084-A-42__0db__clean.wav,1-54084-A-42,stationary,0,test
data/processed/test/6345-93306-0023__2-122067-B-45__10db__noisy.wav,data/processed/test/6345-93306-0023__2-122067-B-45__10db__clean.wav,2-122067-B-45,stationary,10,test
data/processed/test/3752-4944-0045__2-70052-A-42__5db__noisy.wav,data/processed/test/3752-4944-0045__2-70052-A-42__5db__clean.wav,2-70052-A-42,stationary,5,test
data/processed/test/6313-66125-0019__5-197118-A-45__0db__noisy.wav,data/processed/test/6313-66125-0019__5-197118-A-45__0db__clean.wav,5-197118-A-45,stationary,0,test
data/processed/test/6345-93302-0018__563015__florianreichelt__a-loud-gunshot-in-the-woods__0db__noisy.wav,data/processed/test/6345-93302-0018__563015__florianreichelt__a-loud-gunshot-in-the-woods__0db__clean.wav,563015__florianreichelt__a-loud-gunshot-in-the-woods,impulsive,0,test
data/processed/test/6313-76958-0025__5-170338-B-41__neg5db__noisy.wav,data/processed/test/6313-76958-0025__5-170338-B-41__neg5db__clean.wav,5-170338-B-41,stationary,-5,test
data/processed/test/6241-61943-0005__3-118658-A-41__5db__noisy.wav,data/processed/test/6241-61943-0005__3-118658-A-41__5db__clean.wav,3-118658-A-41,stationary,5,test
data/processed/test/6313-76958-0027__3-138212-A-45__0db__noisy.wav,data/processed/test/6313-76958-0027__3-138212-A-45__0db__clean.wav,3-138212-A-45,stationary,0,test
data/processed/test/6241-61943-0021__563015__florianreichelt__a-loud-gunshot-in-the-woods__neg5db__noisy.wav,data/processed/test/6241-61943-0021__563015__florianreichelt__a-loud-gunshot-in-the-woods__neg5db__clean.wav,563015__florianreichelt__a-loud-gunshot-in-the-woods,impulsive,-5,test
data/processed/test/1919-142785-0040__2-106487-A-44__0db__noisy.wav,data/processed/test/1919-142785-0040__2-106487-A-44__0db__clean.wav,2-106487-A-44,stationary,0,test
data/processed/test/6313-66129-0017__4-251959-A-47__10db__noisy.wav,data/processed/test/6313-66129-0017__4-251959-A-47__10db__clean.wav,4-251959-A-47,stationary,10,test
data/processed/test/6345-93302-0026__5-209992-B-44__0db__noisy.wav,data/processed/test/6345-93302-0026__5-209992-B-44__0db__clean.wav,5-209992-B-44,stationary,0,test
data/processed/test/6345-64257-0005__3-68630-B-40__10db__noisy.wav,data/processed/test/6345-64257-0005__3-68630-B-40__10db__clean.wav,3-68630-B-40,stationary,10,test
data/processed/test/3752-4944-0045__1-25781-A-48__10db__noisy.wav,data/processed/test/3752-4944-0045__1-25781-A-48__10db__clean.wav,1-25781-A-48,impulsive,10,test
data/processed/test/3752-4944-0050__5-197118-A-45__5db__noisy.wav,data/processed/test/3752-4944-0050__5-197118-A-45__5db__clean.wav,5-197118-A-45,stationary,5,test
data/processed/test/6345-64257-0014__5-243783-A-44__5db__noisy.wav,data/processed/test/6345-64257-0014__5-243783-A-44__5db__clean.wav,5-243783-A-44,stationary,5,test
data/processed/test/3752-4943-0008__4-175000-A-40__neg5db__noisy.wav,data/processed/test/3752-4943-0008__4-175000-A-40__neg5db__clean.wav,4-175000-A-40,stationary,-5,test
data/processed/test/6313-66129-0007__1-54084-A-42__10db__noisy.wav,data/processed/test/6313-66129-0007__1-54084-A-42__10db__clean.wav,1-54084-A-42,stationary,10,test
data/processed/test/6345-93302-0025__3-157492-A-45__5db__noisy.wav,data/processed/test/6345-93302-0025__3-157492-A-45__5db__clean.wav,3-157492-A-45,stationary,5,test
data/processed/test/2412-153947-0000__5-251962-A-47__neg5db__noisy.wav,data/processed/test/2412-153947-0000__5-251962-A-47__neg5db__clean.wav,5-251962-A-47,stationary,-5,test
data/processed/test/6345-93302-0015__3-51909-B-42__0db__noisy.wav,data/processed/test/6345-93302-0015__3-51909-B-42__0db__clean.wav,3-51909-B-42,stationary,0,test
data/processed/test/6241-61943-0017__2-106486-A-44__0db__noisy.wav,data/processed/test/6241-61943-0017__2-106486-A-44__0db__clean.wav,2-106486-A-44,stationary,0,test
data/processed/test/6241-61946-0012__4-119647-B-48__5db__noisy.wav,data/processed/test/6241-61946-0012__4-119647-B-48__5db__clean.wav,4-119647-B-48,impulsive,5,test
data/processed/test/1919-142785-0016__1-172649-E-40__5db__noisy.wav,data/processed/test/1919-142785-0016__1-172649-E-40__5db__clean.wav,1-172649-E-40,stationary,5,test
data/processed/test/6345-93302-0027__563015__florianreichelt__a-loud-gunshot-in-the-woods__0db__noisy.wav,data/processed/test/6345-93302-0027__563015__florianreichelt__a-loud-gunshot-in-the-woods__0db__clean.wav,563015__florianreichelt__a-loud-gunshot-in-the-woods,impulsive,0,test
data/processed/test/6313-66125-0013__5-160614-C-48__5db__noisy.wav,data/processed/test/6313-66125-0013__5-160614-C-48__5db__clean.wav,5-160614-C-48,impulsive,5,test
